#multi:
	mass A	mass B	
t	x	x	
0.000	-4.411E-3	4.487E-2
0.008	-4.455E-3	4.488E-2
0.017	-4.453E-3	4.487E-2
0.025	-4.451E-3	4.485E-2
0.034	-4.450E-3	4.485E-2
0.042	-4.448E-3	4.485E-2
0.050	-4.443E-3	4.486E-2
0.059	-4.431E-3	4.486E-2
0.067	-4.422E-3	4.486E-2
0.075	-4.280E-3	4.487E-2
0.084	-4.187E-3	4.488E-2
0.092	-4.005E-3	4.488E-2
0.101	-3.782E-3	4.490E-2
0.109	-3.515E-3	4.490E-2
0.117	-3.124E-3	4.490E-2
0.126	-2.608E-3	4.490E-2
0.134	-1.898E-3	4.491E-2
0.142	-1.014E-3	4.491E-2
0.151	-1.414E-5	4.493E-2
0.159	1.019E-3	4.492E-2
0.168	1.917E-3	4.492E-2
0.176	2.573E-3	4.498E-2
0.184	2.951E-3	4.504E-2
0.193	2.936E-3	4.511E-2
0.201	2.523E-3	4.515E-2
0.209	1.789E-3	4.519E-2
0.218	8.412E-4	4.517E-2
0.226	-1.749E-4	4.517E-2
0.235	-1.198E-3	4.513E-2
0.243	-2.064E-3	4.509E-2
0.251	-2.638E-3	4.499E-2
0.260	-3.047E-3	4.491E-2
0.268	-3.073E-3	4.479E-2
0.276	-2.812E-3	4.468E-2
0.285	-2.280E-3	4.460E-2
0.293	-1.479E-3	4.455E-2
0.302	-5.210E-4	4.456E-2
0.310	4.766E-4	4.462E-2
0.318	1.422E-3	4.468E-2
0.327	2.247E-3	4.483E-2
0.335	2.731E-3	4.500E-2
0.343	2.927E-3	4.519E-2
0.352	2.692E-3	4.536E-2
0.360	2.098E-3	4.553E-2
0.369	1.273E-3	4.563E-2
0.377	2.262E-4	4.562E-2
0.385	-7.639E-4	4.561E-2
0.394	-1.651E-3	4.551E-2
0.402	-2.368E-3	4.534E-2
0.410	-2.833E-3	4.511E-2
0.419	-3.022E-3	4.487E-2
0.427	-2.870E-3	4.463E-2
0.436	-2.438E-3	4.441E-2
0.444	-1.723E-3	4.425E-2
0.452	-8.924E-4	4.418E-2
0.461	5.049E-5	4.420E-2
0.469	1.010E-3	4.433E-2
0.477	1.826E-3	4.457E-2
0.486	2.477E-3	4.485E-2
0.494	2.745E-3	4.514E-2
0.503	2.711E-3	4.545E-2
0.511	2.303E-3	4.575E-2
0.519	1.587E-3	4.597E-2
0.528	6.856E-4	4.606E-2
0.536	-2.598E-4	4.605E-2
0.544	-1.195E-3	4.591E-2
0.553	-1.924E-3	4.564E-2
0.561	-2.501E-3	4.532E-2
0.570	-2.847E-3	4.495E-2
0.578	-2.844E-3	4.457E-2
0.586	-2.586E-3	4.423E-2
0.595	-2.056E-3	4.398E-2
0.603	-1.322E-3	4.386E-2
0.611	-4.742E-4	4.388E-2
0.620	4.300E-4	4.399E-2
0.628	1.331E-3	4.424E-2
0.637	2.028E-3	4.461E-2
0.645	2.476E-3	4.504E-2
0.653	2.574E-3	4.546E-2
0.662	2.295E-3	4.586E-2
0.670	1.791E-3	4.616E-2
0.678	1.041E-3	4.635E-2
0.687	1.282E-4	4.634E-2
0.695	-7.505E-4	4.624E-2
0.704	-1.548E-3	4.596E-2
0.712	-2.169E-3	4.559E-2
0.720	-2.602E-3	4.511E-2
0.729	-2.669E-3	4.462E-2
0.737	-2.595E-3	4.416E-2
0.746	-2.159E-3	4.380E-2
0.754	-1.582E-3	4.357E-2
0.762	-8.031E-4	4.350E-2
0.771	7.906E-5	4.363E-2
0.779	8.820E-4	4.393E-2
0.787	1.610E-3	4.435E-2
0.796	2.144E-3	4.488E-2
0.804	2.341E-3	4.539E-2
0.813	2.261E-3	4.587E-2
0.821	1.955E-3	4.629E-2
0.829	1.331E-3	4.657E-2
0.838	5.492E-4	4.665E-2
0.846	-3.095E-4	4.655E-2
0.854	-1.109E-3	4.626E-2
0.863	-1.724E-3	4.582E-2
0.871	-2.187E-3	4.527E-2
0.880	-2.427E-3	4.468E-2
0.888	-2.408E-3	4.412E-2
0.896	-2.174E-3	4.366E-2
0.905	-1.697E-3	4.335E-2
0.913	-1.053E-3	4.323E-2
0.921	-3.206E-4	4.331E-2
0.930	4.528E-4	4.357E-2
0.938	1.178E-3	4.401E-2
0.947	1.766E-3	4.460E-2
0.955	2.114E-3	4.525E-2
0.963	2.234E-3	4.585E-2
0.972	2.039E-3	4.637E-2
0.980	1.601E-3	4.673E-2
0.988	9.482E-4	4.690E-2
0.997	2.158E-4	4.685E-2
1.005	-5.225E-4	4.659E-2
1.014	-1.204E-3	4.610E-2
1.022	-1.705E-3	4.550E-2
1.030	-2.102E-3	4.482E-2
1.039	-2.196E-3	4.417E-2
1.047	-2.115E-3	4.359E-2
1.055	-1.819E-3	4.317E-2
1.064	-1.375E-3	4.300E-2
1.072	-7.408E-4	4.303E-2
1.081	-3.657E-5	4.328E-2
1.089	6.516E-4	4.375E-2
1.097	1.290E-3	4.439E-2
1.106	1.760E-3	4.509E-2
1.114	2.008E-3	4.578E-2
1.122	2.020E-3	4.640E-2
1.131	1.765E-3	4.689E-2
1.139	1.313E-3	4.716E-2
1.148	7.132E-4	4.716E-2
1.156	4.041E-5	4.693E-2
1.164	-6.169E-4	4.646E-2
1.173	-1.190E-3	4.582E-2
1.181	-1.646E-3	4.508E-2
1.189	-1.900E-3	4.434E-2
1.198	-1.917E-3	4.367E-2
1.206	-1.815E-3	4.315E-2
1.215	-1.466E-3	4.288E-2
1.223	-9.814E-4	4.284E-2
1.231	-4.187E-4	4.303E-2
1.240	2.012E-4	4.349E-2
1.248	8.005E-4	4.415E-2
1.256	1.277E-3	4.492E-2
1.265	1.592E-3	4.566E-2
1.273	1.760E-3	4.634E-2
1.282	1.671E-3	4.689E-2
1.290	1.365E-3	4.725E-2
1.298	9.102E-4	4.731E-2
1.307	3.979E-4	4.715E-2
1.315	-2.062E-4	4.670E-2
1.323	-7.610E-4	4.606E-2
1.332	-1.216E-3	4.529E-2
1.340	-1.549E-3	4.448E-2
1.349	-1.722E-3	4.371E-2
1.357	-1.707E-3	4.311E-2
1.365	-1.530E-3	4.273E-2
1.374	-1.226E-3	4.262E-2
1.382	-7.682E-4	4.278E-2
1.391	-2.592E-4	4.319E-2
1.399	2.502E-4	4.384E-2
1.407	7.706E-4	4.466E-2
1.416	1.119E-3	4.548E-2
1.424	1.365E-3	4.627E-2
1.432	1.513E-3	4.690E-2
1.441	1.364E-3	4.734E-2
1.449	1.114E-3	4.752E-2
1.458	6.807E-4	4.736E-2
1.466	1.964E-4	4.696E-2
1.474	-2.841E-4	4.634E-2
1.483	-7.594E-4	4.556E-2
1.491	-1.180E-3	4.472E-2
1.499	-1.458E-3	4.386E-2
1.508	-1.588E-3	4.319E-2
1.516	-1.578E-3	4.274E-2
1.525	-1.431E-3	4.256E-2
1.533	-1.144E-3	4.264E-2
1.541	-7.471E-4	4.299E-2
1.550	-2.763E-4	4.362E-2
1.558	1.914E-4	4.445E-2
1.566	6.418E-4	4.529E-2
1.575	1.037E-3	4.611E-2
1.583	1.190E-3	4.677E-2
1.592	1.285E-3	4.728E-2
1.600	1.172E-3	4.751E-2
1.608	9.367E-4	4.746E-2
1.617	6.109E-4	4.707E-2
1.625	1.744E-4	4.647E-2
1.633	-2.724E-4	4.572E-2
1.642	-6.987E-4	4.488E-2
1.650	-1.035E-3	4.401E-2
1.659	-1.257E-3	4.325E-2
1.667	-1.439E-3	4.271E-2
1.675	-1.439E-3	4.246E-2
1.684	-1.253E-3	4.251E-2
1.692	-9.980E-4	4.282E-2
1.700	-6.776E-4	4.338E-2
1.709	-2.622E-4	4.417E-2
1.717	1.753E-4	4.504E-2
1.726	6.075E-4	4.591E-2
1.734	9.007E-4	4.664E-2
1.742	1.113E-3	4.722E-2
1.751	1.205E-3	4.755E-2
1.759	1.135E-3	4.758E-2
1.767	9.154E-4	4.733E-2
1.776	6.290E-4	4.680E-2
1.784	2.289E-4	4.605E-2
1.793	-1.860E-4	4.522E-2
1.801	-5.701E-4	4.437E-2
1.809	-9.702E-4	4.354E-2
1.818	-1.224E-3	4.293E-2
1.826	-1.372E-3	4.258E-2
1.834	-1.423E-3	4.252E-2
1.843	-1.269E-3	4.274E-2
1.851	-1.022E-3	4.326E-2
1.860	-7.368E-4	4.396E-2
1.868	-3.063E-4	4.484E-2
1.876	1.401E-4	4.571E-2
1.885	5.204E-4	4.649E-2
1.893	8.596E-4	4.711E-2
1.901	1.099E-3	4.752E-2
1.910	1.206E-3	4.760E-2
1.918	1.179E-3	4.742E-2
1.927	1.025E-3	4.695E-2
1.935	6.765E-4	4.626E-2
1.943	3.536E-4	4.546E-2
1.952	-7.007E-5	4.461E-2
1.960	-5.146E-4	4.377E-2
1.968	-9.068E-4	4.308E-2
1.977	-1.222E-3	4.266E-2
1.985	-1.404E-3	4.250E-2
1.994	-1.454E-3	4.266E-2
2.002	-1.378E-3	4.304E-2
2.010	-1.166E-3	4.371E-2
2.019	-7.953E-4	4.451E-2
2.027	-4.127E-4	4.537E-2
2.035	1.651E-5	4.616E-2
2.044	4.269E-4	4.682E-2
2.052	8.425E-4	4.726E-2
2.061	1.097E-3	4.745E-2
2.069	1.295E-3	4.733E-2
2.077	1.308E-3	4.697E-2
2.086	1.108E-3	4.633E-2
2.094	8.348E-4	4.557E-2
2.103	4.214E-4	4.474E-2
2.111	-3.696E-5	4.391E-2
2.119	-5.060E-4	4.323E-2
2.128	-9.494E-4	4.277E-2
2.136	-1.250E-3	4.258E-2
2.144	-1.464E-3	4.263E-2
2.153	-1.493E-3	4.296E-2
2.161	-1.433E-3	4.353E-2
2.170	-1.208E-3	4.428E-2
2.178	-8.403E-4	4.510E-2
2.186	-4.267E-4	4.588E-2
2.195	6.933E-5	4.655E-2
2.203	5.268E-4	4.703E-2
2.211	9.175E-4	4.728E-2
2.220	1.287E-3	4.725E-2
2.228	1.439E-3	4.692E-2
2.237	1.389E-3	4.639E-2
2.245	1.215E-3	4.572E-2
2.253	8.536E-4	4.496E-2
2.262	3.957E-4	4.416E-2
2.270	-1.004E-4	4.348E-2
2.278	-6.526E-4	4.299E-2
2.287	-1.146E-3	4.273E-2
2.295	-1.479E-3	4.276E-2
2.304	-1.700E-3	4.301E-2
2.312	-1.721E-3	4.349E-2
2.320	-1.630E-3	4.416E-2
2.329	-1.339E-3	4.492E-2
2.337	-9.497E-4	4.568E-2
2.345	-4.140E-4	4.635E-2
2.354	1.548E-4	4.683E-2
2.362	6.573E-4	4.713E-2
2.371	1.126E-3	4.717E-2
2.379	1.514E-3	4.698E-2
2.387	1.619E-3	4.653E-2
2.396	1.564E-3	4.590E-2
2.404	1.317E-3	4.519E-2
2.412	8.800E-4	4.444E-2
2.421	3.594E-4	4.377E-2
2.429	-2.567E-4	4.324E-2
2.438	-8.055E-4	4.297E-2
2.446	-1.313E-3	4.293E-2
2.454	-1.692E-3	4.309E-2
2.463	-1.907E-3	4.346E-2
2.471	-1.912E-3	4.403E-2
2.479	-1.694E-3	4.472E-2
2.488	-1.360E-3	4.540E-2
2.496	-8.503E-4	4.604E-2
2.505	-2.644E-4	4.654E-2
2.513	3.765E-4	4.689E-2
2.521	9.408E-4	4.699E-2
2.530	1.442E-3	4.688E-2
2.538	1.767E-3	4.652E-2
2.546	1.807E-3	4.601E-2
2.555	1.714E-3	4.537E-2
2.563	1.319E-3	4.470E-2
2.572	7.846E-4	4.408E-2
2.580	1.410E-4	4.360E-2
2.588	-5.351E-4	4.327E-2
2.597	-1.187E-3	4.316E-2
2.605	-1.675E-3	4.327E-2
2.613	-1.962E-3	4.355E-2
2.622	-2.139E-3	4.399E-2
2.630	-2.080E-3	4.459E-2
2.639	-1.738E-3	4.523E-2
2.647	-1.252E-3	4.584E-2
2.655	-6.753E-4	4.631E-2
2.664	-3.188E-7	4.665E-2
2.672	6.785E-4	4.679E-2
2.680	1.317E-3	4.674E-2
2.689	1.788E-3	4.646E-2
2.697	2.035E-3	4.603E-2
2.706	2.032E-3	4.550E-2
2.714	1.781E-3	4.493E-2
2.722	1.294E-3	4.437E-2
2.731	6.452E-4	4.390E-2
2.739	-5.834E-5	4.356E-2
2.747	-7.867E-4	4.340E-2
2.756	-1.415E-3	4.344E-2
2.764	-1.890E-3	4.367E-2
2.773	-2.151E-3	4.403E-2
2.781	-2.191E-3	4.448E-2
2.789	-1.968E-3	4.501E-2
2.798	-1.574E-3	4.557E-2
2.806	-1.002E-3	4.602E-2
2.815	-2.701E-4	4.633E-2
2.823	4.618E-4	4.650E-2
2.831	1.166E-3	4.650E-2
2.840	1.795E-3	4.630E-2
2.848	2.220E-3	4.598E-2
2.856	2.344E-3	4.555E-2
2.865	2.218E-3	4.508E-2
2.873	1.807E-3	4.459E-2
2.882	1.167E-3	4.418E-2
2.890	4.073E-4	4.387E-2
2.898	-3.941E-4	4.372E-2
2.907	-1.143E-3	4.371E-2
2.915	-1.728E-3	4.384E-2
2.923	-2.125E-3	4.414E-2
2.932	-2.302E-3	4.452E-2
2.940	-2.257E-3	4.491E-2
2.949	-1.940E-3	4.534E-2
2.957	-1.408E-3	4.574E-2
2.965	-7.224E-4	4.603E-2
2.974	6.070E-5	4.622E-2
2.982	8.646E-4	4.626E-2
2.990	1.582E-3	4.615E-2
2.999	2.116E-3	4.593E-2
3.007	2.395E-3	4.561E-2
3.016	2.319E-3	4.524E-2
3.024	2.036E-3	4.487E-2
3.032	1.479E-3	4.450E-2
3.041	6.979E-4	4.422E-2
3.049	-1.134E-4	4.402E-2
3.057	-9.418E-4	4.398E-2
3.066	-1.650E-3	4.405E-2
3.074	-2.164E-3	4.421E-2
3.083	-2.440E-3	4.445E-2
3.091	-2.581E-3	4.479E-2
3.099	-2.372E-3	4.513E-2
3.108	-1.892E-3	4.541E-2
3.116	-1.214E-3	4.565E-2
3.124	-4.342E-4	4.581E-2
3.133	3.889E-4	4.585E-2
3.141	1.175E-3	4.582E-2
3.150	1.853E-3	4.564E-2
3.158	2.270E-3	4.539E-2
3.166	2.457E-3	4.513E-2
3.175	2.267E-3	4.487E-2
3.183	1.803E-3	4.461E-2
3.191	1.105E-3	4.441E-2
3.200	2.457E-4	4.426E-2
3.208	-6.425E-4	4.419E-2
3.217	-1.431E-3	4.422E-2
3.225	-2.101E-3	4.434E-2
3.233	-2.507E-3	4.452E-2
3.242	-2.655E-3	4.468E-2
3.250	-2.582E-3	4.491E-2
3.258	-2.182E-3	4.513E-2
3.267	-1.619E-3	4.532E-2
3.275	-8.813E-4	4.542E-2
3.284	-3.952E-5	4.546E-2
3.292	8.223E-4	4.550E-2
3.300	1.601E-3	4.543E-2
3.309	2.215E-3	4.530E-2
3.317	2.495E-3	4.514E-2
3.325	2.473E-3	4.496E-2
3.334	2.086E-3	4.482E-2
3.342	1.478E-3	4.469E-2
3.351	6.531E-4	4.461E-2
3.359	-2.395E-4	4.458E-2
3.367	-1.115E-3	4.461E-2
3.376	-1.854E-3	4.465E-2
3.384	-2.385E-3	4.470E-2
3.392	-2.646E-3	4.481E-2
3.401	-2.646E-3	4.491E-2
3.409	-2.394E-3	4.503E-2
3.418	-1.906E-3	4.512E-2
3.426	-1.205E-3	4.516E-2
3.434	-3.717E-4	4.518E-2
3.443	4.565E-4	4.516E-2
3.451	1.294E-3	4.515E-2
3.459	1.997E-3	4.511E-2
3.468	2.455E-3	4.507E-2
3.476	2.545E-3	4.503E-2
3.485	2.318E-3	4.501E-2
3.493	1.813E-3	4.500E-2
3.501	1.079E-3	4.501E-2
3.510	2.218E-4	4.503E-2
3.518	-6.768E-4	4.503E-2
3.527	-1.458E-3	4.504E-2
3.535	-2.085E-3	4.505E-2
3.543	-2.485E-3	4.506E-2
3.552	-2.635E-3	4.507E-2
3.560	-2.539E-3	4.507E-2
3.568	-2.126E-3	4.506E-2
3.577	-1.515E-3	4.506E-2
3.585	-7.657E-4	4.507E-2
3.594	1.269E-4	4.507E-2
3.602	9.667E-4	4.508E-2
3.610	1.707E-3	4.509E-2
3.619	2.227E-3	4.514E-2
3.627	2.480E-3	4.517E-2
3.635	2.443E-3	4.522E-2
3.644	2.049E-3	4.532E-2
3.652	1.385E-3	4.535E-2
3.661	5.975E-4	4.535E-2
3.669	-2.718E-4	4.535E-2
3.677	-1.124E-3	4.534E-2
3.686	-1.817E-3	4.529E-2
3.694	-2.349E-3	4.518E-2
3.702	-2.613E-3	4.507E-2
3.711	-2.608E-3	4.493E-2
3.719	-2.339E-3	4.482E-2
3.728	-1.802E-3	4.471E-2
3.736	-1.152E-3	4.465E-2
3.744	-3.113E-4	4.464E-2
3.753	5.531E-4	4.467E-2
3.761	1.318E-3	4.473E-2
3.769	1.986E-3	4.486E-2
3.778	2.305E-3	4.503E-2
3.786	2.394E-3	4.520E-2
3.795	2.103E-3	4.535E-2
3.803	1.583E-3	4.550E-2
3.811	8.605E-4	4.559E-2
3.820	1.951E-5	4.559E-2
3.828	-8.090E-4	4.558E-2
3.836	-1.517E-3	4.547E-2
3.845	-2.145E-3	4.532E-2
3.853	-2.442E-3	4.511E-2
3.862	-2.623E-3	4.488E-2
3.870	-2.418E-3	4.465E-2
3.878	-2.012E-3	4.445E-2
3.887	-1.433E-3	4.434E-2
3.895	-6.970E-4	4.431E-2
3.903	1.493E-4	4.437E-2
3.912	9.185E-4	4.446E-2
3.920	1.603E-3	4.466E-2
3.929	2.050E-3	4.490E-2
3.937	2.242E-3	4.517E-2
3.945	2.206E-3	4.543E-2
3.954	1.771E-3	4.564E-2
3.962	1.136E-3	4.581E-2
3.970	3.916E-4	4.586E-2
3.979	-4.387E-4	4.583E-2
3.987	-1.209E-3	4.571E-2
3.996	-1.821E-3	4.550E-2
4.004	-2.240E-3	4.523E-2
4.012	-2.452E-3	4.491E-2
4.021	-2.445E-3	4.458E-2
4.029	-2.175E-3	4.431E-2
4.037	-1.668E-3	4.414E-2
4.046	-1.005E-3	4.401E-2
4.054	-2.573E-4	4.402E-2
4.063	4.936E-4	4.415E-2
4.071	1.195E-3	4.440E-2
4.079	1.759E-3	4.473E-2
4.088	2.041E-3	4.508E-2
4.096	2.071E-3	4.546E-2
4.104	1.826E-3	4.582E-2
4.113	1.347E-3	4.605E-2
4.121	6.704E-4	4.620E-2
4.130	-6.106E-5	4.621E-2
4.138	-7.929E-4	4.607E-2
4.146	-1.447E-3	4.580E-2
4.155	-1.926E-3	4.544E-2
4.163	-2.189E-3	4.500E-2
4.172	-2.311E-3	4.461E-2
4.180	-2.151E-3	4.422E-2
4.188	-1.732E-3	4.393E-2
4.197	-1.193E-3	4.375E-2
4.205	-5.144E-4	4.372E-2
4.213	1.932E-4	4.386E-2
4.222	8.934E-4	4.416E-2
4.230	1.523E-3	4.455E-2
4.239	1.876E-3	4.502E-2
4.247	2.030E-3	4.550E-2
4.255	1.938E-3	4.591E-2
4.264	1.569E-3	4.624E-2
4.272	1.045E-3	4.646E-2
4.280	3.956E-4	4.648E-2
4.289	-2.879E-4	4.638E-2
4.297	-9.458E-4	4.611E-2
4.306	-1.469E-3	4.569E-2
4.314	-1.865E-3	4.522E-2
4.322	-2.078E-3	4.473E-2
4.331	-2.101E-3	4.423E-2
4.339	-1.802E-3	4.384E-2
4.347	-1.415E-3	4.360E-2
4.356	-8.527E-4	4.355E-2
4.364	-2.496E-4	4.366E-2
4.373	4.129E-4	4.392E-2
4.381	1.053E-3	4.436E-2
4.389	1.536E-3	4.488E-2
4.398	1.787E-3	4.540E-2
4.406	1.802E-3	4.589E-2
4.414	1.593E-3	4.630E-2
4.423	1.184E-3	4.659E-2
4.431	6.487E-4	4.669E-2
4.440	6.713E-6	4.659E-2
4.448	-5.749E-4	4.629E-2
4.456	-1.154E-3	4.586E-2
4.465	-1.564E-3	4.532E-2
4.473	-1.868E-3	4.475E-2
4.481	-1.933E-3	4.415E-2
4.490	-1.794E-3	4.369E-2
4.498	-1.501E-3	4.337E-2
4.507	-1.042E-3	4.327E-2
4.515	-5.063E-4	4.332E-2
4.523	9.808E-5	4.357E-2
4.532	6.344E-4	4.398E-2
4.540	1.107E-3	4.455E-2
4.548	1.490E-3	4.518E-2
4.557	1.569E-3	4.576E-2
4.565	1.546E-3	4.628E-2
4.574	1.315E-3	4.665E-2
4.582	8.828E-4	4.684E-2
4.590	3.944E-4	4.686E-2
4.599	-1.417E-4	4.659E-2
4.607	-7.341E-4	4.612E-2
4.615	-1.199E-3	4.555E-2
4.624	-1.487E-3	4.490E-2
4.632	-1.685E-3	4.426E-2
4.641	-1.683E-3	4.370E-2
4.649	-1.490E-3	4.328E-2
4.657	-1.210E-3	4.307E-2
4.666	-7.678E-4	4.306E-2
4.674	-2.711E-4	4.329E-2
4.682	2.128E-4	4.372E-2
4.691	6.842E-4	4.432E-2
4.699	1.098E-3	4.499E-2
4.708	1.333E-3	4.566E-2
4.716	1.390E-3	4.624E-2
4.724	1.316E-3	4.670E-2
4.733	1.068E-3	4.696E-2
4.741	6.527E-4	4.696E-2
4.749	1.894E-4	4.675E-2
4.758	-2.766E-4	4.632E-2
4.766	-7.388E-4	4.575E-2
4.775	-1.104E-3	4.509E-2
4.783	-1.405E-3	4.439E-2
4.791	-1.484E-3	4.376E-2
4.800	-1.468E-3	4.327E-2
4.808	-1.250E-3	4.300E-2
4.816	-9.800E-4	4.296E-2
4.825	-5.576E-4	4.315E-2
4.833	-1.012E-4	4.357E-2
4.842	3.571E-4	4.414E-2
4.850	7.333E-4	4.485E-2
4.858	1.068E-3	4.554E-2
4.867	1.241E-3	4.620E-2
4.875	1.266E-3	4.672E-2
4.884	1.113E-3	4.704E-2
4.892	8.732E-4	4.711E-2
4.900	5.320E-4	4.697E-2
4.909	1.362E-4	4.655E-2
4.917	-2.845E-4	4.598E-2
4.925	-7.026E-4	4.532E-2
4.934	-9.921E-4	4.459E-2
4.942	-1.219E-3	4.391E-2
4.951	-1.271E-3	4.334E-2
4.959	-1.227E-3	4.299E-2
4.967	-1.075E-3	4.287E-2
4.976	-7.983E-4	4.300E-2
4.984	-4.929E-4	4.334E-2
4.992	-7.854E-5	4.391E-2
5.001	3.043E-4	4.463E-2
5.009	6.405E-4	4.537E-2
5.018	8.870E-4	4.603E-2
5.026	1.083E-3	4.661E-2
5.034	1.107E-3	4.698E-2
5.043	1.034E-3	4.715E-2
5.051	7.737E-4	4.704E-2
5.059	4.365E-4	4.668E-2
5.068	1.251E-4	4.615E-2
5.076	-2.698E-4	4.549E-2
5.085	-5.742E-4	4.479E-2
5.093	-8.839E-4	4.405E-2
5.101	-1.080E-3	4.344E-2
5.110	-1.218E-3	4.302E-2
5.118	-1.208E-3	4.284E-2
5.126	-1.025E-3	4.288E-2
5.135	-7.836E-4	4.318E-2
5.143	-5.081E-4	4.373E-2
5.152	-1.105E-4	4.441E-2
5.160	2.069E-4	4.516E-2
5.168	5.511E-4	4.586E-2
5.177	8.007E-4	4.647E-2
5.185	9.068E-4	4.693E-2
5.193	9.856E-4	4.718E-2
5.202	8.947E-4	4.718E-2
5.210	7.144E-4	4.687E-2
5.219	4.233E-4	4.636E-2
5.227	1.457E-4	4.570E-2
5.235	-2.079E-4	4.496E-2
5.244	-5.446E-4	4.424E-2
5.252	-8.015E-4	4.354E-2
5.260	-1.013E-3	4.306E-2
5.269	-1.160E-3	4.281E-2
5.277	-1.177E-3	4.281E-2
5.286	-1.028E-3	4.305E-2
5.294	-8.106E-4	4.352E-2
5.302	-5.229E-4	4.417E-2
5.311	-2.096E-4	4.492E-2
5.319	1.588E-4	4.566E-2
5.327	4.567E-4	4.628E-2
5.336	7.308E-4	4.678E-2
5.344	8.919E-4	4.706E-2
5.353	1.024E-3	4.704E-2
5.361	9.741E-4	4.682E-2
5.369	8.065E-4	4.636E-2
5.378	5.121E-4	4.575E-2
5.386	1.677E-4	4.506E-2
5.394	-1.577E-4	4.434E-2
5.403	-5.388E-4	4.367E-2
5.411	-8.075E-4	4.316E-2
5.420	-1.032E-3	4.287E-2
5.428	-1.212E-3	4.280E-2
5.436	-1.225E-3	4.299E-2
5.445	-1.161E-3	4.341E-2
5.453	-9.727E-4	4.400E-2
5.461	-6.779E-4	4.471E-2
5.470	-3.034E-4	4.543E-2
5.478	1.174E-4	4.609E-2
5.487	4.325E-4	4.660E-2
5.495	7.480E-4	4.693E-2
5.503	9.567E-4	4.703E-2
5.512	1.081E-3	4.688E-2
5.520	1.086E-3	4.651E-2
5.528	8.868E-4	4.595E-2
5.537	6.336E-4	4.530E-2
5.545	2.743E-4	4.461E-2
5.554	-9.681E-5	4.393E-2
5.562	-5.149E-4	4.337E-2
5.570	-8.352E-4	4.305E-2
5.579	-1.172E-3	4.293E-2
5.587	-1.279E-3	4.306E-2
5.596	-1.384E-3	4.340E-2
5.604	-1.262E-3	4.393E-2
5.612	-1.023E-3	4.459E-2
5.621	-7.369E-4	4.531E-2
5.629	-3.036E-4	4.597E-2
5.637	1.392E-4	4.652E-2
5.646	5.458E-4	4.688E-2
5.654	8.642E-4	4.705E-2
5.663	1.102E-3	4.696E-2
5.671	1.236E-3	4.665E-2
5.679	1.153E-3	4.614E-2
5.688	1.001E-3	4.553E-2
5.696	6.449E-4	4.488E-2
5.704	2.380E-4	4.421E-2
5.713	-2.082E-4	4.364E-2
5.721	-6.717E-4	4.327E-2
5.730	-1.043E-3	4.308E-2
5.738	-1.299E-3	4.312E-2
5.746	-1.486E-3	4.335E-2
5.755	-1.487E-3	4.379E-2
5.763	-1.394E-3	4.439E-2
5.771	-1.135E-3	4.504E-2
5.780	-7.534E-4	4.569E-2
5.788	-2.896E-4	4.625E-2
5.797	1.816E-4	4.665E-2
5.805	6.439E-4	4.687E-2
5.813	1.069E-3	4.689E-2
5.822	1.316E-3	4.666E-2
5.830	1.373E-3	4.624E-2
5.838	1.319E-3	4.569E-2
5.847	1.086E-3	4.510E-2
5.855	6.678E-4	4.447E-2
5.864	1.963E-4	4.392E-2
5.872	-2.997E-4	4.350E-2
5.880	-7.819E-4	4.330E-2
5.889	-1.208E-3	4.328E-2
5.897	-1.470E-3	4.346E-2
5.905	-1.653E-3	4.383E-2
5.914	-1.638E-3	4.437E-2
5.922	-1.449E-3	4.496E-2
5.931	-1.117E-3	4.554E-2
5.939	-6.818E-4	4.607E-2
5.947	-1.364E-4	4.646E-2
5.956	3.797E-4	4.670E-2
5.964	8.658E-4	4.674E-2
5.972	1.303E-3	4.656E-2
5.981	1.545E-3	4.622E-2
5.989	1.562E-3	4.575E-2
5.998	1.376E-3	4.521E-2
6.006	1.080E-3	4.463E-2
6.014	6.172E-4	4.413E-2
6.023	4.670E-5	4.373E-2
6.031	-5.320E-4	4.349E-2
6.039	-1.030E-3	4.343E-2
6.048	-1.448E-3	4.356E-2
6.056	-1.696E-3	4.385E-2
6.065	-1.774E-3	4.428E-2
6.073	-1.701E-3	4.479E-2
6.081	-1.431E-3	4.533E-2
6.090	-9.910E-4	4.582E-2
6.098	-4.566E-4	4.620E-2
6.106	1.466E-4	4.646E-2
6.115	7.027E-4	4.654E-2
6.123	1.191E-3	4.645E-2
6.132	1.563E-3	4.618E-2
6.140	1.758E-3	4.579E-2
6.148	1.714E-3	4.533E-2
6.157	1.393E-3	4.486E-2
6.165	9.385E-4	4.439E-2
6.173	3.841E-4	4.400E-2
6.182	-2.529E-4	4.374E-2
6.190	-8.838E-4	4.366E-2
6.199	-1.426E-3	4.373E-2
6.207	-1.751E-3	4.395E-2
6.215	-1.960E-3	4.429E-2
6.224	-1.943E-3	4.473E-2
6.232	-1.731E-3	4.517E-2
6.240	-1.377E-3	4.559E-2
6.249	-8.588E-4	4.595E-2
6.257	-2.587E-4	4.620E-2
6.266	3.991E-4	4.630E-2
6.274	1.000E-3	4.625E-2
6.282	1.505E-3	4.606E-2
6.291	1.772E-3	4.576E-2
6.299	1.820E-3	4.537E-2
6.308	1.654E-3	4.496E-2
6.316	1.294E-3	4.456E-2
6.324	7.023E-4	4.423E-2
6.333	4.598E-5	4.398E-2
6.341	-6.501E-4	4.389E-2
6.349	-1.253E-3	4.393E-2
6.358	-1.711E-3	4.407E-2
6.366	-2.032E-3	4.435E-2
6.375	-2.165E-3	4.469E-2
6.383	-2.045E-3	4.505E-2
6.391	-1.709E-3	4.541E-2
6.400	-1.215E-3	4.572E-2
6.408	-6.078E-4	4.594E-2
6.416	7.671E-5	4.606E-2
6.425	6.794E-4	4.605E-2
6.433	1.310E-3	4.593E-2
6.442	1.762E-3	4.573E-2
6.450	1.988E-3	4.544E-2
6.458	1.933E-3	4.509E-2
6.467	1.576E-3	4.479E-2
6.475	1.085E-3	4.451E-2
6.483	4.153E-4	4.429E-2
6.492	-2.852E-4	4.420E-2
6.500	-9.765E-4	4.419E-2
6.509	-1.554E-3	4.427E-2
6.517	-1.963E-3	4.443E-2
6.525	-2.170E-3	4.466E-2
6.534	-2.163E-3	4.493E-2
6.542	-1.924E-3	4.520E-2
6.550	-1.465E-3	4.541E-2
6.559	-9.112E-4	4.559E-2
6.567	-2.245E-4	4.571E-2
6.576	4.727E-4	4.575E-2
6.584	1.127E-3	4.569E-2
6.592	1.680E-3	4.556E-2
6.601	2.005E-3	4.535E-2
6.609	2.037E-3	4.513E-2
6.617	1.826E-3	4.490E-2
6.626	1.373E-3	4.468E-2
6.634	7.252E-4	4.452E-2
6.643	-1.505E-5	4.443E-2
6.651	-7.445E-4	4.442E-2
6.659	-1.421E-3	4.446E-2
6.668	-1.917E-3	4.458E-2
6.676	-2.190E-3	4.471E-2
6.684	-2.323E-3	4.489E-2
6.693	-2.166E-3	4.508E-2
6.701	-1.739E-3	4.526E-2
6.710	-1.233E-3	4.538E-2
6.718	-5.456E-4	4.548E-2
6.726	1.998E-4	4.552E-2
6.735	9.019E-4	4.551E-2
6.743	1.546E-3	4.544E-2
6.751	2.007E-3	4.530E-2
6.760	2.192E-3	4.516E-2
6.768	2.041E-3	4.503E-2
6.777	1.692E-3	4.491E-2
6.785	1.114E-3	4.483E-2
6.793	4.008E-4	4.480E-2
6.802	-3.219E-4	4.479E-2
6.810	-1.033E-3	4.479E-2
6.818	-1.634E-3	4.485E-2
6.827	-2.065E-3	4.490E-2
6.835	-2.293E-3	4.496E-2
6.844	-2.242E-3	4.505E-2
6.852	-1.970E-3	4.511E-2
6.860	-1.484E-3	4.517E-2
6.869	-8.731E-4	4.521E-2
6.877	-1.494E-4	4.518E-2
6.885	5.849E-4	4.517E-2
6.894	1.288E-3	4.514E-2
6.902	1.813E-3	4.513E-2
6.911	2.081E-3	4.507E-2
6.919	2.081E-3	4.505E-2
6.927	1.839E-3	4.504E-2
6.936	1.366E-3	4.503E-2
6.944	6.861E-4	4.504E-2
6.953	-4.082E-5	4.505E-2
6.961	-7.822E-4	4.506E-2
6.969	-1.430E-3	4.506E-2
6.978	-1.922E-3	4.507E-2
6.986	-2.185E-3	4.507E-2
6.994	-2.293E-3	4.507E-2
7.003	-2.139E-3	4.507E-2
7.011	-1.714E-3	4.504E-2
7.020	-1.160E-3	4.504E-2
7.028	-4.766E-4	4.504E-2
7.036	2.437E-4	4.505E-2
7.045	9.305E-4	4.507E-2
7.053	1.555E-3	4.508E-2
7.061	1.996E-3	4.513E-2
7.070	2.089E-3	4.517E-2
7.078	2.007E-3	4.521E-2
7.087	1.600E-3	4.525E-2
7.095	1.013E-3	4.532E-2
7.103	2.430E-4	4.533E-2
7.112	-4.971E-4	4.533E-2
7.120	-1.190E-3	4.532E-2
7.128	-1.710E-3	4.527E-2
7.137	-2.133E-3	4.517E-2
7.145	-2.254E-3	4.507E-2
7.154	-2.185E-3	4.494E-2
7.162	-1.913E-3	4.484E-2
7.170	-1.426E-3	4.478E-2
7.179	-7.751E-4	4.471E-2
7.187	-5.893E-5	4.468E-2
7.195	6.543E-4	4.469E-2
7.204	1.313E-3	4.479E-2
7.212	1.803E-3	4.491E-2
7.221	2.043E-3	4.507E-2
7.229	2.035E-3	4.522E-2
7.237	1.775E-3	4.537E-2
7.246	1.297E-3	4.549E-2
7.254	6.511E-4	4.558E-2
7.262	-5.111E-5	4.558E-2
7.271	-7.443E-4	4.556E-2
7.279	-1.369E-3	4.544E-2
7.288	-1.850E-3	4.528E-2
7.296	-2.128E-3	4.509E-2
7.304	-2.155E-3	4.487E-2
7.313	-1.935E-3	4.468E-2
7.321	-1.561E-3	4.451E-2
7.329	-1.013E-3	4.440E-2
7.338	-3.191E-4	4.438E-2
7.346	3.824E-4	4.441E-2
7.355	1.058E-3	4.454E-2
7.363	1.598E-3	4.473E-2
7.371	1.963E-3	4.494E-2
7.380	2.020E-3	4.518E-2
7.388	1.848E-3	4.539E-2
7.396	1.518E-3	4.559E-2
7.405	9.199E-4	4.573E-2
7.413	2.457E-4	4.577E-2
7.422	-4.527E-4	4.578E-2
7.430	-1.099E-3	4.563E-2
7.438	-1.631E-3	4.541E-2
7.447	-1.939E-3	4.513E-2
7.455	-2.109E-3	4.485E-2
7.463	-1.980E-3	4.458E-2
7.472	-1.707E-3	4.435E-2
7.480	-1.233E-3	4.418E-2
7.489	-6.834E-4	4.413E-2
7.497	-3.570E-5	4.416E-2
7.505	6.348E-4	4.428E-2
7.514	1.177E-3	4.450E-2
7.522	1.578E-3	4.478E-2
7.530	1.781E-3	4.513E-2
7.539	1.775E-3	4.545E-2
7.547	1.541E-3	4.576E-2
7.556	1.091E-3	4.596E-2
7.564	4.801E-4	4.607E-2
7.572	-1.527E-4	4.605E-2
7.581	-7.733E-4	4.588E-2
7.589	-1.274E-3	4.561E-2
7.597	-1.674E-3	4.531E-2
7.606	-1.914E-3	4.493E-2
7.614	-1.921E-3	4.456E-2
7.623	-1.710E-3	4.423E-2
7.631	-1.392E-3	4.399E-2
7.639	-9.202E-4	4.388E-2
7.648	-2.975E-4	4.391E-2
7.656	3.023E-4	4.403E-2
7.665	8.612E-4	4.428E-2
7.673	1.332E-3	4.462E-2
7.681	1.587E-3	4.504E-2
7.690	1.692E-3	4.545E-2
7.698	1.547E-3	4.582E-2
7.706	1.204E-3	4.608E-2
7.715	6.834E-4	4.624E-2
7.723	1.491E-4	4.625E-2
7.732	-4.556E-4	4.612E-2
7.740	-9.927E-4	4.583E-2
7.748	-1.441E-3	4.547E-2
7.757	-1.702E-3	4.507E-2
7.765	-1.800E-3	4.462E-2
7.773	-1.725E-3	4.420E-2
7.782	-1.468E-3	4.390E-2
7.790	-1.070E-3	4.372E-2
7.799	-5.716E-4	4.370E-2
7.807	-2.893E-5	4.380E-2
7.815	5.052E-4	4.407E-2
7.824	9.690E-4	4.447E-2
7.832	1.321E-3	4.492E-2
7.840	1.527E-3	4.538E-2
7.849	1.521E-3	4.581E-2
7.857	1.321E-3	4.616E-2
7.866	9.156E-4	4.640E-2
7.874	4.377E-4	4.648E-2
7.882	-6.676E-5	4.636E-2
7.891	-5.629E-4	4.606E-2
7.899	-9.999E-4	4.565E-2
7.907	-1.364E-3	4.516E-2
7.916	-1.508E-3	4.466E-2
7.924	-1.527E-3	4.417E-2
7.933	-1.444E-3	4.378E-2
7.941	-1.186E-3	4.353E-2
7.949	-7.585E-4	4.346E-2
7.958	-2.785E-4	4.355E-2
7.966	2.014E-4	4.378E-2
7.974	6.617E-4	4.419E-2
7.983	1.077E-3	4.469E-2
7.991	1.322E-3	4.524E-2
8.000	1.369E-3	4.577E-2
8.008	1.322E-3	4.618E-2
8.016	1.081E-3	4.648E-2
8.025	6.812E-4	4.659E-2
8.033	2.247E-4	4.651E-2
8.041	-2.533E-4	4.624E-2
8.050	-7.083E-4	4.583E-2
8.058	-1.030E-3	4.532E-2
8.067	-1.254E-3	4.477E-2
8.075	-1.406E-3	4.424E-2
8.083	-1.418E-3	4.376E-2
8.092	-1.216E-3	4.346E-2
8.100	-9.497E-4	4.333E-2
8.108	-5.350E-4	4.335E-2
8.117	-9.678E-5	4.356E-2
8.125	3.515E-4	4.396E-2
8.134	7.070E-4	4.449E-2
8.142	1.036E-3	4.507E-2
8.150	1.133E-3	4.564E-2
8.159	1.139E-3	4.611E-2
8.167	1.078E-3	4.647E-2
8.175	8.366E-4	4.666E-2
8.184	4.732E-4	4.668E-2
8.192	1.159E-4	4.643E-2
8.201	-3.208E-4	4.603E-2
8.209	-7.251E-4	4.551E-2
8.217	-9.921E-4	4.493E-2
8.226	-1.207E-3	4.434E-2
8.234	-1.242E-3	4.381E-2
8.242	-1.210E-3	4.341E-2
8.251	-1.008E-3	4.325E-2
8.259	-7.468E-4	4.326E-2
8.268	-4.119E-4	4.346E-2
8.276	-5.385E-5	4.383E-2
8.284	3.526E-4	4.439E-2
8.293	6.481E-4	4.501E-2
8.301	8.845E-4	4.564E-2
8.309	1.051E-3	4.615E-2
8.318	1.075E-3	4.657E-2
8.326	9.223E-4	4.679E-2
8.335	6.750E-4	4.679E-2
8.343	4.058E-4	4.660E-2
8.351	3.444E-5	4.620E-2
8.360	-3.029E-4	4.568E-2
8.368	-6.331E-4	4.507E-2
8.377	-9.146E-4	4.446E-2
8.385	-1.039E-3	4.388E-2
8.393	-1.031E-3	4.345E-2
8.402	-1.007E-3	4.321E-2
8.410	-8.329E-4	4.316E-2
8.418	-6.480E-4	4.334E-2
8.427	-3.237E-4	4.369E-2
8.435	-2.692E-5	4.420E-2
8.444	3.077E-4	4.483E-2
8.452	5.924E-4	4.548E-2
8.460	8.193E-4	4.605E-2
8.469	9.039E-4	4.651E-2
8.477	8.953E-4	4.679E-2
8.485	8.291E-4	4.687E-2
8.494	6.382E-4	4.675E-2
8.502	3.905E-4	4.640E-2
8.511	1.036E-4	4.589E-2
8.519	-2.654E-4	4.528E-2
8.527	-5.290E-4	4.465E-2
8.536	-7.614E-4	4.404E-2
8.544	-9.504E-4	4.352E-2
8.552	-9.694E-4	4.322E-2
8.561	-9.681E-4	4.310E-2
8.569	-8.025E-4	4.322E-2
8.578	-5.688E-4	4.352E-2
8.586	-2.946E-4	4.400E-2
8.594	-1.169E-5	4.461E-2
8.603	2.481E-4	4.527E-2
8.611	4.931E-4	4.589E-2
8.619	6.760E-4	4.638E-2
8.628	8.361E-4	4.675E-2
8.636	8.587E-4	4.689E-2
8.645	8.173E-4	4.683E-2
8.653	6.436E-4	4.650E-2
8.661	4.140E-4	4.601E-2
8.670	1.522E-4	4.542E-2
8.678	-1.214E-4	4.477E-2
8.686	-4.825E-4	4.416E-2
8.695	-7.299E-4	4.364E-2
8.703	-9.003E-4	4.329E-2
8.712	-9.830E-4	4.311E-2
8.720	-9.798E-4	4.315E-2
8.728	-8.600E-4	4.345E-2
8.737	-7.248E-4	4.390E-2
8.745	-4.750E-4	4.447E-2
8.753	-1.668E-4	4.512E-2
8.762	1.407E-4	4.576E-2
8.770	3.984E-4	4.629E-2
8.779	6.317E-4	4.667E-2
8.787	7.978E-4	4.686E-2
8.795	8.323E-4	4.688E-2
8.804	8.374E-4	4.666E-2
8.812	6.424E-4	4.623E-2
8.820	4.122E-4	4.565E-2
8.829	1.555E-4	4.502E-2
8.837	-1.326E-4	4.442E-2
8.846	-4.970E-4	4.385E-2
8.854	-7.526E-4	4.347E-2
8.862	-9.523E-4	4.324E-2
8.871	-1.017E-3	4.324E-2
8.879	-1.009E-3	4.347E-2
8.887	-9.612E-4	4.386E-2
8.896	-7.594E-4	4.440E-2
8.904	-5.135E-4	4.503E-2
8.913	-2.189E-4	4.567E-2
8.921	1.450E-4	4.620E-2
8.929	4.159E-4	4.662E-2
8.938	6.549E-4	4.687E-2
8.946	8.545E-4	4.691E-2
8.954	8.995E-4	4.673E-2
8.963	8.881E-4	4.634E-2
8.971	7.120E-4	4.581E-2
8.980	4.454E-4	4.520E-2
8.988	1.637E-4	4.459E-2
8.996	-1.730E-4	4.401E-2
9.005	-5.252E-4	4.357E-2
9.013	-7.866E-4	4.330E-2
9.021	-1.010E-3	4.324E-2
9.030	-1.154E-3	4.338E-2
9.038	-1.175E-3	4.374E-2
9.047	-1.038E-3	4.421E-2
9.055	-8.189E-4	4.480E-2
9.063	-5.483E-4	4.540E-2
9.072	-2.304E-4	4.595E-2
9.080	1.579E-4	4.641E-2
9.089	4.686E-4	4.670E-2
9.097	7.570E-4	4.677E-2
9.105	9.275E-4	4.666E-2
9.114	1.048E-3	4.635E-2
9.122	1.005E-3	4.586E-2
9.130	8.169E-4	4.530E-2
9.139	5.147E-4	4.473E-2
9.147	1.594E-4	4.417E-2
9.156	-2.531E-4	4.373E-2
9.164	-5.755E-4	4.343E-2
9.172	-9.436E-4	4.334E-2
9.181	-1.189E-3	4.344E-2
9.189	-1.258E-3	4.372E-2
9.197	-1.243E-3	4.413E-2
9.206	-1.147E-3	4.466E-2
9.214	-9.063E-4	4.522E-2
9.223	-5.377E-4	4.578E-2
9.231	-1.119E-4	4.622E-2
9.239	2.739E-4	4.652E-2
9.248	6.445E-4	4.664E-2
9.256	9.296E-4	4.659E-2
9.264	1.110E-3	4.631E-2
9.273	1.138E-3	4.589E-2
9.281	1.089E-3	4.538E-2
9.290	8.516E-4	4.485E-2
9.298	4.867E-4	4.435E-2
9.306	8.751E-5	4.392E-2
9.315	-3.780E-4	4.361E-2
9.323	-7.987E-4	4.351E-2
9.331	-1.163E-3	4.355E-2
9.340	-1.397E-3	4.373E-2
9.348	-1.473E-3	4.408E-2
9.357	-1.442E-3	4.457E-2
9.365	-1.228E-3	4.510E-2
9.373	-9.371E-4	4.559E-2
9.382	-5.107E-4	4.601E-2
9.390	-4.617E-5	4.631E-2
9.398	4.117E-4	4.647E-2
9.407	8.447E-4	4.646E-2
9.415	1.118E-3	4.627E-2
9.424	1.319E-3	4.595E-2
9.432	1.324E-3	4.554E-2
9.440	1.118E-3	4.505E-2
9.449	8.385E-4	4.459E-2
9.457	4.058E-4	4.418E-2
9.465	-6.633E-5	4.389E-2
9.474	-5.401E-4	4.372E-2
9.482	-9.858E-4	4.372E-2
9.491	-1.307E-3	4.389E-2
9.499	-1.498E-3	4.417E-2
9.507	-1.514E-3	4.457E-2
9.516	-1.456E-3	4.502E-2
9.524	-1.196E-3	4.549E-2
9.532	-7.692E-4	4.588E-2
9.541	-2.799E-4	4.615E-2
9.549	2.151E-4	4.633E-2
9.558	6.804E-4	4.632E-2
9.566	1.099E-3	4.621E-2
9.574	1.359E-3	4.596E-2
9.583	1.511E-3	4.560E-2
9.591	1.389E-3	4.518E-2
9.599	1.118E-3	4.474E-2
9.608	6.897E-4	4.436E-2
9.616	1.916E-4	4.407E-2
9.625	-3.110E-4	4.392E-2
9.633	-8.084E-4	4.391E-2
9.641	-1.225E-3	4.399E-2
9.650	-1.511E-3	4.420E-2
9.658	-1.690E-3	4.449E-2
9.666	-1.670E-3	4.486E-2
9.675	-1.451E-3	4.526E-2
9.683	-1.094E-3	4.562E-2
9.692	-6.234E-4	4.587E-2
9.700	-8.332E-5	4.604E-2
9.708	4.449E-4	4.608E-2
9.717	9.384E-4	4.602E-2
9.725	1.325E-3	4.583E-2
9.734	1.544E-3	4.553E-2
9.742	1.554E-3	4.519E-2
9.750	1.355E-3	4.484E-2
9.759	1.001E-3	4.452E-2
9.767	4.538E-4	4.423E-2
9.775	-8.184E-5	4.405E-2
9.784	-6.891E-4	4.397E-2
9.792	-1.207E-3	4.402E-2
9.801	-1.578E-3	4.419E-2
9.809	-1.807E-3	4.442E-2
9.817	-1.898E-3	4.470E-2
9.826	-1.717E-3	4.501E-2
9.834	-1.428E-3	4.534E-2
9.842	-9.722E-4	4.558E-2
9.851	-3.753E-4	4.577E-2
9.859	1.731E-4	4.583E-2
9.868	7.475E-4	4.579E-2
9.876	1.205E-3	4.566E-2
9.884	1.532E-3	4.542E-2
9.893	1.654E-3	4.515E-2
9.901	1.544E-3	4.488E-2
9.909	1.271E-3	4.463E-2
9.918	7.388E-4	4.441E-2
9.926	1.627E-4	4.424E-2
9.935	-4.530E-4	4.419E-2
9.943	-1.021E-3	4.420E-2
9.951	-1.485E-3	4.432E-2
9.960	-1.805E-3	4.451E-2
9.968	-1.950E-3	4.470E-2
9.976	-1.910E-3	4.492E-2
9.985	-1.645E-3	4.514E-2
9.993	-1.228E-3	4.534E-2
10.002	-7.078E-4	4.549E-2
10.010	-7.471E-5	4.557E-2
10.018	5.451E-4	4.557E-2
10.027	1.076E-3	4.552E-2
10.035	1.532E-3	4.536E-2
10.043	1.765E-3	4.517E-2
10.052	1.777E-3	4.497E-2
10.060	1.550E-3	4.478E-2
10.069	1.116E-3	4.463E-2
10.077	5.659E-4	4.452E-2
10.085	-8.293E-5	4.452E-2
10.094	-7.305E-4	4.449E-2
10.102	-1.244E-3	4.452E-2
10.110	-1.669E-3	4.462E-2
10.119	-1.905E-3	4.475E-2
10.127	-1.926E-3	4.489E-2
10.136	-1.732E-3	4.505E-2
10.144	-1.405E-3	4.517E-2
10.152	-9.178E-4	4.528E-2
10.161	-2.876E-4	4.534E-2
10.169	3.604E-4	4.534E-2
10.177	9.372E-4	4.531E-2
10.186	1.417E-3	4.525E-2
10.194	1.771E-3	4.515E-2
10.203	1.831E-3	4.504E-2
10.211	1.746E-3	4.492E-2
10.219	1.369E-3	4.485E-2
10.228	8.687E-4	4.479E-2
10.236	2.332E-4	4.477E-2
10.244	-4.304E-4	4.480E-2
10.253	-1.013E-3	4.483E-2
10.261	-1.479E-3	4.488E-2
10.270	-1.811E-3	4.492E-2
10.278	-1.921E-3	4.498E-2
10.286	-1.877E-3	4.504E-2
10.295	-1.623E-3	4.509E-2
10.303	-1.180E-3	4.515E-2
10.311	-5.821E-4	4.515E-2
10.320	-3.052E-6	4.515E-2
10.328	6.419E-4	4.513E-2
10.337	1.174E-3	4.510E-2
10.345	1.576E-3	4.510E-2
10.353	1.782E-3	4.505E-2
10.362	1.777E-3	4.504E-2
10.370	1.528E-3	4.504E-2
10.378	1.078E-3	4.505E-2
10.387	4.654E-4	4.506E-2
10.395	-1.920E-4	4.506E-2
10.404	-8.080E-4	4.507E-2
10.412	-1.348E-3	4.508E-2
10.420	-1.722E-3	4.509E-2
10.429	-1.927E-3	4.508E-2
10.437	-1.921E-3	4.508E-2
10.446	-1.709E-3	4.508E-2
10.454	-1.347E-3	4.507E-2
10.462	-8.267E-4	4.501E-2
10.471	-2.521E-4	4.502E-2
10.479	3.994E-4	4.504E-2
10.487	9.625E-4	4.506E-2
10.496	1.433E-3	4.509E-2
10.504	1.751E-3	4.511E-2
10.513	1.804E-3	4.516E-2
10.521	1.611E-3	4.521E-2
10.529	1.271E-3	4.522E-2
10.538	6.770E-4	4.531E-2
10.546	7.791E-5	4.533E-2
10.554	-5.686E-4	4.533E-2
10.563	-1.177E-3	4.531E-2
10.571	-1.626E-3	4.526E-2
10.580	-1.918E-3	4.516E-2
10.588	-1.960E-3	4.508E-2
10.596	-1.864E-3	4.495E-2
10.605	-1.556E-3	4.485E-2
10.613	-1.156E-3	4.479E-2
10.621	-5.410E-4	4.474E-2
10.630	1.166E-4	4.471E-2
10.638	6.761E-4	4.474E-2
10.647	1.195E-3	4.481E-2
10.655	1.555E-3	4.492E-2
10.663	1.753E-3	4.505E-2
10.672	1.662E-3	4.519E-2
10.680	1.358E-3	4.531E-2
10.688	8.992E-4	4.542E-2
10.697	3.538E-4	4.548E-2
10.705	-2.658E-4	4.551E-2
10.714	-8.658E-4	4.547E-2
10.722	-1.402E-3	4.536E-2
10.730	-1.719E-3	4.524E-2
10.739	-1.910E-3	4.508E-2
10.747	-1.896E-3	4.489E-2
10.755	-1.676E-3	4.470E-2
10.764	-1.252E-3	4.458E-2
10.772	-7.467E-4	4.449E-2
10.781	-1.574E-4	4.445E-2
10.789	4.084E-4	4.449E-2
10.797	9.358E-4	4.461E-2
10.806	1.350E-3	4.479E-2
10.814	1.585E-3	4.501E-2
10.822	1.607E-3	4.525E-2
10.831	1.451E-3	4.545E-2
10.839	1.081E-3	4.560E-2
10.848	6.014E-4	4.570E-2
10.856	-7.539E-6	4.575E-2
10.864	-5.635E-4	4.573E-2
10.873	-1.067E-3	4.558E-2
10.881	-1.484E-3	4.537E-2
10.889	-1.709E-3	4.513E-2
10.898	-1.739E-3	4.488E-2
10.906	-1.655E-3	4.463E-2
10.915	-1.388E-3	4.442E-2
10.923	-9.565E-4	4.430E-2
10.931	-4.225E-4	4.426E-2
10.940	1.592E-4	4.430E-2
10.948	6.655E-4	4.444E-2
10.956	1.119E-3	4.466E-2
10.965	1.455E-3	4.492E-2
10.973	1.555E-3	4.520E-2
10.982	1.516E-3	4.546E-2
10.990	1.203E-3	4.572E-2
10.998	7.966E-4	4.588E-2
11.007	2.205E-4	4.592E-2
11.015	-2.968E-4	4.595E-2
11.023	-7.907E-4	4.579E-2
11.032	-1.226E-3	4.555E-2
11.040	-1.497E-3	4.526E-2
11.049	-1.667E-3	4.493E-2
11.057	-1.655E-3	4.461E-2
11.065	-1.443E-3	4.434E-2
11.074	-1.110E-3	4.417E-2
11.082	-6.798E-4	4.409E-2
11.090	-1.385E-4	4.414E-2
11.099	3.686E-4	4.426E-2
11.107	8.457E-4	4.449E-2
11.116	1.183E-3	4.482E-2
11.124	1.362E-3	4.517E-2
11.132	1.379E-3	4.552E-2
11.141	1.255E-3	4.581E-2
11.149	8.810E-4	4.603E-2
11.158	4.442E-4	4.612E-2
11.166	-5.050E-5	4.609E-2
11.174	-5.301E-4	4.592E-2
11.183	-9.899E-4	4.568E-2
11.191	-1.286E-3	4.536E-2
11.199	-1.500E-3	4.498E-2
11.208	-1.535E-3	4.458E-2
11.216	-1.473E-3	4.424E-2
11.225	-1.224E-3	4.398E-2
11.233	-8.126E-4	4.386E-2
11.241	-3.923E-4	4.389E-2
11.250	7.394E-5	4.400E-2
11.258	4.954E-4	4.427E-2
11.266	8.607E-4	4.461E-2
11.275	1.107E-3	4.503E-2
11.283	1.273E-3	4.545E-2
11.292	1.163E-3	4.583E-2
11.300	9.492E-4	4.609E-2
11.308	6.090E-4	4.625E-2
11.317	1.795E-4	4.626E-2
11.325	-2.791E-4	4.613E-2
11.333	-7.117E-4	4.583E-2
11.342	-1.036E-3	4.547E-2
11.350	-1.260E-3	4.508E-2
11.359	-1.430E-3	4.464E-2
11.367	-1.419E-3	4.422E-2
11.375	-1.236E-3	4.392E-2
11.384	-9.811E-4	4.373E-2
11.392	-5.555E-4	4.371E-2
11.400	-1.509E-4	4.381E-2
11.409	2.212E-4	4.405E-2
11.417	6.199E-4	4.441E-2
11.426	8.942E-4	4.488E-2
11.434	1.092E-3	4.534E-2
11.442	1.106E-3	4.577E-2
11.451	1.051E-3	4.611E-2
11.459	8.153E-4	4.630E-2
11.467	4.488E-4	4.635E-2
11.476	1.098E-4	4.624E-2
11.484	-3.209E-4	4.598E-2
11.493	-7.132E-4	4.561E-2
11.501	-9.888E-4	4.514E-2
11.509	-1.194E-3	4.466E-2
11.518	-1.234E-3	4.419E-2
11.526	-1.204E-3	4.382E-2
11.534	-1.004E-3	4.356E-2
11.543	-7.415E-4	4.349E-2
11.551	-3.733E-4	4.356E-2
11.560	-5.093E-5	4.378E-2
11.568	3.542E-4	4.418E-2
11.576	6.413E-4	4.466E-2
11.585	8.749E-4	4.516E-2
11.593	9.929E-4	4.564E-2
11.601	9.534E-4	4.603E-2
11.610	8.481E-4	4.630E-2
11.618	6.173E-4	4.641E-2
11.627	3.237E-4	4.636E-2
11.635	-5.946E-5	4.609E-2
11.643	-3.629E-4	4.572E-2
11.652	-7.264E-4	4.526E-2
11.660	-9.623E-4	4.475E-2
11.668	-1.041E-3	4.424E-2
11.677	-1.083E-3	4.379E-2
11.685	-1.030E-3	4.349E-2
11.694	-8.103E-4	4.338E-2
11.702	-5.426E-4	4.346E-2
11.710	-2.611E-4	4.370E-2
11.719	7.548E-5	4.405E-2
11.727	3.714E-4	4.451E-2
11.735	6.269E-4	4.504E-2
11.744	8.259E-4	4.559E-2
11.752	8.930E-4	4.604E-2
11.761	8.745E-4	4.634E-2
11.769	7.499E-4	4.650E-2
11.777	4.967E-4	4.649E-2
11.786	2.053E-4	4.627E-2
11.794	-7.010E-5	4.589E-2
11.802	-3.311E-4	4.540E-2
11.811	-5.700E-4	4.487E-2
11.819	-7.575E-4	4.434E-2
11.828	-9.016E-4	4.389E-2
11.836	-9.421E-4	4.353E-2
11.844	-8.594E-4	4.336E-2
11.853	-7.404E-4	4.334E-2
11.861	-5.140E-4	4.351E-2
11.870	-2.682E-4	4.387E-2
11.878	2.361E-6	4.436E-2
11.886	2.676E-4	4.492E-2
11.895	4.675E-4	4.546E-2
11.903	6.343E-4	4.599E-2
11.911	6.961E-4	4.636E-2
11.920	6.693E-4	4.654E-2
11.928	6.068E-4	4.654E-2
11.937	4.017E-4	4.637E-2
11.945	1.706E-4	4.602E-2
11.953	-7.001E-5	4.555E-2
11.962	-3.145E-4	4.502E-2
11.970	-5.372E-4	4.448E-2
11.978	-7.445E-4	4.396E-2
11.987	-8.071E-4	4.356E-2
11.995	-7.937E-4	4.331E-2
12.004	-7.751E-4	4.327E-2
12.012	-6.632E-4	4.344E-2
12.020	-4.869E-4	4.376E-2
12.029	-2.697E-4	4.420E-2
12.037	-3.179E-5	4.474E-2
12.045	2.005E-4	4.531E-2
12.054	4.222E-4	4.583E-2
12.062	6.118E-4	4.625E-2
12.071	6.624E-4	4.650E-2
12.079	6.566E-4	4.655E-2
12.087	6.189E-4	4.645E-2
12.096	4.232E-4	4.613E-2
12.104	2.038E-4	4.567E-2
12.112	-3.456E-5	4.512E-2
12.121	-2.847E-4	4.458E-2
12.129	-5.133E-4	4.408E-2
12.138	-7.174E-4	4.368E-2
12.146	-7.919E-4	4.342E-2
12.154	-7.886E-4	4.334E-2
12.163	-7.783E-4	4.344E-2
12.171	-7.181E-4	4.371E-2
12.179	-5.282E-4	4.414E-2
12.188	-2.956E-4	4.466E-2
12.196	-5.512E-5	4.522E-2
12.205	1.877E-4	4.579E-2
12.213	4.166E-4	4.622E-2
12.221	6.130E-4	4.652E-2
12.230	6.824E-4	4.664E-2
12.238	6.902E-4	4.657E-2
12.246	6.395E-4	4.629E-2
12.255	4.900E-4	4.586E-2
12.263	2.901E-4	4.535E-2
12.272	2.608E-5	4.480E-2
12.280	-2.626E-4	4.428E-2
12.288	-5.072E-4	4.382E-2
12.297	-7.318E-4	4.350E-2
12.305	-8.221E-4	4.336E-2
12.313	-9.342E-4	4.340E-2
12.322	-9.344E-4	4.366E-2
12.330	-7.980E-4	4.403E-2
12.339	-6.252E-4	4.451E-2
12.347	-4.263E-4	4.505E-2
12.355	-1.456E-4	4.559E-2
12.364	1.301E-4	4.604E-2
12.372	3.782E-4	4.637E-2
12.380	6.074E-4	4.650E-2
12.389	7.076E-4	4.649E-2
12.397	7.572E-4	4.629E-2
12.406	6.768E-4	4.591E-2
12.414	5.694E-4	4.542E-2
12.422	3.353E-4	4.487E-2
12.431	1.717E-5	4.437E-2
12.439	-2.800E-4	4.393E-2
12.447	-5.476E-4	4.359E-2
12.456	-7.759E-4	4.341E-2
12.464	-9.626E-4	4.344E-2
12.473	-1.015E-3	4.364E-2
12.481	-1.003E-3	4.398E-2
12.489	-8.919E-4	4.442E-2
12.498	-7.364E-4	4.493E-2
12.506	-4.637E-4	4.544E-2
12.515	-1.248E-4	4.588E-2
12.523	1.499E-4	4.622E-2
12.531	4.253E-4	4.643E-2
12.540	6.530E-4	4.647E-2
12.548	8.379E-4	4.631E-2
12.556	8.560E-4	4.600E-2
12.565	8.358E-4	4.558E-2
12.573	6.301E-4	4.507E-2
12.582	3.944E-4	4.459E-2
12.590	8.308E-5	4.415E-2
12.598	-2.856E-4	4.380E-2
12.607	-5.642E-4	4.356E-2
12.615	-8.271E-4	4.354E-2
12.623	-1.020E-3	4.366E-2
12.632	-1.133E-3	4.395E-2
12.640	-1.091E-3	4.434E-2
12.649	-9.950E-4	4.483E-2
12.657	-7.494E-4	4.532E-2
12.665	-4.212E-4	4.577E-2
12.674	-6.804E-5	4.611E-2
12.682	2.933E-4	4.631E-2
12.690	6.134E-4	4.636E-2
12.699	8.500E-4	4.625E-2
12.707	9.914E-4	4.601E-2
12.716	9.747E-4	4.563E-2
12.724	8.583E-4	4.515E-2
12.732	6.290E-4	4.468E-2
12.741	3.615E-4	4.426E-2
12.749	-3.321E-5	4.392E-2
12.757	-4.225E-4	4.370E-2
12.766	-7.714E-4	4.365E-2
12.774	-1.018E-3	4.373E-2
12.783	-1.217E-3	4.396E-2
12.791	-1.242E-3	4.428E-2
12.799	-1.202E-3	4.468E-2
12.808	-9.898E-4	4.512E-2
12.816	-7.178E-4	4.556E-2
12.824	-3.003E-4	4.591E-2
12.833	1.286E-4	4.610E-2
12.841	4.788E-4	4.619E-2
12.850	8.450E-4	4.616E-2
12.858	1.088E-3	4.599E-2
12.866	1.144E-3	4.566E-2
12.875	1.134E-3	4.526E-2
12.883	9.121E-4	4.486E-2
12.891	6.343E-4	4.446E-2
12.900	2.276E-4	4.414E-2
12.908	-2.033E-4	4.392E-2
12.917	-6.076E-4	4.384E-2
12.925	-9.998E-4	4.388E-2
12.933	-1.239E-3	4.407E-2
12.942	-1.411E-3	4.437E-2
12.950	-1.412E-3	4.472E-2
12.958	-1.241E-3	4.510E-2
12.967	-9.855E-4	4.549E-2
12.975	-5.735E-4	4.582E-2
12.984	-1.260E-4	4.604E-2
12.992	2.696E-4	4.614E-2
13.000	6.567E-4	4.610E-2
13.009	1.033E-3	4.595E-2
13.017	1.173E-3	4.572E-2
13.025	1.222E-3	4.538E-2
13.034	1.095E-3	4.502E-2
13.042	8.471E-4	4.467E-2
13.051	4.599E-4	4.437E-2
13.059	9.496E-6	4.416E-2
13.067	-4.694E-4	4.403E-2
13.076	-9.033E-4	4.401E-2
13.084	-1.247E-3	4.414E-2
13.092	-1.468E-3	4.437E-2
13.101	-1.503E-3	4.466E-2
13.109	-1.455E-3	4.497E-2
13.118	-1.226E-3	4.530E-2
13.126	-8.842E-4	4.559E-2
13.134	-4.660E-4	4.581E-2
13.143	1.278E-5	4.592E-2
13.151	4.755E-4	4.597E-2
13.159	8.790E-4	4.586E-2
13.168	1.167E-3	4.565E-2
13.176	1.315E-3	4.536E-2
13.185	1.322E-3	4.507E-2
13.193	1.090E-3	4.478E-2
13.201	7.389E-4	4.452E-2
13.210	2.692E-4	4.436E-2
13.218	-2.391E-4	4.423E-2
13.227	-7.457E-4	4.421E-2
13.235	-1.167E-3	4.425E-2
13.243	-1.478E-3	4.442E-2
13.252	-1.636E-3	4.465E-2
13.260	-1.630E-3	4.491E-2
13.268	-1.472E-3	4.516E-2
13.277	-1.180E-3	4.539E-2
13.285	-7.421E-4	4.558E-2
13.294	-2.372E-4	4.571E-2
13.302	2.805E-4	4.576E-2
13.310	7.409E-4	4.571E-2
13.319	1.101E-3	4.559E-2
13.327	1.331E-3	4.537E-2
13.335	1.374E-3	4.513E-2
13.344	1.294E-3	4.489E-2
13.352	9.645E-4	4.467E-2
13.361	5.374E-4	4.448E-2
13.369	-1.384E-5	4.438E-2
13.377	-5.302E-4	4.437E-2
13.386	-1.004E-3	4.438E-2
13.394	-1.406E-3	4.452E-2
13.402	-1.655E-3	4.471E-2
13.411	-1.712E-3	4.489E-2
13.419	-1.630E-3	4.509E-2
13.428	-1.382E-3	4.529E-2
13.436	-9.903E-4	4.545E-2
13.444	-4.898E-4	4.553E-2
13.453	6.503E-5	4.557E-2
13.461	5.974E-4	4.555E-2
13.469	1.066E-3	4.545E-2
13.478	1.348E-3	4.531E-2
13.486	1.530E-3	4.513E-2
13.495	1.497E-3	4.496E-2
13.503	1.180E-3	4.481E-2
13.511	7.992E-4	4.468E-2
13.520	2.442E-4	4.461E-2
13.528	-2.904E-4	4.459E-2
13.536	-7.920E-4	4.461E-2
13.545	-1.243E-3	4.467E-2
13.553	-1.565E-3	4.479E-2
13.562	-1.717E-3	4.491E-2
13.570	-1.695E-3	4.505E-2
13.578	-1.481E-3	4.516E-2
13.587	-1.186E-3	4.527E-2
13.595	-7.103E-4	4.533E-2
13.603	-1.498E-4	4.536E-2
13.612	3.862E-4	4.535E-2
13.620	8.699E-4	4.531E-2
13.629	1.304E-3	4.524E-2
13.637	1.544E-3	4.514E-2
13.645	1.556E-3	4.505E-2
13.654	1.369E-3	4.496E-2
13.662	1.060E-3	4.488E-2
13.670	6.015E-4	4.486E-2
13.679	3.928E-5	4.483E-2
13.687	-5.196E-4	4.484E-2
13.696	-1.010E-3	4.485E-2
13.704	-1.420E-3	4.491E-2
13.712	-1.655E-3	4.495E-2
13.721	-1.694E-3	4.501E-2
13.729	-1.593E-3	4.508E-2
13.737	-1.291E-3	4.512E-2
13.746	-9.316E-4	4.512E-2
13.754	-3.832E-4	4.515E-2
13.763	1.626E-4	4.513E-2
13.771	6.733E-4	4.511E-2
13.779	1.109E-3	4.508E-2
13.788	1.429E-3	4.507E-2
13.796	1.545E-3	4.508E-2
13.804	1.477E-3	4.505E-2
13.813	1.132E-3	4.505E-2
13.821	7.074E-4	4.506E-2
13.830	1.832E-4	4.506E-2
13.838	-3.367E-4	4.508E-2
13.846	-8.850E-4	4.508E-2
13.855	-1.317E-3	4.509E-2
13.863	-1.668E-3	4.509E-2
13.871	-1.740E-3	4.509E-2
13.880	-1.702E-3	4.508E-2
13.888	-1.475E-3	4.506E-2
13.897	-1.127E-3	4.507E-2
13.905	-6.503E-4	4.506E-2
13.913	-8.313E-5	4.500E-2
13.922	4.490E-4	4.503E-2
13.930	9.165E-4	4.506E-2
13.939	1.308E-3	4.509E-2
13.947	1.530E-3	4.509E-2
13.955	1.543E-3	4.515E-2
13.964	1.331E-3	4.519E-2
13.972	9.241E-4	4.523E-2
13.980	4.443E-4	4.530E-2
13.989	-6.737E-5	4.532E-2
13.997	-6.184E-4	4.532E-2
14.006	-1.143E-3	4.531E-2
14.014	-1.482E-3	4.524E-2
14.022	-1.694E-3	4.516E-2
14.031	-1.696E-3	4.508E-2
14.039	-1.549E-3	4.496E-2
14.047	-1.245E-3	4.488E-2
14.056	-7.931E-4	4.483E-2
14.064	-2.713E-4	4.479E-2
14.073	2.453E-4	4.481E-2
14.081	7.443E-4	4.486E-2
14.089	1.123E-3	4.491E-2
14.098	1.378E-3	4.502E-2
14.106	1.513E-3	4.514E-2
14.114	1.367E-3	4.526E-2
14.123	1.095E-3	4.537E-2
14.131	6.514E-4	4.544E-2
14.140	1.631E-4	4.548E-2
14.148	-3.402E-4	4.550E-2
14.156	-8.366E-4	4.546E-2
14.165	-1.247E-3	4.536E-2
14.173	-1.494E-3	4.522E-2
14.181	-1.643E-3	4.509E-2
14.190	-1.573E-3	4.492E-2
14.198	-1.362E-3	4.477E-2
14.207	-9.956E-4	4.467E-2
14.215	-5.083E-4	4.461E-2
14.223	-1.529E-6	4.461E-2
14.232	4.820E-4	4.466E-2
14.240	9.085E-4	4.476E-2
14.248	1.280E-3	4.493E-2
14.257	1.408E-3	4.511E-2
14.265	1.385E-3	4.530E-2
14.274	1.136E-3	4.548E-2
14.282	8.332E-4	4.561E-2
14.290	3.872E-4	4.566E-2
14.299	-1.041E-4	4.565E-2
14.307	-5.942E-4	4.559E-2
14.315	-1.031E-3	4.545E-2
14.324	-1.378E-3	4.529E-2
14.332	-1.500E-3	4.508E-2
14.341	-1.483E-3	4.486E-2
14.349	-1.382E-3	4.466E-2
14.357	-1.075E-3	4.447E-2
14.366	-7.186E-4	4.437E-2
14.374	-2.392E-4	4.437E-2
14.382	2.418E-4	4.442E-2
14.391	6.746E-4	4.456E-2
14.399	1.076E-3	4.478E-2
14.408	1.303E-3	4.504E-2
14.416	1.321E-3	4.530E-2
14.424	1.243E-3	4.554E-2
14.433	9.147E-4	4.574E-2
14.441	5.494E-4	4.585E-2
14.449	6.745E-5	4.586E-2
14.458	-4.384E-4	4.580E-2
14.466	-8.635E-4	4.562E-2
14.475	-1.245E-3	4.539E-2
14.483	-1.464E-3	4.512E-2
14.491	-1.492E-3	4.485E-2
14.500	-1.445E-3	4.459E-2
14.508	-1.228E-3	4.437E-2
14.516	-8.783E-4	4.421E-2
14.525	-4.888E-4	4.418E-2
14.533	-2.702E-5	4.422E-2
14.542	4.092E-4	4.437E-2
14.550	8.301E-4	4.461E-2
14.558	1.080E-3	4.489E-2
14.567	1.225E-3	4.520E-2
14.575	1.188E-3	4.550E-2
14.583	9.763E-4	4.576E-2
14.592	6.405E-4	4.593E-2
14.600	2.412E-4	4.601E-2
14.609	-1.872E-4	4.597E-2
14.617	-5.916E-4	4.580E-2
14.625	-1.007E-3	4.557E-2
14.634	-1.242E-3	4.526E-2
14.642	-1.388E-3	4.492E-2
14.651	-1.392E-3	4.460E-2
14.659	-1.247E-3	4.432E-2
14.667	-1.003E-3	4.414E-2
14.676	-6.235E-4	4.405E-2
14.684	-2.627E-4	4.407E-2
14.692	1.653E-4	4.424E-2
14.701	5.928E-4	4.446E-2
14.709	8.577E-4	4.480E-2
14.718	1.076E-3	4.515E-2
14.726	1.088E-3	4.551E-2
14.734	1.071E-3	4.582E-2
14.743	8.262E-4	4.603E-2
14.751	4.765E-4	4.611E-2
14.759	1.396E-4	4.608E-2
14.768	-2.704E-4	4.594E-2
14.776	-6.260E-4	4.569E-2
14.785	-9.613E-4	4.536E-2
14.793	-1.156E-3	4.496E-2
14.801	-1.218E-3	4.459E-2
14.810	-1.197E-3	4.425E-2
14.818	-1.000E-3	4.398E-2
14.826	-7.477E-4	4.387E-2
14.835	-3.846E-4	4.389E-2
14.843	-5.003E-5	4.405E-2
14.852	3.355E-4	4.427E-2
14.860	6.117E-4	4.461E-2
14.868	8.487E-4	4.501E-2
14.877	9.489E-4	4.543E-2
14.885	9.367E-4	4.578E-2
14.893	8.255E-4	4.605E-2
14.902	6.079E-4	4.621E-2
14.910	2.911E-4	4.623E-2
14.919	-6.004E-5	4.609E-2
14.927	-3.794E-4	4.582E-2
14.935	-7.407E-4	4.545E-2
14.944	-9.634E-4	4.507E-2
14.952	-1.038E-3	4.465E-2
14.960	-1.051E-3	4.425E-2
14.969	-1.016E-3	4.396E-2
14.977	-7.900E-4	4.377E-2
14.986	-5.321E-4	4.375E-2
14.994	-2.574E-4	4.387E-2
15.002	1.168E-4	4.412E-2
15.011	4.039E-4	4.448E-2
15.019	6.448E-4	4.489E-2
15.027	8.369E-4	4.535E-2
15.036	8.680E-4	4.576E-2
15.044	8.659E-4	4.607E-2
15.053	6.842E-4	4.626E-2
15.061	4.511E-4	4.628E-2
15.069	1.880E-4	4.622E-2
15.078	-8.657E-5	4.598E-2
15.086	-3.756E-4	4.561E-2
15.094	-6.669E-4	4.516E-2
15.103	-8.043E-4	4.469E-2
15.111	-9.387E-4	4.426E-2
15.120	-9.485E-4	4.392E-2
15.128	-8.050E-4	4.371E-2
15.136	-6.644E-4	4.366E-2
15.145	-4.498E-4	4.374E-2
15.153	-1.657E-4	4.397E-2
15.161	1.266E-4	4.433E-2
15.170	3.764E-4	4.477E-2
15.178	5.903E-4	4.527E-2
15.187	6.853E-4	4.573E-2
15.195	7.015E-4	4.609E-2
15.203	6.564E-4	4.631E-2
15.212	5.745E-4	4.641E-2
15.220	3.560E-4	4.635E-2
15.228	1.358E-4	4.610E-2
15.237	-1.067E-4	4.574E-2
15.245	-3.284E-4	4.530E-2
15.254	-5.284E-4	4.484E-2
15.262	-7.054E-4	4.439E-2
15.270	-7.549E-4	4.400E-2
15.279	-7.509E-4	4.373E-2
15.287	-7.020E-4	4.362E-2
15.296	-5.243E-4	4.369E-2
15.304	-3.115E-4	4.392E-2
15.312	-7.091E-5	4.425E-2
15.321	1.737E-4	4.466E-2
15.329	3.983E-4	4.513E-2
15.337	5.907E-4	4.560E-2
15.346	6.887E-4	4.601E-2
15.354	7.036E-4	4.629E-2
15.363	6.667E-4	4.644E-2
15.371	5.814E-4	4.644E-2
15.379	4.159E-4	4.623E-2
15.388	2.023E-4	4.589E-2
15.396	-2.766E-5	4.542E-2
15.404	-2.496E-4	4.492E-2
15.413	-4.537E-4	4.444E-2
15.421	-5.919E-4	4.402E-2
15.430	-7.204E-4	4.372E-2
15.438	-7.323E-4	4.355E-2
15.446	-7.261E-4	4.354E-2
15.455	-5.321E-4	4.373E-2
15.463	-3.300E-4	4.404E-2
15.471	-1.154E-4	4.444E-2
15.480	1.335E-4	4.491E-2
15.488	3.351E-4	4.541E-2
15.497	4.465E-4	4.582E-2
15.505	5.960E-4	4.615E-2
15.513	6.483E-4	4.635E-2
15.522	6.384E-4	4.633E-2
15.530	5.856E-4	4.618E-2
15.538	4.195E-4	4.588E-2
15.547	2.210E-4	4.545E-2
15.555	-8.381E-6	4.494E-2
15.564	-2.407E-4	4.445E-2
15.572	-4.488E-4	4.402E-2
15.580	-5.561E-4	4.370E-2
15.589	-6.971E-4	4.350E-2
15.597	-7.255E-4	4.349E-2
15.605	-7.307E-4	4.362E-2
15.614	-5.475E-4	4.393E-2
15.622	-4.040E-4	4.435E-2
15.631	-2.483E-4	4.483E-2
15.639	-3.861E-5	4.532E-2
15.647	1.770E-4	4.578E-2
15.656	3.835E-4	4.613E-2
15.664	4.970E-4	4.632E-2
15.672	5.978E-4	4.635E-2
15.681	6.120E-4	4.623E-2
15.689	5.344E-4	4.597E-2
15.698	3.936E-4	4.560E-2
15.706	1.832E-4	4.513E-2
15.714	-4.430E-5	4.464E-2
15.723	-2.715E-4	4.420E-2
15.731	-4.871E-4	4.385E-2
15.739	-6.182E-4	4.366E-2
15.748	-7.677E-4	4.360E-2
15.756	-7.644E-4	4.371E-2
15.765	-7.604E-4	4.396E-2
15.773	-6.704E-4	4.433E-2
15.781	-5.217E-4	4.479E-2
15.790	-2.961E-4	4.527E-2
15.798	-6.190E-5	4.574E-2
15.806	1.727E-4	4.609E-2
15.815	3.981E-4	4.631E-2
15.823	5.708E-4	4.641E-2
15.832	6.272E-4	4.634E-2
15.840	6.321E-4	4.610E-2
15.848	6.049E-4	4.575E-2
15.857	4.250E-4	4.532E-2
15.865	2.084E-4	4.485E-2
15.873	-3.102E-5	4.441E-2
15.882	-2.735E-4	4.403E-2
15.890	-5.158E-4	4.377E-2
15.899	-7.244E-4	4.366E-2
15.907	-8.006E-4	4.370E-2
15.915	-7.984E-4	4.393E-2
15.924	-7.859E-4	4.426E-2
15.932	-7.170E-4	4.466E-2
15.940	-5.192E-4	4.510E-2
15.949	-2.827E-4	4.555E-2
15.957	-3.170E-5	4.591E-2
15.966	2.179E-4	4.621E-2
15.974	4.413E-4	4.632E-2
15.982	6.380E-4	4.627E-2
15.991	7.279E-4	4.610E-2
15.999	7.237E-4	4.579E-2
16.008	6.374E-4	4.538E-2
16.016	4.487E-4	4.493E-2
16.024	2.043E-4	4.449E-2
16.033	-6.242E-5	4.412E-2
16.041	-3.171E-4	4.388E-2
16.049	-5.618E-4	4.375E-2
16.058	-7.768E-4	4.375E-2
16.066	-9.471E-4	4.393E-2
16.075	-9.671E-4	4.420E-2
16.083	-9.540E-4	4.457E-2
16.091	-7.737E-4	4.499E-2
16.100	-5.411E-4	4.541E-2
16.108	-2.804E-4	4.578E-2
16.116	1.948E-5	4.606E-2
16.125	3.595E-4	4.620E-2
16.133	6.234E-4	4.622E-2
16.142	8.279E-4	4.609E-2
16.150	8.964E-4	4.582E-2
16.158	8.836E-4	4.547E-2
16.167	7.653E-4	4.508E-2
16.175	4.927E-4	4.467E-2
16.183	1.916E-4	4.432E-2
16.192	-8.961E-5	4.408E-2
16.200	-4.459E-4	4.393E-2
16.209	-7.451E-4	4.392E-2
16.217	-9.697E-4	4.401E-2
16.225	-1.052E-3	4.424E-2
16.234	-1.098E-3	4.457E-2
16.242	-1.017E-3	4.493E-2
16.250	-7.901E-4	4.531E-2
16.259	-5.255E-4	4.565E-2
16.267	-2.064E-4	4.592E-2
16.276	1.569E-4	4.609E-2
16.284	4.525E-4	4.610E-2
16.292	7.329E-4	4.601E-2
16.301	8.886E-4	4.582E-2
16.309	9.620E-4	4.553E-2
16.317	8.836E-4	4.515E-2
16.326	6.832E-4	4.478E-2
16.334	4.032E-4	4.445E-2
16.343	8.607E-5	4.419E-2
16.351	-3.052E-4	4.401E-2
16.359	-6.574E-4	4.396E-2
16.368	-9.762E-4	4.401E-2
16.376	-1.175E-3	4.420E-2
16.384	-1.238E-3	4.447E-2
16.393	-1.221E-3	4.481E-2
16.401	-1.029E-3	4.515E-2
16.410	-7.717E-4	4.545E-2
16.418	-4.503E-4	4.575E-2
16.426	-6.049E-5	4.592E-2
16.435	3.670E-4	4.600E-2
16.443	6.658E-4	4.596E-2
16.451	9.108E-4	4.580E-2
16.460	1.086E-3	4.556E-2
16.468	1.091E-3	4.527E-2
16.477	9.175E-4	4.493E-2
16.485	6.593E-4	4.463E-2
16.493	3.525E-4	4.439E-2
16.502	-5.760E-5	4.421E-2
16.510	-4.825E-4	4.416E-2
16.518	-7.978E-4	4.419E-2
16.527	-1.093E-3	4.433E-2
16.535	-1.244E-3	4.457E-2
16.544	-1.254E-3	4.486E-2
16.552	-1.195E-3	4.513E-2
16.560	-9.719E-4	4.539E-2
16.569	-6.527E-4	4.561E-2
16.577	-2.694E-4	4.578E-2
16.585	1.693E-4	4.583E-2
16.594	6.055E-4	4.582E-2
16.602	9.012E-4	4.569E-2
16.611	1.116E-3	4.553E-2
16.619	1.169E-3	4.530E-2
16.627	1.106E-3	4.503E-2
16.636	8.767E-4	4.479E-2
16.644	5.820E-4	4.458E-2
16.652	1.741E-4	4.443E-2
16.661	-2.625E-4	4.437E-2
16.669	-7.132E-4	4.438E-2
16.678	-1.022E-3	4.446E-2
16.686	-1.239E-3	4.463E-2
16.694	-1.389E-3	4.485E-2
16.703	-1.344E-3	4.509E-2
16.711	-1.198E-3	4.531E-2
16.720	-8.983E-4	4.552E-2
16.728	-5.075E-4	4.564E-2
16.736	-4.587E-5	4.570E-2
16.745	4.091E-4	4.572E-2
16.753	8.233E-4	4.564E-2
16.761	1.103E-3	4.550E-2
16.770	1.291E-3	4.532E-2
16.778	1.304E-3	4.511E-2
16.787	1.113E-3	4.490E-2
16.795	8.327E-4	4.470E-2
16.803	4.240E-4	4.458E-2
16.812	-3.542E-5	4.451E-2
16.820	-4.927E-4	4.447E-2
16.828	-9.231E-4	4.453E-2
16.837	-1.216E-3	4.466E-2
16.845	-1.421E-3	4.484E-2
16.854	-1.431E-3	4.500E-2
16.862	-1.301E-3	4.518E-2
16.870	-1.078E-3	4.532E-2
16.879	-7.432E-4	4.543E-2
16.887	-2.773E-4	4.548E-2
16.895	1.892E-4	4.551E-2
16.904	6.408E-4	4.548E-2
16.912	1.024E-3	4.538E-2
16.921	1.219E-3	4.527E-2
16.929	1.292E-3	4.513E-2
16.937	1.179E-3	4.496E-2
16.946	9.077E-4	4.483E-2
16.954	5.686E-4	4.473E-2
16.962	9.374E-5	4.466E-2
16.971	-4.122E-4	4.465E-2
16.979	-8.773E-4	4.467E-2
16.988	-1.257E-3	4.474E-2
16.996	-1.482E-3	4.484E-2
17.004	-1.521E-3	4.494E-2
17.013	-1.491E-3	4.506E-2
17.021	-1.253E-3	4.516E-2
17.029	-9.636E-4	4.522E-2
17.038	-5.061E-4	4.530E-2
17.046	-3.472E-5	4.531E-2
17.055	4.289E-4	4.531E-2
17.063	8.622E-4	4.527E-2
17.071	1.141E-3	4.518E-2
17.080	1.311E-3	4.509E-2
17.088	1.311E-3	4.500E-2
17.096	1.103E-3	4.494E-2
17.105	7.427E-4	4.488E-2
17.113	3.042E-4	4.485E-2
17.122	-2.070E-4	4.485E-2
17.130	-6.894E-4	4.487E-2
17.138	-1.090E-3	4.490E-2
17.147	-1.427E-3	4.490E-2
17.155	-1.554E-3	4.498E-2
17.163	-1.567E-3	4.503E-2
17.172	-1.452E-3	4.509E-2
17.180	-1.150E-3	4.512E-2
17.189	-7.512E-4	4.512E-2
17.197	-2.728E-4	4.512E-2
17.205	2.140E-4	4.511E-2
17.214	6.649E-4	4.509E-2
17.222	1.064E-3	4.507E-2
17.230	1.288E-3	4.506E-2
17.239	1.321E-3	4.505E-2
17.247	1.188E-3	4.506E-2
17.256	8.826E-4	4.506E-2
17.264	4.752E-4	4.506E-2
17.272	3.120E-6	4.508E-2
17.281	-4.947E-4	4.509E-2
17.289	-9.462E-4	4.510E-2
17.297	-1.260E-3	4.510E-2
17.306	-1.476E-3	4.510E-2
17.314	-1.501E-3	4.509E-2
17.323	-1.448E-3	4.508E-2
17.331	-1.215E-3	4.506E-2
17.339	-8.405E-4	4.505E-2
17.348	-4.370E-4	4.505E-2
17.356	5.286E-5	4.505E-2
17.364	5.060E-4	4.504E-2
17.373	8.802E-4	4.506E-2
17.381	1.149E-3	4.507E-2
17.390	1.299E-3	4.512E-2
17.398	1.285E-3	4.515E-2
17.406	1.064E-3	4.514E-2
17.415	6.698E-4	4.521E-2
17.423	2.281E-4	4.523E-2
17.432	-2.557E-4	4.527E-2
17.440	-7.265E-4	4.529E-2
17.448	-1.115E-3	4.528E-2
17.457	-1.415E-3	4.524E-2
17.465	-1.501E-3	4.514E-2
17.473	-1.478E-3	4.508E-2
17.482	-1.267E-3	4.497E-2
17.490	-9.822E-4	4.489E-2
17.499	-5.501E-4	4.484E-2
17.507	-7.881E-5	4.484E-2
17.515	4.006E-4	4.484E-2
17.524	8.395E-4	4.488E-2
17.532	1.136E-3	4.492E-2
17.540	1.334E-3	4.500E-2
17.549	1.344E-3	4.513E-2
17.557	1.157E-3	4.525E-2
17.566	8.758E-4	4.535E-2
17.574	4.485E-4	4.539E-2
17.582	-1.326E-5	4.541E-2
17.591	-4.770E-4	4.538E-2
17.599	-8.997E-4	4.533E-2
17.607	-1.222E-3	4.525E-2
17.616	-1.430E-3	4.513E-2
17.624	-1.456E-3	4.498E-2
17.633	-1.356E-3	4.484E-2
17.641	-1.134E-3	4.471E-2
17.649	-7.769E-4	4.462E-2
17.658	-3.124E-4	4.462E-2
17.666	1.587E-4	4.462E-2
17.674	6.057E-4	4.466E-2
17.683	9.163E-4	4.476E-2
17.691	1.134E-3	4.491E-2
17.700	1.256E-3	4.509E-2
17.708	1.136E-3	4.527E-2
17.716	8.966E-4	4.540E-2
17.725	6.070E-4	4.552E-2
17.733	1.747E-4	4.557E-2
17.741	-2.727E-4	4.557E-2
17.750	-7.029E-4	4.552E-2
17.758	-1.021E-3	4.537E-2
17.767	-1.239E-3	4.519E-2
17.775	-1.373E-3	4.499E-2
17.783	-1.312E-3	4.483E-2
17.792	-1.197E-3	4.465E-2
17.800	-9.069E-4	4.452E-2
17.808	-5.251E-4	4.443E-2
17.817	-7.847E-5	4.442E-2
17.825	3.715E-4	4.447E-2
17.834	7.032E-4	4.463E-2
17.842	1.007E-3	4.482E-2
17.850	1.100E-3	4.504E-2
17.859	1.101E-3	4.529E-2
17.867	9.558E-4	4.550E-2
17.875	6.590E-4	4.563E-2
17.884	3.519E-4	4.572E-2
17.892	-6.141E-5	4.575E-2
17.901	-4.915E-4	4.567E-2
17.909	-8.042E-4	4.552E-2
17.917	-1.082E-3	4.531E-2
17.926	-1.245E-3	4.508E-2
17.934	-1.245E-3	4.483E-2
17.942	-1.190E-3	4.461E-2
17.951	-9.669E-4	4.442E-2
17.959	-6.453E-4	4.432E-2
17.968	-2.798E-4	4.434E-2
17.976	1.567E-4	4.440E-2
17.984	5.032E-4	4.457E-2
17.993	8.225E-4	4.481E-2
18.001	1.045E-3	4.506E-2
18.009	1.100E-3	4.533E-2
18.018	1.052E-3	4.558E-2
18.026	8.595E-4	4.578E-2
18.035	5.871E-4	4.589E-2
18.043	2.100E-4	4.589E-2
18.051	-1.804E-4	4.582E-2
18.060	-5.305E-4	4.564E-2
18.068	-8.007E-4	4.539E-2
18.077	-9.833E-4	4.510E-2
18.085	-1.083E-3	4.482E-2
18.093	-1.044E-3	4.454E-2
18.102	-9.013E-4	4.435E-2
18.110	-6.983E-4	4.420E-2
18.118	-3.310E-4	4.415E-2
18.127	1.395E-6	4.418E-2
18.135	3.777E-4	4.438E-2
18.144	6.740E-4	4.462E-2
18.152	8.961E-4	4.491E-2
18.160	1.032E-3	4.524E-2
18.169	9.582E-4	4.555E-2
18.177	8.557E-4	4.579E-2
18.185	6.309E-4	4.597E-2
18.194	3.640E-4	4.603E-2
18.202	-9.602E-6	4.599E-2
18.211	-3.100E-4	4.582E-2
18.219	-6.087E-4	4.557E-2
18.227	-8.819E-4	4.527E-2
18.236	-1.007E-3	4.491E-2
18.244	-1.005E-3	4.459E-2
18.252	-9.604E-4	4.433E-2
18.261	-7.622E-4	4.416E-2
18.269	-5.124E-4	4.405E-2
18.278	-2.379E-4	4.405E-2
18.286	1.299E-4	4.421E-2
18.294	4.173E-4	4.445E-2
18.303	6.519E-4	4.478E-2
18.311	8.427E-4	4.513E-2
18.319	8.836E-4	4.548E-2
18.328	8.532E-4	4.579E-2
18.336	6.805E-4	4.600E-2
18.345	4.380E-4	4.609E-2
18.353	1.757E-4	4.606E-2
18.361	-9.223E-5	4.590E-2
18.370	-3.807E-4	4.562E-2
18.378	-6.850E-4	4.529E-2
18.386	-8.106E-4	4.491E-2
18.395	-9.284E-4	4.455E-2
18.403	-9.322E-4	4.424E-2
18.412	-7.889E-4	4.400E-2
18.420	-6.039E-4	4.391E-2
18.428	-3.796E-4	4.392E-2
18.437	-1.061E-4	4.407E-2
18.445	1.718E-4	4.435E-2
18.453	4.061E-4	4.468E-2
18.462	6.179E-4	4.505E-2
18.470	6.908E-4	4.543E-2
18.479	6.943E-4	4.577E-2
18.487	6.413E-4	4.602E-2
18.495	4.922E-4	4.615E-2
18.504	2.701E-4	4.619E-2
18.512	1.588E-5	4.606E-2
18.520	-2.556E-4	4.581E-2
18.529	-5.021E-4	4.546E-2
18.537	-6.978E-4	4.508E-2
18.546	-7.876E-4	4.468E-2
18.554	-8.052E-4	4.433E-2
18.562	-7.744E-4	4.408E-2
18.571	-7.012E-4	4.394E-2
18.579	-5.279E-4	4.392E-2
18.587	-2.960E-4	4.402E-2
18.596	-6.500E-5	4.425E-2
18.604	1.700E-4	4.458E-2
18.613	3.883E-4	4.497E-2
18.621	5.187E-4	4.536E-2
18.629	6.137E-4	4.573E-2
18.638	6.250E-4	4.603E-2
18.646	5.989E-4	4.622E-2
18.654	4.289E-4	4.625E-2
18.663	2.189E-4	4.614E-2
18.671	-4.641E-6	4.588E-2
18.680	-2.384E-4	4.554E-2
18.688	-4.283E-4	4.514E-2
18.696	-5.650E-4	4.471E-2
18.705	-6.764E-4	4.431E-2
18.713	-7.516E-4	4.403E-2
18.721	-7.352E-4	4.383E-2
18.730	-5.926E-4	4.379E-2
18.738	-5.094E-4	4.387E-2
18.747	-3.010E-4	4.412E-2
18.755	-7.702E-5	4.445E-2
18.763	1.393E-4	4.485E-2
18.772	3.176E-4	4.526E-2
18.780	4.013E-4	4.567E-2
18.789	4.716E-4	4.598E-2
18.797	4.662E-4	4.623E-2
18.805	4.484E-4	4.627E-2
18.814	3.596E-4	4.622E-2
18.822	1.754E-4	4.601E-2
18.830	-1.666E-5	4.569E-2
18.839	-2.122E-4	4.531E-2
18.847	-3.566E-4	4.487E-2
18.856	-5.399E-4	4.445E-2
18.864	-6.093E-4	4.412E-2
18.872	-7.036E-4	4.391E-2
18.881	-7.047E-4	4.381E-2
18.889	-5.762E-4	4.385E-2
18.897	-4.758E-4	4.404E-2
18.906	-3.049E-4	4.435E-2
18.914	-9.801E-5	4.477E-2
18.923	1.005E-4	4.519E-2
18.931	2.019E-4	4.558E-2
18.939	3.747E-4	4.593E-2
18.948	4.203E-4	4.619E-2
18.956	4.293E-4	4.630E-2
18.964	4.234E-4	4.626E-2
18.973	3.636E-4	4.607E-2
18.981	1.937E-4	4.578E-2
18.990	4.213E-5	4.538E-2
18.998	-1.194E-4	4.494E-2
19.006	-3.242E-4	4.451E-2
19.015	-5.012E-4	4.414E-2
19.023	-5.684E-4	4.390E-2
19.031	-6.096E-4	4.377E-2
19.040	-6.563E-4	4.377E-2
19.048	-5.817E-4	4.394E-2
19.057	-5.368E-4	4.422E-2
19.065	-3.320E-4	4.461E-2
19.073	-1.628E-4	4.504E-2
19.082	-1.560E-5	4.545E-2
19.090	1.638E-4	4.579E-2
19.098	3.571E-4	4.607E-2
19.107	4.171E-4	4.621E-2
19.115	4.429E-4	4.623E-2
19.124	4.348E-4	4.607E-2
19.132	3.897E-4	4.580E-2
19.140	2.374E-4	4.544E-2
19.149	9.712E-5	4.501E-2
19.157	-9.909E-5	4.462E-2
19.165	-2.972E-4	4.422E-2
19.174	-4.899E-4	4.395E-2
19.182	-5.620E-4	4.378E-2
19.191	-6.762E-4	4.376E-2
19.199	-7.283E-4	4.390E-2
19.207	-6.763E-4	4.417E-2
19.216	-5.509E-4	4.451E-2
19.224	-3.879E-4	4.490E-2
19.232	-2.512E-4	4.531E-2
19.241	-4.242E-5	4.567E-2
19.249	1.665E-4	4.595E-2
19.258	3.730E-4	4.615E-2
19.266	4.561E-4	4.619E-2
19.274	5.309E-4	4.611E-2
19.283	5.018E-4	4.585E-2
19.291	4.071E-4	4.553E-2
19.299	3.061E-4	4.513E-2
19.308	1.240E-4	4.471E-2
19.316	-8.010E-5	4.431E-2
19.325	-3.018E-4	4.404E-2
19.333	-5.104E-4	4.386E-2
19.341	-6.528E-4	4.384E-2
19.350	-7.640E-4	4.394E-2
19.358	-7.688E-4	4.416E-2
19.366	-7.603E-4	4.448E-2
19.375	-5.681E-4	4.486E-2
19.383	-4.244E-4	4.526E-2
19.392	-2.368E-4	4.562E-2
19.400	-1.846E-5	4.590E-2
19.408	2.047E-4	4.607E-2
19.417	4.061E-4	4.609E-2
19.425	5.895E-4	4.604E-2
19.433	6.375E-4	4.585E-2
19.442	6.337E-4	4.555E-2
19.450	5.385E-4	4.518E-2
19.459	3.701E-4	4.479E-2
19.467	1.543E-4	4.444E-2
19.475	-7.634E-5	4.414E-2
19.484	-3.099E-4	4.396E-2
19.492	-5.339E-4	4.389E-2
19.501	-7.298E-4	4.395E-2
19.509	-7.870E-4	4.413E-2
19.517	-7.831E-4	4.441E-2
19.526	-7.552E-4	4.476E-2
19.534	-5.477E-4	4.514E-2
19.542	-3.171E-4	4.550E-2
19.551	-5.972E-5	4.580E-2
19.559	2.027E-4	4.601E-2
19.568	4.505E-4	4.609E-2
19.576	6.592E-4	4.607E-2
19.584	8.066E-4	4.587E-2
19.593	8.436E-4	4.561E-2
19.601	7.984E-4	4.528E-2
19.609	6.363E-4	4.493E-2
19.618	4.237E-4	4.458E-2
19.626	1.689E-4	4.430E-2
19.635	-1.030E-4	4.412E-2
19.643	-3.941E-4	4.401E-2
19.651	-6.778E-4	4.403E-2
19.660	-8.104E-4	4.416E-2
19.668	-9.212E-4	4.439E-2
19.676	-9.391E-4	4.470E-2
19.685	-7.847E-4	4.503E-2
19.693	-5.719E-4	4.537E-2
19.702	-2.926E-4	4.564E-2
19.710	-1.512E-5	4.583E-2
19.718	2.577E-4	4.595E-2
19.727	5.521E-4	4.597E-2
19.735	6.995E-4	4.584E-2
19.743	8.569E-4	4.561E-2
19.752	8.643E-4	4.533E-2
19.760	7.940E-4	4.503E-2
19.769	5.981E-4	4.471E-2
19.777	3.507E-4	4.442E-2
19.785	2.321E-5	4.421E-2
19.794	-2.919E-4	4.412E-2
19.802	-5.659E-4	4.413E-2
19.810	-7.848E-4	4.422E-2
19.819	-9.548E-4	4.440E-2
19.827	-9.867E-4	4.467E-2
19.836	-9.670E-4	4.495E-2
19.844	-7.560E-4	4.525E-2
19.852	-5.024E-4	4.553E-2
19.861	-2.205E-4	4.574E-2
19.869	1.470E-4	4.585E-2
19.877	4.569E-4	4.584E-2
19.886	7.003E-4	4.578E-2
19.894	8.867E-4	4.560E-2
19.903	9.634E-4	4.536E-2
19.911	9.055E-4	4.509E-2
19.919	7.605E-4	4.482E-2
19.928	4.793E-4	4.459E-2
19.936	1.659E-4	4.440E-2
19.944	-1.991E-4	4.427E-2
19.953	-5.388E-4	4.423E-2
19.961	-7.990E-4	4.428E-2
19.970	-1.016E-3	4.442E-2
19.978	-1.153E-3	4.464E-2
19.986	-1.168E-3	4.488E-2
19.995	-1.012E-3	4.513E-2
20.003	-7.705E-4	4.537E-2
20.011	-4.958E-4	4.555E-2
20.020	-9.818E-5	4.566E-2
20.028	2.310E-4	4.567E-2
20.037	6.118E-4	4.561E-2
20.045	8.688E-4	4.548E-2
20.053	1.051E-3	4.531E-2
20.062	1.096E-3	4.510E-2
20.070	9.554E-4	4.487E-2
20.078	7.040E-4	4.466E-2
20.087	4.054E-4	4.447E-2
20.095	8.822E-6	4.437E-2
20.104	-3.400E-4	4.434E-2
20.112	-7.216E-4	4.440E-2
20.120	-9.809E-4	4.450E-2
20.129	-1.180E-3	4.466E-2
20.137	-1.222E-3	4.486E-2
20.145	-1.175E-3	4.508E-2
20.154	-9.808E-4	4.527E-2
20.162	-6.981E-4	4.544E-2
20.171	-3.029E-4	4.554E-2
20.179	1.188E-4	4.558E-2
20.187	4.461E-4	4.557E-2
20.196	8.190E-4	4.546E-2
20.204	1.059E-3	4.533E-2
20.213	1.132E-3	4.515E-2
20.221	1.102E-3	4.496E-2
20.229	8.971E-4	4.479E-2
20.238	6.212E-4	4.466E-2
20.246	2.211E-4	4.456E-2
20.254	-1.854E-4	4.454E-2
20.263	-5.617E-4	4.459E-2
20.271	-9.233E-4	4.465E-2
20.280	-1.175E-3	4.477E-2
20.288	-1.246E-3	4.493E-2
20.296	-1.237E-3	4.509E-2
20.305	-1.091E-3	4.523E-2
20.313	-8.055E-4	4.535E-2
20.321	-4.887E-4	4.541E-2
20.330	-6.457E-5	4.546E-2
20.338	3.654E-4	4.548E-2
20.347	6.969E-4	4.541E-2
20.355	9.937E-4	4.530E-2
20.363	1.112E-3	4.517E-2
20.372	1.114E-3	4.505E-2
20.380	1.032E-3	4.492E-2
20.388	6.959E-4	4.482E-2
20.397	3.777E-4	4.476E-2
20.405	-4.467E-5	4.473E-2
20.414	-4.785E-4	4.472E-2
20.422	-8.028E-4	4.474E-2
20.430	-1.104E-3	4.482E-2
20.439	-1.259E-3	4.492E-2
20.447	-1.276E-3	4.502E-2
20.455	-1.206E-3	4.512E-2
20.464	-9.773E-4	4.519E-2
20.472	-6.770E-4	4.523E-2
20.481	-2.791E-4	4.528E-2
20.489	1.591E-4	4.530E-2
20.497	5.895E-4	4.531E-2
20.506	8.982E-4	4.520E-2
20.514	1.120E-3	4.512E-2
20.522	1.164E-3	4.505E-2
20.531	1.108E-3	4.498E-2
20.539	8.794E-4	4.490E-2
20.548	5.947E-4	4.489E-2
20.556	1.798E-4	4.489E-2
20.564	-2.574E-4	4.486E-2
20.573	-6.769E-4	4.488E-2
20.581	-9.951E-4	4.491E-2
20.589	-1.215E-3	4.494E-2
20.598	-1.293E-3	4.497E-2
20.606	-1.310E-3	4.497E-2
20.615	-1.166E-3	4.503E-2
20.623	-8.404E-4	4.507E-2
20.631	-5.095E-4	4.508E-2
20.640	-7.304E-5	4.509E-2
20.648	3.744E-4	4.508E-2
20.656	7.229E-4	4.508E-2
20.665	1.035E-3	4.504E-2
20.673	1.105E-3	4.504E-2
20.682	1.102E-3	4.504E-2
20.690	9.586E-4	4.505E-2
20.698	6.584E-4	4.505E-2
20.707	3.098E-4	4.506E-2
20.715	-1.150E-4	4.508E-2
20.723	-5.358E-4	4.510E-2
20.732	-9.280E-4	4.510E-2
20.740	-1.206E-3	4.510E-2
20.749	-1.339E-3	4.511E-2
20.757	-1.373E-3	4.510E-2
20.765	-1.244E-3	4.509E-2
20.774	-1.001E-3	4.506E-2
20.782	-6.425E-4	4.505E-2
20.790	-2.716E-4	4.503E-2
20.799	1.630E-4	4.503E-2
20.807	5.998E-4	4.505E-2
20.816	8.787E-4	4.506E-2
20.824	1.091E-3	4.509E-2
20.832	1.127E-3	4.511E-2
20.841	1.081E-3	4.515E-2
20.849	8.444E-4	4.517E-2
20.858	4.638E-4	4.516E-2
20.866	1.107E-4	4.518E-2
20.874	-3.348E-4	4.520E-2
20.883	-7.427E-4	4.517E-2
20.891	-1.018E-3	4.513E-2
20.899	-1.227E-3	4.509E-2
20.908	-1.266E-3	4.506E-2
20.916	-1.225E-3	4.496E-2
20.925	-1.007E-3	4.488E-2
20.933	-7.275E-4	4.483E-2
20.941	-3.076E-4	4.481E-2
20.950	1.176E-4	4.481E-2
20.958	4.876E-4	4.482E-2
20.966	8.538E-4	4.485E-2
20.975	1.104E-3	4.494E-2
20.983	1.184E-3	4.502E-2
20.992	1.134E-3	4.512E-2
21.000	9.326E-4	4.521E-2
21.008	6.483E-4	4.528E-2
21.017	2.520E-4	4.532E-2
21.025	-1.404E-4	4.535E-2
21.033	-5.474E-4	4.534E-2
21.042	-9.020E-4	4.530E-2
21.050	-1.162E-3	4.520E-2
21.059	-1.248E-3	4.507E-2
21.067	-1.238E-3	4.494E-2
21.075	-1.143E-3	4.483E-2
21.084	-8.940E-4	4.471E-2
21.092	-5.401E-4	4.465E-2
21.100	-1.437E-4	4.462E-2
21.109	1.930E-4	4.464E-2
21.117	6.001E-4	4.469E-2
21.126	8.658E-4	4.482E-2
21.134	1.065E-3	4.493E-2
21.142	1.091E-3	4.509E-2
21.151	9.673E-4	4.524E-2
21.159	7.008E-4	4.536E-2
21.167	3.993E-4	4.546E-2
21.176	2.524E-7	4.551E-2
21.184	-3.549E-4	4.552E-2
21.193	-7.567E-4	4.543E-2
21.201	-1.003E-3	4.530E-2
21.209	-1.197E-3	4.513E-2
21.218	-1.233E-3	4.495E-2
21.226	-1.177E-3	4.478E-2
21.234	-9.812E-4	4.465E-2
21.243	-7.056E-4	4.454E-2
21.251	-3.212E-4	4.450E-2
21.260	6.287E-5	4.449E-2
21.268	3.934E-4	4.459E-2
21.276	6.680E-4	4.471E-2
21.285	8.741E-4	4.489E-2
21.293	9.958E-4	4.508E-2
21.301	9.116E-4	4.528E-2
21.310	7.531E-4	4.546E-2
21.318	4.512E-4	4.559E-2
21.327	1.438E-4	4.561E-2
21.335	-2.371E-4	4.561E-2
21.343	-5.515E-4	4.554E-2
21.352	-8.094E-4	4.538E-2
21.360	-1.013E-3	4.518E-2
21.368	-1.136E-3	4.494E-2
21.377	-1.153E-3	4.471E-2
21.385	-9.941E-4	4.452E-2
21.394	-7.629E-4	4.438E-2
21.402	-4.796E-4	4.431E-2
21.410	-9.548E-5	4.434E-2
21.419	2.061E-4	4.443E-2
21.427	5.400E-4	4.459E-2
21.435	7.438E-4	4.482E-2
21.444	8.592E-4	4.506E-2
21.452	8.681E-4	4.531E-2
21.461	8.160E-4	4.553E-2
21.469	6.108E-4	4.568E-2
21.477	3.579E-4	4.576E-2
21.486	2.568E-6	4.577E-2
21.494	-3.053E-4	4.568E-2
21.502	-5.729E-4	4.552E-2
21.511	-7.841E-4	4.530E-2
21.519	-9.464E-4	4.506E-2
21.528	-9.789E-4	4.478E-2
21.536	-9.435E-4	4.458E-2
21.544	-7.535E-4	4.440E-2
21.553	-5.058E-4	4.429E-2
21.561	-2.472E-4	4.425E-2
21.570	9.294E-5	4.431E-2
21.578	3.763E-4	4.450E-2
21.586	6.264E-4	4.471E-2
21.595	8.135E-4	4.498E-2
21.603	8.827E-4	4.524E-2
21.611	8.568E-4	4.552E-2
21.620	6.911E-4	4.573E-2
21.628	4.482E-4	4.585E-2
21.637	1.878E-4	4.584E-2
21.645	-8.130E-5	4.579E-2
21.653	-3.615E-4	4.561E-2
21.662	-6.697E-4	4.537E-2
21.670	-8.074E-4	4.509E-2
21.678	-9.336E-4	4.480E-2
21.687	-9.396E-4	4.452E-2
21.695	-7.866E-4	4.432E-2
21.704	-5.806E-4	4.420E-2
21.712	-3.832E-4	4.416E-2
21.720	-1.079E-4	4.421E-2
21.729	1.665E-4	4.438E-2
21.737	4.057E-4	4.463E-2
21.745	6.153E-4	4.493E-2
21.754	6.941E-4	4.525E-2
21.762	6.963E-4	4.555E-2
21.771	6.403E-4	4.579E-2
21.779	4.586E-4	4.595E-2
21.787	2.373E-4	4.599E-2
21.796	-1.022E-5	4.598E-2
21.804	-2.789E-4	4.580E-2
21.812	-5.127E-4	4.555E-2
21.821	-7.063E-4	4.525E-2
21.829	-7.902E-4	4.492E-2
21.838	-8.057E-4	4.461E-2
21.846	-7.835E-4	4.435E-2
21.854	-6.735E-4	4.418E-2
21.863	-5.091E-4	4.412E-2
21.871	-2.809E-4	4.417E-2
21.879	-5.099E-5	4.432E-2
21.888	1.815E-4	4.458E-2
21.896	3.974E-4	4.490E-2
21.905	5.522E-4	4.525E-2
21.913	6.127E-4	4.557E-2
21.921	6.193E-4	4.583E-2
21.930	5.192E-4	4.602E-2
21.938	3.826E-4	4.609E-2
21.946	1.747E-4	4.607E-2
21.955	-5.613E-5	4.587E-2
21.963	-2.822E-4	4.561E-2
21.972	-4.931E-4	4.530E-2
21.980	-5.778E-4	4.494E-2
21.988	-7.232E-4	4.460E-2
21.997	-7.328E-4	4.431E-2
22.005	-7.091E-4	4.412E-2
22.013	-5.440E-4	4.402E-2
22.022	-3.835E-4	4.401E-2
22.030	-2.430E-4	4.415E-2
22.039	-3.186E-5	4.439E-2
22.047	1.710E-4	4.473E-2
22.055	3.618E-4	4.508E-2
22.064	4.402E-4	4.542E-2
22.072	4.928E-4	4.571E-2
22.080	4.649E-4	4.597E-2
22.089	3.979E-4	4.608E-2
22.097	2.580E-4	4.607E-2
22.106	1.084E-4	4.594E-2
22.114	-9.247E-5	4.571E-2
22.122	-2.939E-4	4.539E-2
22.131	-4.671E-4	4.504E-2
22.139	-5.551E-4	4.468E-2
22.147	-6.242E-4	4.435E-2
22.156	-6.477E-4	4.413E-2
22.164	-5.884E-4	4.399E-2
22.173	-5.447E-4	4.397E-2
22.181	-3.562E-4	4.409E-2
22.189	-2.465E-4	4.434E-2
22.198	-6.967E-5	4.465E-2
22.206	1.379E-4	4.502E-2
22.214	2.611E-4	4.539E-2
22.223	3.711E-4	4.573E-2
22.231	4.013E-4	4.599E-2
22.240	3.995E-4	4.613E-2
22.248	3.745E-4	4.612E-2
22.256	2.173E-4	4.601E-2
22.265	1.260E-4	4.579E-2
22.273	-5.693E-5	4.549E-2
22.282	-2.425E-4	4.513E-2
22.290	-3.364E-4	4.475E-2
22.298	-4.948E-4	4.439E-2
22.307	-5.338E-4	4.412E-2
22.315	-5.328E-4	4.396E-2
22.323	-5.275E-4	4.393E-2
22.332	-4.851E-4	4.400E-2
22.340	-3.269E-4	4.421E-2
22.349	-2.146E-4	4.450E-2
22.357	-5.158E-5	4.486E-2
22.365	1.335E-4	4.525E-2
22.374	2.321E-4	4.560E-2
22.382	3.703E-4	4.586E-2
22.390	4.108E-4	4.604E-2
22.399	4.113E-4	4.609E-2
22.407	3.871E-4	4.603E-2
22.416	2.723E-4	4.581E-2
22.424	1.568E-4	4.552E-2
22.432	-2.804E-5	4.516E-2
22.441	-1.667E-4	4.480E-2
22.449	-3.077E-4	4.444E-2
22.457	-4.414E-4	4.415E-2
22.466	-5.084E-4	4.396E-2
22.474	-5.325E-4	4.391E-2
22.483	-5.368E-4	4.396E-2
22.491	-5.049E-4	4.415E-2
22.499	-3.665E-4	4.443E-2
22.508	-2.839E-4	4.478E-2
22.516	-8.388E-5	4.517E-2
22.524	6.482E-5	4.553E-2
22.533	1.780E-4	4.582E-2
22.541	3.277E-4	4.602E-2
22.550	3.727E-4	4.610E-2
22.558	3.911E-4	4.604E-2
22.566	3.962E-4	4.586E-2
22.575	3.028E-4	4.559E-2
22.583	1.608E-4	4.524E-2
22.591	-6.464E-6	4.490E-2
22.600	-1.326E-4	4.453E-2
22.608	-3.147E-4	4.425E-2
22.617	-4.568E-4	4.401E-2
22.625	-5.366E-4	4.392E-2
22.633	-5.748E-4	4.395E-2
22.642	-5.622E-4	4.412E-2
22.650	-5.427E-4	4.437E-2
22.658	-4.478E-4	4.471E-2
22.667	-2.955E-4	4.506E-2
22.675	-9.181E-5	4.542E-2
22.684	1.006E-4	4.573E-2
22.692	1.955E-4	4.597E-2
22.700	3.684E-4	4.607E-2
22.709	4.244E-4	4.606E-2
22.717	4.493E-4	4.591E-2
22.725	4.379E-4	4.568E-2
22.734	3.778E-4	4.537E-2
22.742	2.049E-4	4.503E-2
22.751	6.031E-5	4.468E-2
22.759	-1.088E-4	4.437E-2
22.767	-2.956E-4	4.415E-2
22.776	-4.924E-4	4.402E-2
22.784	-5.597E-4	4.400E-2
22.792	-6.433E-4	4.413E-2
22.801	-6.766E-4	4.436E-2
22.809	-5.769E-4	4.465E-2
22.818	-5.010E-4	4.501E-2
22.826	-3.058E-4	4.536E-2
22.834	-9.021E-5	4.566E-2
22.843	1.264E-4	4.587E-2
22.851	3.062E-4	4.599E-2
22.859	4.199E-4	4.602E-2
22.868	5.515E-4	4.591E-2
22.876	5.306E-4	4.569E-2
22.885	5.015E-4	4.541E-2
22.893	3.903E-4	4.508E-2
22.901	2.079E-4	4.475E-2
22.910	2.186E-5	4.443E-2
22.918	-2.143E-4	4.418E-2
22.926	-4.239E-4	4.404E-2
22.935	-5.762E-4	4.400E-2
22.943	-7.373E-4	4.407E-2
22.952	-7.737E-4	4.427E-2
22.960	-7.657E-4	4.453E-2
22.968	-7.046E-4	4.487E-2
22.977	-5.337E-4	4.520E-2
22.985	-3.120E-4	4.549E-2
22.994	-7.617E-5	4.575E-2
23.002	1.627E-4	4.589E-2
23.010	3.858E-4	4.592E-2
23.019	5.572E-4	4.587E-2
23.027	6.265E-4	4.568E-2
23.035	6.322E-4	4.545E-2
23.044	6.147E-4	4.513E-2
23.052	4.359E-4	4.482E-2
23.061	2.186E-4	4.454E-2
23.069	-2.371E-5	4.433E-2
23.077	-2.726E-4	4.418E-2
23.086	-5.142E-4	4.417E-2
23.094	-7.176E-4	4.419E-2
23.102	-7.905E-4	4.435E-2
23.111	-8.113E-4	4.460E-2
23.119	-7.692E-4	4.488E-2
23.128	-6.964E-4	4.516E-2
23.136	-5.026E-4	4.543E-2
23.144	-2.667E-4	4.564E-2
23.153	-7.490E-6	4.580E-2
23.161	2.275E-4	4.583E-2
23.169	4.394E-4	4.581E-2
23.178	6.276E-4	4.567E-2
23.186	6.911E-4	4.542E-2
23.195	6.833E-4	4.515E-2
23.203	6.071E-4	4.487E-2
23.211	4.034E-4	4.461E-2
23.220	1.715E-4	4.440E-2
23.228	-8.933E-5	4.423E-2
23.236	-3.414E-4	4.418E-2
23.245	-5.713E-4	4.420E-2
23.253	-7.530E-4	4.433E-2
23.262	-8.657E-4	4.453E-2
23.270	-9.292E-4	4.480E-2
23.278	-8.098E-4	4.507E-2
23.287	-6.687E-4	4.534E-2
23.295	-4.468E-4	4.556E-2
23.303	-1.263E-4	4.571E-2
23.312	1.460E-4	4.580E-2
23.320	4.032E-4	4.578E-2
23.329	6.345E-4	4.566E-2
23.337	7.995E-4	4.548E-2
23.345	7.869E-4	4.528E-2
23.354	7.242E-4	4.505E-2
23.362	5.890E-4	4.483E-2
23.370	3.660E-4	4.462E-2
23.379	7.007E-5	4.445E-2
23.387	-2.841E-4	4.439E-2
23.396	-5.466E-4	4.439E-2
23.404	-7.793E-4	4.446E-2
23.412	-9.734E-4	4.463E-2
23.421	-1.005E-3	4.482E-2
23.429	-9.763E-4	4.506E-2
23.437	-8.071E-4	4.529E-2
23.446	-5.589E-4	4.548E-2
23.454	-2.769E-4	4.563E-2
23.463	2.610E-5	4.567E-2
23.471	3.677E-4	4.564E-2
23.479	6.365E-4	4.558E-2
23.488	8.508E-4	4.544E-2
23.496	9.269E-4	4.525E-2
23.504	9.113E-4	4.506E-2
23.513	8.145E-4	4.487E-2
23.521	6.072E-4	4.468E-2
23.530	3.049E-4	4.455E-2
23.538	-4.644E-5	4.448E-2
23.546	-3.582E-4	4.446E-2
23.555	-7.219E-4	4.450E-2
23.563	-9.515E-4	4.462E-2
23.571	-1.021E-3	4.479E-2
23.580	-1.011E-3	4.496E-2
23.588	-9.526E-4	4.513E-2
23.597	-7.495E-4	4.530E-2
23.605	-4.689E-4	4.541E-2
23.613	-1.083E-4	4.548E-2
23.622	2.097E-4	4.552E-2
23.630	5.224E-4	4.548E-2
23.639	7.561E-4	4.538E-2
23.647	8.911E-4	4.526E-2
23.655	8.973E-4	4.510E-2
23.664	8.641E-4	4.493E-2
23.672	6.526E-4	4.481E-2
23.680	3.968E-4	4.468E-2
23.689	5.580E-5	4.463E-2
23.697	-3.061E-4	4.463E-2
23.706	-6.434E-4	4.463E-2
23.714	-9.424E-4	4.472E-2
23.722	-1.092E-3	4.484E-2
23.731	-1.187E-3	4.495E-2
23.739	-1.133E-3	4.509E-2
23.747	-9.848E-4	4.520E-2
23.756	-7.209E-4	4.529E-2
23.764	-3.317E-4	4.535E-2
23.773	-9.862E-6	4.536E-2
23.781	3.746E-4	4.535E-2
23.789	6.498E-4	4.528E-2
23.798	8.684E-4	4.519E-2
23.806	9.828E-4	4.507E-2
23.814	9.532E-4	4.495E-2
23.823	8.133E-4	4.486E-2
23.831	5.618E-4	4.478E-2
23.840	1.795E-4	4.474E-2
23.848	-1.693E-4	4.470E-2
23.856	-5.311E-4	4.469E-2
23.865	-8.051E-4	4.475E-2
23.873	-1.021E-3	4.486E-2
23.881	-1.166E-3	4.494E-2
23.890	-1.180E-3	4.503E-2
23.898	-1.020E-3	4.512E-2
23.907	-7.777E-4	4.517E-2
23.915	-4.931E-4	4.518E-2
23.923	-9.221E-5	4.518E-2
23.932	2.381E-4	4.516E-2
23.940	6.091E-4	4.512E-2
23.948	8.649E-4	4.508E-2
23.957	1.052E-3	4.503E-2
23.965	1.073E-3	4.496E-2
23.974	9.488E-4	4.489E-2
23.982	6.963E-4	4.486E-2
23.990	4.105E-4	4.485E-2
23.999	2.636E-5	4.485E-2
24.007	-3.229E-4	4.486E-2
24.015	-7.013E-4	4.487E-2
24.024	-9.704E-4	4.492E-2
24.032	-1.142E-3	4.496E-2
24.041	-1.203E-3	4.499E-2
24.049	-1.132E-3	4.507E-2
24.057	-9.626E-4	4.508E-2
24.066	-6.602E-4	4.509E-2
24.074	-2.977E-4	4.510E-2
24.082	1.073E-4	4.509E-2
24.091	3.990E-4	4.509E-2
24.099	6.874E-4	4.505E-2
24.108	8.854E-4	4.506E-2
24.116	1.018E-3	4.506E-2
24.124	9.309E-4	4.505E-2
24.133	7.457E-4	4.505E-2
24.141	4.398E-4	4.506E-2
24.149	1.332E-4	4.507E-2
24.158	-2.674E-4	4.509E-2
24.166	-5.762E-4	4.509E-2
24.175	-9.093E-4	4.511E-2
24.183	-1.117E-3	4.511E-2
24.191	-1.229E-3	4.510E-2
24.200	-1.221E-3	4.510E-2
24.208	-1.019E-3	4.508E-2
24.216	-7.690E-4	4.509E-2
24.225	-4.635E-4	4.504E-2
24.233	-7.160E-5	4.503E-2
24.242	2.932E-4	4.504E-2
24.250	6.163E-4	4.505E-2
24.258	8.572E-4	4.507E-2
24.267	9.989E-4	4.507E-2
24.275	9.742E-4	4.510E-2
24.283	8.500E-4	4.514E-2
24.292	6.233E-4	4.517E-2
24.300	3.164E-4	4.519E-2
24.309	-6.923E-5	4.519E-2
24.317	-4.583E-4	4.517E-2
24.325	-7.703E-4	4.515E-2
24.334	-1.005E-3	4.511E-2
24.342	-1.173E-3	4.508E-2
24.351	-1.192E-3	4.503E-2
24.359	-1.074E-3	4.496E-2
24.367	-9.104E-4	4.489E-2
24.376	-5.755E-4	4.487E-2
24.384	-2.565E-4	4.482E-2
24.392	1.487E-4	4.483E-2
24.401	4.420E-4	4.484E-2
24.409	7.214E-4	4.489E-2
24.418	8.838E-4	4.493E-2
24.426	9.300E-4	4.502E-2
24.434	8.642E-4	4.512E-2
24.443	6.647E-4	4.519E-2
24.451	3.993E-4	4.526E-2
24.459	8.944E-5	4.532E-2
24.468	-3.021E-4	4.533E-2
24.476	-5.990E-4	4.533E-2
24.485	-9.291E-4	4.526E-2
24.493	-1.078E-3	4.516E-2
24.501	-1.194E-3	4.506E-2
24.510	-1.179E-3	4.494E-2
24.518	-9.946E-4	4.484E-2
24.526	-7.442E-4	4.477E-2
24.535	-3.811E-4	4.472E-2
24.543	-6.466E-5	4.468E-2
24.552	2.881E-4	4.470E-2
24.560	5.925E-4	4.476E-2
24.568	8.180E-4	4.489E-2
24.577	8.858E-4	4.501E-2
24.585	8.848E-4	4.515E-2
24.593	7.421E-4	4.528E-2
24.602	4.943E-4	4.537E-2
24.610	1.845E-4	4.542E-2
24.619	-1.107E-4	4.543E-2
24.627	-4.805E-4	4.540E-2
24.635	-7.629E-4	4.530E-2
24.644	-9.788E-4	4.517E-2
24.652	-1.037E-3	4.504E-2
24.660	-1.023E-3	4.489E-2
24.669	-9.646E-4	4.474E-2
24.677	-7.524E-4	4.461E-2
24.686	-4.942E-4	4.455E-2
24.694	-1.466E-4	4.454E-2
24.702	1.646E-4	4.460E-2
24.711	4.311E-4	4.467E-2
24.719	6.615E-4	4.481E-2
24.727	8.424E-4	4.497E-2
24.736	8.525E-4	4.514E-2
24.744	8.418E-4	4.530E-2
24.753	6.298E-4	4.543E-2
24.761	3.894E-4	4.552E-2
24.769	1.028E-4	4.556E-2
24.778	-2.758E-4	4.554E-2
24.786	-5.438E-4	4.543E-2
24.794	-7.700E-4	4.529E-2
24.803	-9.541E-4	4.511E-2
24.811	-9.831E-4	4.492E-2
24.820	-9.760E-4	4.471E-2
24.828	-7.759E-4	4.455E-2
24.836	-5.359E-4	4.445E-2
24.845	-2.733E-4	4.441E-2
24.853	1.393E-5	4.443E-2
24.861	3.306E-4	4.454E-2
24.870	5.480E-4	4.471E-2
24.878	6.734E-4	4.489E-2
24.887	7.782E-4	4.510E-2
24.895	7.460E-4	4.530E-2
24.903	6.069E-4	4.550E-2
24.912	3.939E-4	4.561E-2
24.920	1.605E-4	4.565E-2
24.928	-1.060E-4	4.562E-2
24.937	-3.884E-4	4.554E-2
24.945	-6.623E-4	4.536E-2
24.954	-8.073E-4	4.515E-2
24.962	-9.281E-4	4.492E-2
24.970	-9.355E-4	4.468E-2
24.979	-7.998E-4	4.449E-2
24.987	-6.538E-4	4.435E-2
24.995	-4.321E-4	4.430E-2
25.004	-1.476E-4	4.434E-2
25.012	1.289E-4	4.443E-2
25.021	3.810E-4	4.461E-2
25.029	5.954E-4	4.484E-2
25.037	6.691E-4	4.508E-2
25.046	6.653E-4	4.532E-2
25.054	6.395E-4	4.555E-2
25.063	4.634E-4	4.571E-2
25.071	2.625E-4	4.580E-2
25.079	-2.334E-6	4.579E-2
25.088	-2.677E-4	4.570E-2
25.096	-5.097E-4	4.555E-2
25.104	-7.115E-4	4.532E-2
25.113	-7.891E-4	4.506E-2
25.121	-8.072E-4	4.482E-2
25.130	-7.847E-4	4.459E-2
25.138	-6.842E-4	4.441E-2
25.146	-5.115E-4	4.431E-2
25.155	-2.780E-4	4.434E-2
25.163	-4.298E-5	4.443E-2
25.171	1.901E-4	4.461E-2
25.180	4.036E-4	4.484E-2
25.188	5.685E-4	4.511E-2
25.197	6.153E-4	4.536E-2
25.205	6.224E-4	4.560E-2
25.213	5.055E-4	4.579E-2
25.222	3.742E-4	4.588E-2
25.230	1.677E-4	4.586E-2
25.238	-6.174E-5	4.579E-2
25.247	-2.891E-4	4.560E-2
25.255	-5.023E-4	4.536E-2
25.264	-6.248E-4	4.508E-2
25.272	-7.467E-4	4.481E-2
25.280	-7.523E-4	4.456E-2
25.289	-7.060E-4	4.436E-2
25.297	-5.453E-4	4.423E-2
25.305	-3.460E-4	4.421E-2
25.314	-1.629E-4	4.425E-2
25.322	3.911E-5	4.441E-2
25.331	1.995E-4	4.465E-2
25.339	3.820E-4	4.493E-2
25.347	4.537E-4	4.521E-2
25.356	4.573E-4	4.549E-2
25.364	4.530E-4	4.574E-2
25.372	3.838E-4	4.586E-2
25.381	2.037E-4	4.589E-2
25.389	3.768E-5	4.582E-2
25.398	-1.444E-4	4.564E-2
25.406	-3.294E-4	4.539E-2
25.414	-5.120E-4	4.510E-2
25.423	-5.700E-4	4.478E-2
25.431	-6.335E-4	4.451E-2
25.439	-6.527E-4	4.425E-2
25.448	-5.682E-4	4.409E-2
25.456	-4.910E-4	4.411E-2
25.465	-3.043E-4	4.413E-2
25.473	-1.002E-4	4.430E-2
25.481	7.729E-5	4.457E-2
25.490	1.870E-4	4.487E-2
25.498	3.630E-4	4.518E-2
25.506	4.100E-4	4.547E-2
25.515	4.143E-4	4.576E-2
25.523	4.127E-4	4.591E-2
25.532	3.559E-4	4.597E-2
25.540	1.920E-4	4.593E-2
25.548	2.567E-5	4.581E-2
25.557	-1.127E-4	4.556E-2
25.565	-2.843E-4	4.527E-2
25.573	-3.847E-4	4.493E-2
25.582	-5.201E-4	4.463E-2
25.590	-5.382E-4	4.437E-2
25.599	-5.327E-4	4.419E-2
25.607	-5.055E-4	4.411E-2
25.615	-4.005E-4	4.413E-2
25.624	-2.825E-4	4.431E-2
25.632	-9.265E-5	4.455E-2
25.640	2.975E-5	4.485E-2
25.649	1.652E-4	4.517E-2
25.657	2.683E-4	4.548E-2
25.666	3.429E-4	4.577E-2
25.674	3.406E-4	4.596E-2
25.682	3.215E-4	4.606E-2
25.691	2.055E-4	4.604E-2
25.699	1.375E-4	4.590E-2
25.707	-1.562E-5	4.564E-2
25.716	-1.145E-4	4.533E-2
25.724	-2.865E-4	4.500E-2
25.733	-3.449E-4	4.468E-2
25.741	-4.793E-4	4.440E-2
25.749	-4.905E-4	4.419E-2
25.758	-5.182E-4	4.408E-2
25.766	-5.005E-4	4.410E-2
25.775	-3.935E-4	4.422E-2
25.783	-2.969E-4	4.444E-2
25.791	-1.475E-4	4.471E-2
25.800	-5.267E-5	4.503E-2
25.808	1.251E-4	4.536E-2
25.816	1.962E-4	4.565E-2
25.825	2.693E-4	4.585E-2
25.833	3.333E-4	4.598E-2
25.842	2.951E-4	4.600E-2
25.850	2.096E-4	4.588E-2
25.858	1.469E-4	4.566E-2
25.867	3.670E-5	4.536E-2
25.875	-9.392E-5	4.504E-2
25.883	-2.598E-4	4.469E-2
25.892	-3.255E-4	4.441E-2
25.900	-4.525E-4	4.418E-2
25.909	-5.111E-4	4.405E-2
25.917	-5.275E-4	4.400E-2
25.925	-5.233E-4	4.411E-2
25.934	-4.336E-4	4.430E-2
25.942	-3.129E-4	4.461E-2
25.950	-2.178E-4	4.492E-2
25.959	-7.216E-5	4.525E-2
25.967	7.866E-5	4.556E-2
25.976	1.620E-4	4.580E-2
25.984	2.527E-4	4.596E-2
25.992	3.262E-4	4.601E-2
26.001	3.083E-4	4.593E-2
26.009	2.408E-4	4.577E-2
26.017	1.609E-4	4.550E-2
26.026	8.072E-5	4.518E-2
26.034	-8.273E-5	4.484E-2
26.043	-2.353E-4	4.456E-2
26.051	-3.289E-4	4.433E-2
26.059	-4.655E-4	4.418E-2
26.068	-5.342E-4	4.413E-2
26.076	-5.460E-4	4.419E-2
26.084	-5.375E-4	4.437E-2
26.093	-4.969E-4	4.463E-2
26.101	-3.404E-4	4.492E-2
26.110	-2.472E-4	4.523E-2
26.118	-7.388E-5	4.556E-2
26.126	9.660E-5	4.580E-2
26.135	1.801E-4	4.597E-2
26.143	3.301E-4	4.603E-2
26.151	3.762E-4	4.598E-2
26.160	3.876E-4	4.583E-2
26.168	3.755E-4	4.558E-2
26.177	2.496E-4	4.529E-2
26.185	1.487E-4	4.494E-2
26.193	-3.263E-5	4.464E-2
26.202	-1.897E-4	4.439E-2
26.210	-3.196E-4	4.420E-2
26.218	-4.903E-4	4.415E-2
26.227	-5.423E-4	4.418E-2
26.235	-5.370E-4	4.432E-2
26.244	-5.397E-4	4.458E-2
26.252	-5.081E-4	4.486E-2
26.260	-3.682E-4	4.514E-2
26.269	-2.728E-4	4.543E-2
26.277	-7.051E-5	4.567E-2
26.285	1.275E-4	4.583E-2
26.294	2.532E-4	4.588E-2
26.302	3.937E-4	4.585E-2
26.311	4.333E-4	4.574E-2
26.319	4.277E-4	4.554E-2
26.327	4.063E-4	4.527E-2
26.336	3.250E-4	4.498E-2
26.344	1.524E-4	4.467E-2
26.352	-5.008E-5	4.441E-2
26.361	-2.492E-4	4.423E-2
26.369	-4.057E-4	4.415E-2
26.378	-5.488E-4	4.416E-2
26.386	-6.590E-4	4.426E-2
26.394	-6.829E-4	4.445E-2
26.403	-6.894E-4	4.471E-2
26.411	-5.624E-4	4.497E-2
26.420	-4.473E-4	4.524E-2
26.428	-2.797E-4	4.552E-2
26.436	-5.604E-5	4.572E-2
26.445	1.585E-4	4.582E-2
26.453	3.652E-4	4.582E-2
26.461	4.495E-4	4.573E-2
26.470	5.327E-4	4.556E-2
26.478	5.101E-4	4.533E-2
26.487	4.221E-4	4.505E-2
26.495	3.036E-4	4.478E-2
26.503	1.248E-4	4.456E-2
26.512	-8.601E-5	4.440E-2
26.520	-3.026E-4	4.428E-2
26.528	-5.140E-4	4.424E-2
26.537	-6.625E-4	4.432E-2
26.545	-7.551E-4	4.449E-2
26.554	-7.553E-4	4.471E-2
26.562	-7.342E-4	4.495E-2
26.570	-5.537E-4	4.519E-2
26.579	-3.708E-4	4.541E-2
26.587	-1.977E-4	4.559E-2
26.595	3.539E-5	4.569E-2
26.604	2.437E-4	4.574E-2
26.612	4.091E-4	4.568E-2
26.621	5.854E-4	4.556E-2
26.629	6.098E-4	4.535E-2
26.637	6.125E-4	4.511E-2
26.646	4.540E-4	4.485E-2
26.654	2.779E-4	4.463E-2
26.662	4.361E-5	4.444E-2
26.671	-2.205E-4	4.435E-2
26.679	-4.676E-4	4.434E-2
26.688	-6.589E-4	4.440E-2
26.696	-7.869E-4	4.452E-2
26.704	-7.914E-4	4.473E-2
26.713	-7.840E-4	4.494E-2
26.721	-7.370E-4	4.516E-2
26.729	-5.413E-4	4.536E-2
26.738	-3.020E-4	4.554E-2
26.746	-5.664E-5	4.564E-2
26.755	1.884E-4	4.563E-2
26.763	4.142E-4	4.560E-2
26.771	6.169E-4	4.549E-2
26.780	6.742E-4	4.533E-2
26.788	6.770E-4	4.513E-2
26.796	6.230E-4	4.490E-2
26.805	4.232E-4	4.469E-2
26.813	1.926E-4	4.450E-2
26.822	-5.729E-5	4.440E-2
26.830	-3.039E-4	4.438E-2
26.838	-5.412E-4	4.442E-2
26.847	-7.497E-4	4.451E-2
26.855	-8.380E-4	4.466E-2
26.863	-8.864E-4	4.486E-2
26.872	-8.337E-4	4.506E-2
26.880	-7.421E-4	4.525E-2
26.889	-5.152E-4	4.542E-2
26.897	-2.534E-4	4.552E-2
26.905	4.996E-5	4.554E-2
26.914	3.500E-4	4.555E-2
26.922	5.869E-4	4.546E-2
26.930	6.932E-4	4.534E-2
26.939	7.294E-4	4.516E-2
26.947	6.827E-4	4.497E-2
26.956	5.963E-4	4.479E-2
26.964	3.792E-4	4.466E-2
26.972	1.318E-4	4.456E-2
26.981	-1.874E-4	4.452E-2
26.989	-4.982E-4	4.458E-2
26.997	-7.392E-4	4.466E-2
27.006	-8.966E-4	4.476E-2
27.014	-9.766E-4	4.494E-2
27.023	-9.720E-4	4.509E-2
27.031	-8.039E-4	4.526E-2
27.039	-5.736E-4	4.537E-2
27.048	-3.059E-4	4.546E-2
27.056	-3.236E-5	4.552E-2
27.064	2.615E-4	4.553E-2
27.073	5.124E-4	4.545E-2
27.081	6.755E-4	4.536E-2
27.090	8.311E-4	4.523E-2
27.098	8.452E-4	4.511E-2
27.106	7.130E-4	4.495E-2
27.115	5.139E-4	4.484E-2
27.123	2.055E-4	4.474E-2
27.132	-7.403E-5	4.467E-2
27.140	-3.447E-4	4.467E-2
27.148	-6.202E-4	4.470E-2
27.157	-8.189E-4	4.481E-2
27.165	-9.961E-4	4.492E-2
27.173	-9.943E-4	4.504E-2
27.182	-9.533E-4	4.515E-2
27.190	-7.623E-4	4.525E-2
27.199	-5.123E-4	4.533E-2
27.207	-2.258E-4	4.536E-2
27.215	1.397E-4	4.535E-2
27.224	4.144E-4	4.532E-2
27.232	6.444E-4	4.526E-2
27.240	8.378E-4	4.516E-2
27.249	8.542E-4	4.507E-2
27.257	8.384E-4	4.495E-2
27.266	6.528E-4	4.487E-2
27.274	4.111E-4	4.482E-2
27.282	1.298E-4	4.480E-2
27.291	-2.306E-4	4.482E-2
27.299	-5.174E-4	4.486E-2
27.307	-7.652E-4	4.490E-2
27.316	-9.599E-4	4.494E-2
27.324	-9.884E-4	4.505E-2
27.333	-9.788E-4	4.511E-2
27.341	-8.011E-4	4.517E-2
27.349	-5.487E-4	4.521E-2
27.358	-2.698E-4	4.521E-2
27.366	3.727E-5	4.518E-2
27.374	3.760E-4	4.516E-2
27.383	6.490E-4	4.510E-2
27.391	8.571E-4	4.504E-2
27.400	9.252E-4	4.500E-2
27.408	8.988E-4	4.495E-2
27.416	7.717E-4	4.489E-2
27.425	5.005E-4	4.488E-2
27.433	1.892E-4	4.486E-2
27.441	-8.905E-5	4.487E-2
27.450	-4.424E-4	4.489E-2
27.458	-7.424E-4	4.492E-2
27.467	-9.479E-4	4.494E-2
27.475	-1.021E-3	4.493E-2
27.483	-1.008E-3	4.497E-2
27.492	-9.476E-4	4.502E-2
27.500	-7.435E-4	4.506E-2
27.508	-4.847E-4	4.508E-2
27.517	-1.143E-4	4.508E-2
27.525	1.862E-4	4.508E-2
27.534	4.739E-4	4.505E-2
27.542	6.987E-4	4.504E-2
27.550	8.612E-4	4.503E-2
27.559	8.671E-4	4.504E-2
27.567	8.285E-4	4.504E-2
27.575	6.322E-4	4.506E-2
27.584	3.816E-4	4.506E-2
27.592	3.619E-5	4.508E-2
27.601	-2.890E-4	4.510E-2
27.609	-5.578E-4	4.511E-2
27.617	-7.864E-4	4.511E-2
27.626	-9.647E-4	4.511E-2
27.634	-9.711E-4	4.510E-2
27.642	-9.681E-4	4.509E-2
27.651	-7.707E-4	4.508E-2
27.659	-5.192E-4	4.507E-2
27.668	-2.537E-4	4.505E-2
27.676	1.245E-4	4.504E-2
27.684	4.247E-4	4.505E-2
27.693	6.719E-4	4.506E-2
27.701	8.671E-4	4.507E-2
27.709	9.133E-4	4.508E-2
27.718	8.769E-4	4.512E-2
27.726	6.899E-4	4.515E-2
27.735	4.428E-4	4.514E-2
27.743	1.679E-4	4.518E-2
27.751	-1.622E-4	4.517E-2
27.760	-5.099E-4	4.516E-2
27.768	-7.580E-4	4.514E-2
27.776	-9.629E-4	4.511E-2
27.785	-1.011E-3	4.509E-2
27.793	-9.998E-4	4.501E-2
27.802	-8.808E-4	4.496E-2
27.810	-7.071E-4	4.490E-2
27.818	-4.095E-4	4.486E-2
27.827	-8.682E-5	4.485E-2
27.835	1.998E-4	4.485E-2
27.844	4.797E-4	4.486E-2
27.852	6.777E-4	4.490E-2
27.860	8.340E-4	4.495E-2
27.869	8.500E-4	4.503E-2
27.877	7.244E-4	4.511E-2
27.885	5.375E-4	4.517E-2
27.894	2.234E-4	4.522E-2
27.902	-6.843E-5	4.529E-2
27.911	-3.426E-4	4.530E-2
27.919	-6.161E-4	4.529E-2
27.927	-8.403E-4	4.523E-2
27.936	-1.003E-3	4.516E-2
27.944	-9.983E-4	4.505E-2
27.952	-9.589E-4	4.495E-2
27.961	-7.697E-4	4.485E-2
27.969	-5.268E-4	4.480E-2
27.978	-2.487E-4	4.476E-2
27.986	9.739E-5	4.479E-2
27.994	3.769E-4	4.482E-2
28.003	6.145E-4	4.490E-2
28.011	7.555E-4	4.498E-2
28.019	8.216E-4	4.508E-2
28.028	7.625E-4	4.520E-2
28.036	6.128E-4	4.529E-2
28.045	3.855E-4	4.536E-2
28.053	1.271E-4	4.539E-2
28.061	-1.985E-4	4.538E-2
28.070	-5.073E-4	4.534E-2
28.078	-7.436E-4	4.529E-2
28.086	-9.018E-4	4.515E-2
28.095	-9.864E-4	4.503E-2
28.103	-9.746E-4	4.490E-2
28.112	-7.862E-4	4.477E-2
28.120	-5.580E-4	4.467E-2
28.128	-3.056E-4	4.463E-2
28.137	-3.802E-5	4.463E-2
28.145	2.248E-4	4.463E-2
28.153	4.578E-4	4.475E-2
28.162	6.433E-4	4.487E-2
28.170	7.424E-4	4.502E-2
28.179	7.141E-4	4.517E-2
28.187	6.224E-4	4.531E-2
28.195	4.111E-4	4.542E-2
28.204	1.780E-4	4.548E-2
28.212	-8.208E-5	4.551E-2
28.220	-3.275E-4	4.548E-2
28.229	-5.534E-4	4.538E-2
28.237	-7.513E-4	4.524E-2
28.246	-8.340E-4	4.509E-2
28.254	-8.703E-4	4.491E-2
28.262	-7.981E-4	4.473E-2
28.271	-6.420E-4	4.461E-2
28.279	-4.451E-4	4.456E-2
28.287	-2.008E-4	4.454E-2
28.296	1.014E-4	4.460E-2
28.304	3.332E-4	4.469E-2
28.313	4.721E-4	4.484E-2
28.321	6.164E-4	4.502E-2
28.329	6.386E-4	4.520E-2
28.338	6.128E-4	4.535E-2
28.346	4.521E-4	4.552E-2
28.354	2.427E-4	4.560E-2
28.363	-6.922E-6	4.560E-2
28.371	-2.652E-4	4.557E-2
28.380	-5.039E-4	4.547E-2
28.388	-6.902E-4	4.533E-2
28.396	-7.904E-4	4.513E-2
28.405	-8.056E-4	4.491E-2
28.413	-7.851E-4	4.470E-2
28.421	-6.927E-4	4.455E-2
28.430	-5.177E-4	4.444E-2
28.438	-2.852E-4	4.440E-2
28.447	-5.693E-5	4.444E-2
28.455	1.802E-4	4.456E-2
28.463	4.033E-4	4.472E-2
28.472	5.689E-4	4.491E-2
28.480	6.115E-4	4.512E-2
28.488	6.192E-4	4.533E-2
28.497	5.088E-4	4.552E-2
28.505	3.758E-4	4.562E-2
28.514	1.628E-4	4.564E-2
28.522	-5.889E-5	4.561E-2
28.530	-2.873E-4	4.552E-2
28.539	-5.013E-4	4.535E-2
28.547	-6.269E-4	4.513E-2
28.556	-7.519E-4	4.490E-2
28.564	-7.523E-4	4.466E-2
28.572	-7.099E-4	4.447E-2
28.581	-5.403E-4	4.435E-2
28.589	-3.391E-4	4.430E-2
28.597	-1.501E-4	4.435E-2
28.606	4.282E-5	4.445E-2
28.614	2.053E-4	4.463E-2
28.623	3.930E-4	4.486E-2
28.631	4.670E-4	4.509E-2
28.639	5.084E-4	4.533E-2
28.648	4.375E-4	4.555E-2
28.656	3.806E-4	4.568E-2
28.664	1.881E-4	4.574E-2
28.673	1.360E-5	4.576E-2
28.681	-1.940E-4	4.563E-2
28.690	-3.452E-4	4.545E-2
28.698	-5.245E-4	4.526E-2
28.706	-5.846E-4	4.502E-2
28.715	-7.008E-4	4.478E-2
28.723	-7.001E-4	4.457E-2
28.731	-5.661E-4	4.442E-2
28.740	-4.795E-4	4.435E-2
28.748	-2.989E-4	4.436E-2
28.757	-8.926E-5	4.443E-2
28.765	1.183E-4	4.462E-2
28.773	2.424E-4	4.486E-2
28.782	3.865E-4	4.511E-2
28.790	4.191E-4	4.535E-2
28.798	4.204E-4	4.558E-2
28.807	3.952E-4	4.576E-2
28.815	2.831E-4	4.585E-2
28.824	1.514E-4	4.583E-2
28.832	-4.455E-5	4.575E-2
28.840	-2.165E-4	4.558E-2
28.849	-3.241E-4	4.534E-2
28.857	-4.988E-4	4.507E-2
28.865	-5.398E-4	4.481E-2
28.874	-5.373E-4	4.459E-2
28.882	-5.346E-4	4.440E-2
28.891	-4.951E-4	4.427E-2
28.899	-3.260E-4	4.423E-2
28.907	-2.220E-4	4.430E-2
28.916	-5.449E-5	4.448E-2
28.924	1.264E-4	4.470E-2
28.932	2.163E-4	4.497E-2
28.941	3.589E-4	4.524E-2
28.949	4.000E-4	4.552E-2
28.958	4.032E-4	4.572E-2
28.966	3.786E-4	4.584E-2
28.974	2.397E-4	4.583E-2
28.983	1.575E-4	4.578E-2
28.991	-1.660E-5	4.561E-2
28.999	-1.497E-4	4.537E-2
29.008	-2.915E-4	4.510E-2
29.016	-4.003E-4	4.483E-2
29.025	-4.946E-4	4.457E-2
29.033	-5.093E-4	4.436E-2
29.041	-5.092E-4	4.423E-2
29.050	-4.433E-4	4.418E-2
29.058	-3.190E-4	4.423E-2
29.066	-2.279E-4	4.440E-2
29.075	-7.313E-5	4.463E-2
29.083	6.179E-5	4.491E-2
29.092	1.595E-4	4.518E-2
29.100	2.218E-4	4.545E-2
29.108	2.807E-4	4.568E-2
29.117	2.617E-4	4.584E-2
29.125	2.057E-4	4.587E-2
29.133	1.668E-4	4.583E-2
29.142	6.127E-5	4.565E-2
29.150	-7.678E-5	4.541E-2
29.159	-2.031E-4	4.514E-2
29.167	-3.052E-4	4.485E-2
29.175	-3.488E-4	4.458E-2
29.184	-4.714E-4	4.435E-2
29.192	-4.876E-4	4.420E-2
29.201	-5.041E-4	4.415E-2
29.209	-4.351E-4	4.420E-2
29.217	-3.316E-4	4.432E-2
29.226	-2.557E-4	4.458E-2
29.234	-1.033E-4	4.486E-2
29.242	1.731E-6	4.514E-2
29.251	1.342E-4	4.541E-2
29.259	1.855E-4	4.563E-2
29.268	2.269E-4	4.580E-2
29.276	2.397E-4	4.585E-2
29.284	2.165E-4	4.584E-2
29.293	1.825E-4	4.568E-2
29.301	1.175E-4	4.551E-2
29.309	-2.156E-5	4.525E-2
29.318	-1.004E-4	4.496E-2
29.326	-2.479E-4	4.466E-2
29.335	-3.066E-4	4.442E-2
29.343	-3.371E-4	4.423E-2
29.351	-4.059E-4	4.416E-2
29.360	-4.432E-4	4.417E-2
29.368	-3.923E-4	4.427E-2
29.376	-3.260E-4	4.445E-2
29.385	-2.647E-4	4.471E-2
29.393	-1.069E-4	4.500E-2
29.402	-2.087E-5	4.531E-2
29.410	1.346E-4	4.556E-2
29.418	1.936E-4	4.576E-2
29.427	2.441E-4	4.585E-2
29.435	2.717E-4	4.584E-2
29.443	2.582E-4	4.574E-2
29.452	1.977E-4	4.556E-2
29.460	1.494E-4	4.530E-2
29.469	2.697E-5	4.503E-2
29.477	-8.503E-5	4.475E-2
29.485	-2.345E-4	4.447E-2
29.494	-3.091E-4	4.426E-2
29.502	-4.093E-4	4.416E-2
29.510	-4.900E-4	4.416E-2
29.519	-5.104E-4	4.424E-2
29.527	-4.912E-4	4.442E-2
29.536	-4.028E-4	4.466E-2
29.544	-3.096E-4	4.494E-2
29.552	-1.981E-4	4.522E-2
29.561	-6.948E-5	4.550E-2
29.569	8.943E-5	4.572E-2
29.577	1.633E-4	4.583E-2
29.586	2.448E-4	4.583E-2
29.594	2.997E-4	4.577E-2
29.603	2.852E-4	4.559E-2
29.611	2.105E-4	4.535E-2
29.619	1.484E-4	4.508E-2
29.628	2.436E-5	4.481E-2
29.636	-9.651E-5	4.457E-2
29.644	-2.691E-4	4.438E-2
29.653	-3.362E-4	4.425E-2
29.661	-4.568E-4	4.421E-2
29.670	-5.294E-4	4.426E-2
29.678	-5.333E-4	4.442E-2
29.686	-5.230E-4	4.465E-2
29.695	-4.580E-4	4.491E-2
29.703	-3.147E-4	4.517E-2
29.711	-1.852E-4	4.541E-2
29.720	-5.144E-5	4.560E-2
29.728	1.398E-4	4.573E-2
29.737	2.301E-4	4.579E-2
29.745	3.619E-4	4.575E-2
29.753	3.814E-4	4.558E-2
29.762	3.968E-4	4.538E-2
29.770	3.670E-4	4.512E-2
29.778	2.186E-4	4.487E-2
29.787	1.177E-4	4.462E-2
29.795	-5.129E-5	4.441E-2
29.804	-2.341E-4	4.428E-2
29.812	-3.426E-4	4.421E-2
29.820	-4.862E-4	4.425E-2
29.829	-5.279E-4	4.438E-2
29.837	-5.290E-4	4.459E-2
29.845	-5.093E-4	4.485E-2
29.854	-4.521E-4	4.511E-2
29.862	-2.897E-4	4.535E-2
29.871	-8.993E-5	4.555E-2
29.879	7.673E-5	4.568E-2
29.887	1.914E-4	4.573E-2
29.896	3.802E-4	4.570E-2
29.904	4.258E-4	4.560E-2
29.913	4.347E-4	4.540E-2
29.921	4.302E-4	4.516E-2
29.929	3.852E-4	4.491E-2
29.938	1.988E-4	4.467E-2
29.946	3.992E-5	4.447E-2
29.954	-1.527E-4	4.432E-2
29.963	-3.293E-4	4.428E-2
29.971	-5.197E-4	4.427E-2
29.980	-5.788E-4	4.438E-2
29.988	-6.663E-4	4.456E-2
29.996	-6.746E-4	4.480E-2
30.005	-5.654E-4	4.505E-2
30.013	-4.824E-4	4.529E-2
30.021	-2.927E-4	4.550E-2
30.030	-6.898E-5	4.563E-2
30.038	1.484E-4	4.567E-2
30.047	3.483E-4	4.564E-2
30.055	4.510E-4	4.555E-2
30.063	5.778E-4	4.538E-2
30.072	5.388E-4	4.517E-2
30.080	4.491E-4	4.493E-2
30.088	3.711E-4	4.472E-2
30.097	1.710E-4	4.452E-2
30.105	-4.775E-5	4.438E-2
30.114	-2.763E-4	4.433E-2
30.122	-4.828E-4	4.436E-2
30.130	-5.859E-4	4.444E-2
30.139	-7.544E-4	4.458E-2
30.147	-7.555E-4	4.478E-2
30.155	-7.477E-4	4.500E-2
30.164	-5.755E-4	4.522E-2
30.172	-4.389E-4	4.541E-2
30.181	-2.441E-4	4.555E-2
30.189	-1.704E-5	4.560E-2
30.197	1.926E-4	4.559E-2
30.206	3.937E-4	4.555E-2
30.214	5.312E-4	4.540E-2
30.222	5.923E-4	4.523E-2
30.231	6.052E-4	4.507E-2
30.239	4.586E-4	4.488E-2
30.248	3.226E-4	4.469E-2
30.256	1.209E-4	4.458E-2
30.264	-1.115E-4	4.452E-2
30.273	-3.232E-4	4.454E-2
30.281	-5.303E-4	4.461E-2
30.289	-7.193E-4	4.470E-2
30.298	-7.580E-4	4.485E-2
30.306	-7.562E-4	4.502E-2
30.315	-7.119E-4	4.520E-2
30.323	-5.265E-4	4.534E-2
30.331	-3.015E-4	4.546E-2
30.340	-6.210E-5	4.555E-2
30.348	1.797E-4	4.556E-2
30.356	4.113E-4	4.553E-2
30.365	6.040E-4	4.540E-2
30.373	6.743E-4	4.529E-2
30.382	6.666E-4	4.511E-2
30.390	6.360E-4	4.494E-2
30.398	4.451E-4	4.481E-2
30.407	2.169E-4	4.468E-2
30.415	-2.921E-5	4.463E-2
30.423	-2.750E-4	4.463E-2
30.432	-5.176E-4	4.464E-2
30.440	-7.333E-4	4.471E-2
30.449	-7.952E-4	4.484E-2
30.457	-7.904E-4	4.496E-2
30.465	-7.603E-4	4.510E-2
30.474	-6.550E-4	4.523E-2
30.482	-4.790E-4	4.535E-2
30.490	-2.412E-4	4.539E-2
30.499	3.612E-5	4.540E-2
30.507	2.703E-4	4.537E-2
30.516	4.718E-4	4.531E-2
30.524	6.218E-4	4.519E-2
30.532	6.716E-4	4.507E-2
30.541	6.490E-4	4.493E-2
30.549	5.455E-4	4.483E-2
30.557	3.535E-4	4.472E-2
30.566	1.242E-4	4.466E-2
30.574	-1.725E-4	4.465E-2
30.583	-4.734E-4	4.466E-2
30.591	-7.068E-4	4.471E-2
30.599	-8.074E-4	4.482E-2
30.608	-9.151E-4	4.492E-2
30.616	-9.115E-4	4.503E-2
30.625	-7.863E-4	4.514E-2
30.633	-5.699E-4	4.519E-2
30.641	-3.166E-4	4.524E-2
30.650	-5.143E-5	4.529E-2
30.658	2.084E-4	4.529E-2
30.666	4.309E-4	4.525E-2
30.675	6.359E-4	4.518E-2
30.683	7.211E-4	4.508E-2
30.692	7.097E-4	4.499E-2
30.700	6.355E-4	4.492E-2
30.708	4.342E-4	4.486E-2
30.717	1.940E-4	4.482E-2
30.725	-6.781E-5	4.483E-2
30.733	-3.219E-4	4.484E-2
30.742	-5.542E-4	4.488E-2
30.750	-7.621E-4	4.492E-2
30.759	-8.873E-4	4.498E-2
30.767	-9.366E-4	4.509E-2
30.775	-8.569E-4	4.514E-2
30.784	-7.401E-4	4.515E-2
30.792	-5.113E-4	4.518E-2
30.800	-2.431E-4	4.519E-2
30.809	7.324E-5	4.516E-2
30.817	3.562E-4	4.512E-2
30.826	5.915E-4	4.508E-2
30.834	6.929E-4	4.507E-2
30.842	7.264E-4	4.499E-2
30.851	6.806E-4	4.495E-2
30.859	5.702E-4	4.490E-2
30.867	3.262E-4	4.489E-2
30.876	1.405E-5	4.488E-2
30.884	-2.866E-4	4.489E-2
30.893	-5.446E-4	4.489E-2
30.901	-7.692E-4	4.493E-2
30.909	-9.166E-4	4.496E-2
30.918	-9.891E-4	4.496E-2
30.926	-9.571E-4	4.499E-2
30.934	-7.935E-4	4.506E-2
30.943	-5.618E-4	4.507E-2
30.951	-3.066E-4	4.508E-2
30.960	-3.482E-5	4.508E-2
30.968	2.413E-4	4.506E-2
30.976	4.627E-4	4.505E-2
30.985	6.374E-4	4.504E-2
30.993	7.510E-4	4.505E-2
31.001	7.306E-4	4.504E-2
31.010	6.195E-4	4.505E-2
31.018	4.056E-4	4.506E-2
31.027	1.681E-4	4.508E-2
31.035	-9.842E-5	4.509E-2
31.043	-3.688E-4	4.509E-2
31.052	-6.676E-4	4.510E-2
31.060	-8.191E-4	4.512E-2
31.068	-9.844E-4	4.511E-2
31.077	-9.808E-4	4.511E-2
31.085	-8.697E-4	4.509E-2
31.094	-7.341E-4	4.509E-2
31.102	-4.893E-4	4.509E-2
31.110	-1.845E-4	4.504E-2
31.119	1.234E-4	4.504E-2
31.127	3.789E-4	4.504E-2
31.135	6.063E-4	4.506E-2
31.144	7.093E-4	4.506E-2
31.152	7.013E-4	4.507E-2
31.161	6.462E-4	4.512E-2
31.169	4.882E-4	4.513E-2
31.177	2.504E-4	4.513E-2
31.186	-3.901E-5	4.517E-2
31.194	-3.054E-4	4.516E-2
31.202	-5.457E-4	4.515E-2
31.211	-7.672E-4	4.514E-2
31.219	-8.958E-4	4.510E-2
31.228	-9.692E-4	4.507E-2
31.236	-9.066E-4	4.503E-2
31.244	-7.708E-4	4.498E-2
31.253	-5.377E-4	4.492E-2
31.261	-2.908E-4	4.487E-2
31.269	-1.609E-5	4.486E-2
31.278	2.665E-4	4.487E-2
31.286	4.706E-4	4.488E-2
31.295	6.293E-4	4.492E-2
31.303	6.891E-4	4.494E-2
31.311	6.799E-4	4.503E-2
31.320	5.859E-4	4.511E-2
31.328	3.838E-4	4.517E-2
31.337	1.556E-4	4.520E-2
31.345	-1.306E-4	4.519E-2
31.353	-4.600E-4	4.517E-2
31.362	-6.878E-4	4.515E-2
31.370	-7.995E-4	4.508E-2
31.378	-9.085E-4	4.500E-2
31.387	-9.051E-4	4.493E-2
31.395	-7.827E-4	4.486E-2
31.404	-5.728E-4	4.480E-2
31.412	-3.239E-4	4.476E-2
31.420	-5.967E-5	4.473E-2
31.429	1.932E-4	4.471E-2
31.437	4.208E-4	4.475E-2
31.445	6.255E-4	4.482E-2
31.454	6.823E-4	4.491E-2
31.462	6.748E-4	4.502E-2
31.471	6.309E-4	4.514E-2
31.479	4.324E-4	4.522E-2
31.487	2.013E-4	4.526E-2
31.496	-4.769E-5	4.531E-2
31.504	-2.943E-4	4.532E-2
31.512	-5.291E-4	4.531E-2
31.521	-7.373E-4	4.519E-2
31.529	-7.967E-4	4.507E-2
31.538	-8.013E-4	4.495E-2
31.546	-7.523E-4	4.484E-2
31.554	-6.090E-4	4.473E-2
31.563	-4.550E-4	4.465E-2
31.571	-2.273E-4	4.463E-2
31.579	5.026E-5	4.463E-2
31.588	2.604E-4	4.468E-2
31.596	4.354E-4	4.477E-2
31.605	6.041E-4	4.490E-2
31.613	6.356E-4	4.504E-2
31.621	6.340E-4	4.518E-2
31.630	4.596E-4	4.529E-2
31.638	2.838E-4	4.537E-2
31.646	4.772E-5	4.541E-2
31.655	-2.207E-4	4.539E-2
31.663	-4.616E-4	4.535E-2
31.672	-6.435E-4	4.523E-2
31.680	-7.785E-4	4.513E-2
31.688	-7.989E-4	4.496E-2
31.697	-7.777E-4	4.482E-2
31.705	-6.990E-4	4.469E-2
31.713	-5.291E-4	4.458E-2
31.722	-2.996E-4	4.457E-2
31.730	-6.463E-5	4.457E-2
31.739	1.694E-4	4.463E-2
31.747	3.841E-4	4.472E-2
31.755	5.186E-4	4.486E-2
31.764	6.113E-4	4.504E-2
31.772	6.203E-4	4.520E-2
31.780	5.368E-4	4.534E-2
31.789	3.860E-4	4.545E-2
31.797	1.760E-4	4.554E-2
31.806	-5.241E-5	4.555E-2
31.814	-2.807E-4	4.551E-2
31.822	-4.940E-4	4.537E-2
31.831	-6.192E-4	4.521E-2
31.839	-7.471E-4	4.504E-2
31.847	-7.549E-4	4.486E-2
31.856	-7.419E-4	4.469E-2
31.864	-5.483E-4	4.458E-2
31.873	-3.510E-4	4.449E-2
31.881	-2.059E-4	4.447E-2
31.889	-1.852E-6	4.451E-2
31.898	1.831E-4	4.462E-2
31.906	3.765E-4	4.479E-2
31.914	4.613E-4	4.497E-2
31.923	4.943E-4	4.515E-2
31.931	4.697E-4	4.532E-2
31.940	3.748E-4	4.546E-2
31.948	1.878E-4	4.558E-2
31.956	6.622E-6	4.559E-2
31.965	-1.922E-4	4.555E-2
31.973	-3.596E-4	4.543E-2
31.982	-5.499E-4	4.525E-2
31.990	-6.346E-4	4.508E-2
31.998	-7.174E-4	4.487E-2
32.007	-6.980E-4	4.467E-2
32.015	-5.772E-4	4.450E-2
32.023	-4.900E-4	4.440E-2
32.032	-3.013E-4	4.440E-2
32.040	-8.462E-5	4.442E-2
32.049	1.259E-4	4.455E-2
32.057	2.558E-4	4.473E-2
32.065	3.838E-4	4.491E-2
32.074	4.219E-4	4.513E-2
32.082	4.183E-4	4.533E-2
32.090	4.044E-4	4.551E-2
32.099	2.664E-4	4.561E-2
32.107	1.430E-4	4.563E-2
32.116	-5.274E-5	4.559E-2
32.124	-2.433E-4	4.549E-2
32.132	-3.510E-4	4.532E-2
32.141	-5.265E-4	4.510E-2
32.149	-5.596E-4	4.488E-2
32.157	-5.604E-4	4.467E-2
32.166	-5.309E-4	4.448E-2
32.174	-4.788E-4	4.437E-2
32.183	-3.228E-4	4.436E-2
32.191	-1.779E-4	4.437E-2
32.199	-3.351E-5	4.447E-2
32.208	1.527E-4	4.465E-2
32.216	2.506E-4	4.488E-2
32.224	3.675E-4	4.510E-2
32.233	4.001E-4	4.533E-2
32.241	4.027E-4	4.553E-2
32.250	3.602E-4	4.564E-2
32.258	2.027E-4	4.571E-2
32.266	1.073E-4	4.570E-2
32.275	-6.905E-5	4.560E-2
32.283	-2.563E-4	4.540E-2
32.291	-3.312E-4	4.517E-2
32.300	-4.542E-4	4.492E-2
32.308	-5.142E-4	4.467E-2
32.317	-5.174E-4	4.447E-2
32.325	-4.940E-4	4.434E-2
32.333	-3.764E-4	4.428E-2
32.342	-2.966E-4	4.425E-2
32.350	-1.322E-4	4.437E-2
32.358	-4.701E-5	4.456E-2
32.367	1.264E-4	4.480E-2
32.375	1.918E-4	4.506E-2
32.384	2.657E-4	4.530E-2
32.392	2.600E-4	4.554E-2
32.400	2.566E-4	4.568E-2
32.409	1.884E-4	4.575E-2
32.417	1.404E-4	4.576E-2
32.425	-1.228E-5	4.564E-2
32.434	-1.017E-4	4.547E-2
32.442	-2.349E-4	4.527E-2
32.451	-3.030E-4	4.504E-2
32.459	-3.859E-4	4.480E-2
32.467	-4.826E-4	4.459E-2
32.476	-4.854E-4	4.442E-2
32.484	-4.387E-4	4.433E-2
32.492	-3.393E-4	4.435E-2
32.501	-2.717E-4	4.443E-2
32.509	-1.189E-4	4.461E-2
32.518	-6.069E-5	4.484E-2
32.526	8.669E-5	4.508E-2
32.534	1.485E-4	4.534E-2
32.543	1.874E-4	4.557E-2
32.551	1.896E-4	4.574E-2
32.559	1.939E-4	4.583E-2
32.568	1.646E-4	4.583E-2
32.576	1.299E-4	4.576E-2
32.585	-9.598E-6	4.559E-2
32.593	-8.005E-5	4.535E-2
32.601	-2.209E-4	4.510E-2
32.610	-2.904E-4	4.485E-2
32.618	-3.316E-4	4.462E-2
32.626	-3.468E-4	4.442E-2
32.635	-3.360E-4	4.432E-2
32.643	-2.986E-4	4.433E-2
32.652	-2.767E-4	4.439E-2
32.660	-2.164E-4	4.455E-2
32.668	-8.575E-5	4.479E-2
32.677	-1.565E-5	4.505E-2
32.685	1.299E-4	4.532E-2
32.694	1.971E-4	4.556E-2
32.702	2.253E-4	4.574E-2
32.710	2.154E-4	4.585E-2
32.719	2.156E-4	4.585E-2
32.727	1.955E-4	4.579E-2
32.735	1.608E-4	4.564E-2
32.744	7.479E-5	4.540E-2
32.752	-5.578E-5	4.515E-2
32.761	-1.325E-4	4.488E-2
32.769	-2.748E-4	4.464E-2
32.777	-3.084E-4	4.443E-2
32.786	-3.335E-4	4.432E-2
32.794	-3.362E-4	4.428E-2
32.802	-3.132E-4	4.430E-2
32.811	-2.862E-4	4.446E-2
32.819	-2.393E-4	4.465E-2
32.828	-1.281E-4	4.489E-2
32.836	-5.739E-5	4.514E-2
32.844	1.796E-5	4.537E-2
32.853	1.451E-4	4.557E-2
32.861	1.837E-4	4.572E-2
32.869	2.064E-4	4.579E-2
32.878	2.126E-4	4.576E-2
32.886	1.947E-4	4.563E-2
32.895	1.652E-4	4.541E-2
32.903	1.095E-4	4.517E-2
32.911	-4.536E-5	4.489E-2
32.920	-1.132E-4	4.465E-2
32.928	-2.432E-4	4.443E-2
32.936	-3.018E-4	4.430E-2
32.945	-3.425E-4	4.425E-2
32.953	-3.748E-4	4.426E-2
32.962	-4.171E-4	4.438E-2
32.970	-3.921E-4	4.457E-2
32.978	-3.147E-4	4.483E-2
32.987	-2.509E-4	4.508E-2
32.995	-9.983E-5	4.532E-2
33.003	-1.175E-5	4.556E-2
33.012	1.312E-4	4.569E-2
33.020	1.874E-4	4.578E-2
33.029	2.340E-4	4.577E-2
33.037	2.484E-4	4.565E-2
33.045	2.253E-4	4.547E-2
33.054	1.766E-4	4.527E-2
33.062	1.338E-4	4.503E-2
33.070	-1.682E-5	4.480E-2
33.079	-1.012E-4	4.460E-2
33.087	-2.582E-4	4.443E-2
33.096	-3.113E-4	4.437E-2
33.104	-4.097E-4	4.438E-2
33.112	-4.915E-4	4.446E-2
33.121	-4.968E-4	4.463E-2
33.129	-4.507E-4	4.485E-2
33.137	-3.308E-4	4.509E-2
33.146	-2.631E-4	4.532E-2
33.154	-8.629E-5	4.554E-2
33.163	9.190E-6	4.567E-2
33.171	1.539E-4	4.575E-2
33.179	2.234E-4	4.576E-2
33.188	3.172E-4	4.566E-2
33.196	3.510E-4	4.552E-2
33.204	3.286E-4	4.531E-2
33.213	2.015E-4	4.508E-2
33.221	1.455E-4	4.485E-2
33.230	-2.557E-5	4.464E-2
33.238	-1.220E-4	4.446E-2
33.246	-3.050E-4	4.439E-2
33.255	-4.248E-4	4.439E-2
33.263	-5.274E-4	4.444E-2
33.271	-5.404E-4	4.460E-2
33.280	-5.359E-4	4.480E-2
33.288	-5.020E-4	4.504E-2
33.297	-3.957E-4	4.527E-2
33.305	-2.870E-4	4.546E-2
33.313	-9.387E-5	4.563E-2
33.322	7.582E-5	4.571E-2
33.330	1.715E-4	4.573E-2
33.338	3.230E-4	4.568E-2
33.347	3.695E-4	4.559E-2
33.355	3.824E-4	4.538E-2
33.364	3.678E-4	4.516E-2
33.372	2.320E-4	4.492E-2
33.380	1.434E-4	4.471E-2
33.389	-4.448E-5	4.454E-2
33.397	-2.203E-4	4.445E-2
33.406	-3.452E-4	4.443E-2
33.414	-4.838E-4	4.446E-2
33.422	-5.339E-4	4.459E-2
33.431	-5.332E-4	4.476E-2
33.439	-5.306E-4	4.497E-2
33.447	-4.876E-4	4.515E-2
33.456	-3.101E-4	4.533E-2
33.464	-1.825E-4	4.550E-2
33.473	-3.505E-5	4.560E-2
33.481	1.632E-4	4.559E-2
33.489	3.317E-4	4.558E-2
33.498	4.016E-4	4.548E-2
33.506	4.318E-4	4.533E-2
33.514	4.212E-4	4.514E-2
33.523	3.877E-4	4.493E-2
33.531	2.211E-4	4.473E-2
33.540	8.279E-5	4.458E-2
33.548	-9.943E-5	4.448E-2
33.556	-2.927E-4	4.444E-2
33.565	-4.883E-4	4.446E-2
33.573	-5.582E-4	4.456E-2
33.581	-6.256E-4	4.471E-2
33.590	-6.647E-4	4.488E-2
33.598	-5.804E-4	4.507E-2
33.607	-5.105E-4	4.525E-2
33.615	-3.073E-4	4.539E-2
33.623	-9.548E-5	4.551E-2
33.632	1.217E-4	4.553E-2
33.640	2.885E-4	4.554E-2
33.648	4.121E-4	4.543E-2
33.657	4.941E-4	4.531E-2
33.665	5.236E-4	4.515E-2
33.674	4.375E-4	4.495E-2
33.682	3.779E-4	4.479E-2
33.690	1.820E-4	4.467E-2
33.699	-2.588E-5	4.458E-2
33.707	-2.473E-4	4.454E-2
33.715	-4.305E-4	4.457E-2
33.724	-5.580E-4	4.466E-2
33.732	-6.993E-4	4.477E-2
33.741	-7.303E-4	4.493E-2
33.749	-7.317E-4	4.508E-2
33.757	-5.752E-4	4.524E-2
33.766	-4.546E-4	4.536E-2
33.774	-2.685E-4	4.546E-2
33.782	-4.470E-5	4.553E-2
33.791	1.738E-4	4.553E-2
33.799	3.829E-4	4.545E-2
33.808	4.938E-4	4.535E-2
33.816	5.831E-4	4.523E-2
33.824	6.004E-4	4.511E-2
33.833	4.674E-4	4.494E-2
33.841	3.534E-4	4.483E-2
33.849	1.624E-4	4.472E-2
33.858	-6.483E-5	4.466E-2
33.866	-2.878E-4	4.466E-2
33.875	-4.995E-4	4.470E-2
33.883	-6.701E-4	4.480E-2
33.891	-7.457E-4	4.491E-2
33.900	-7.451E-4	4.504E-2
33.908	-7.001E-4	4.516E-2
33.916	-5.348E-4	4.527E-2
33.925	-3.170E-4	4.534E-2
33.933	-8.203E-5	4.538E-2
33.942	1.602E-4	4.537E-2
33.950	3.868E-4	4.535E-2
33.958	5.621E-4	4.525E-2
33.967	6.338E-4	4.515E-2
33.975	6.460E-4	4.504E-2
33.983	6.153E-4	4.493E-2
33.992	4.513E-4	4.483E-2
34.000	2.310E-4	4.479E-2
34.009	-1.209E-5	4.473E-2
34.017	-2.611E-4	4.471E-2
34.025	-4.968E-4	4.474E-2
34.034	-6.686E-4	4.480E-2
34.042	-7.709E-4	4.490E-2
34.050	-7.690E-4	4.499E-2
34.059	-7.616E-4	4.511E-2
34.067	-6.319E-4	4.518E-2
34.076	-4.922E-4	4.523E-2
34.084	-2.631E-4	4.529E-2
34.092	-2.281E-5	4.530E-2
34.101	2.077E-4	4.531E-2
34.109	4.144E-4	4.524E-2
34.118	5.961E-4	4.516E-2
34.126	6.438E-4	4.508E-2
34.134	6.357E-4	4.500E-2
34.143	5.043E-4	4.493E-2
34.151	3.507E-4	4.490E-2
34.159	1.367E-4	4.485E-2
34.168	-1.020E-4	4.485E-2
34.176	-3.160E-4	4.487E-2
34.185	-5.279E-4	4.491E-2
34.193	-7.108E-4	4.495E-2
34.201	-7.604E-4	4.501E-2
34.210	-7.539E-4	4.510E-2
34.218	-6.970E-4	4.514E-2
34.226	-5.164E-4	4.517E-2
34.235	-2.885E-4	4.516E-2
34.243	-4.991E-5	4.515E-2
34.252	1.878E-4	4.514E-2
34.260	4.205E-4	4.512E-2
34.268	6.172E-4	4.505E-2
34.277	6.784E-4	4.501E-2
34.285	6.670E-4	4.497E-2
34.293	6.170E-4	4.491E-2
34.302	4.312E-4	4.489E-2
34.310	2.036E-4	4.489E-2
34.319	-4.545E-5	4.488E-2
34.327	-2.865E-4	4.489E-2
34.335	-5.207E-4	4.491E-2
34.344	-7.335E-4	4.494E-2
34.352	-7.897E-4	4.496E-2
34.360	-7.850E-4	4.495E-2
34.369	-7.668E-4	4.498E-2
34.377	-5.710E-4	4.497E-2
34.386	-3.441E-4	4.496E-2
34.394	-8.676E-5	4.493E-2
34.402	1.831E-4	4.491E-2
34.411	4.232E-4	4.490E-2
34.419	6.285E-4	4.486E-2
34.427	7.416E-4	4.485E-2
34.436	7.619E-4	4.486E-2
34.444	6.751E-4	4.486E-2
34.453	5.893E-4	4.486E-2
34.461	3.997E-4	4.487E-2
34.469	1.717E-4	4.488E-2
34.478	-8.001E-5	4.491E-2
34.486	-2.992E-4	4.492E-2
34.494	-5.019E-4	4.492E-2
34.503	-6.625E-4	4.492E-2
34.511	-7.270E-4	4.491E-2
34.520	-7.278E-4	4.491E-2
34.528	-6.210E-4	4.489E-2
34.536	-4.699E-4	4.488E-2
34.545	-2.530E-4	4.488E-2
34.553	-2.660E-5	4.485E-2
34.561	2.037E-4	4.485E-2
34.570	4.274E-4	4.486E-2
34.578	6.217E-4	4.487E-2
34.587	6.614E-4	4.488E-2
34.595	6.500E-4	4.490E-2
34.603	5.944E-4	4.493E-2
34.612	4.072E-4	4.494E-2
34.620	1.834E-4	4.494E-2
34.628	-5.692E-5	4.497E-2
34.637	-2.984E-4	4.497E-2
34.645	-5.195E-4	4.495E-2
34.654	-7.193E-4	4.493E-2
34.662	-7.648E-4	4.489E-2
34.670	-7.627E-4	4.489E-2
34.679	-7.380E-4	4.484E-2
34.687	-5.333E-4	4.480E-2
34.695	-3.111E-4	4.480E-2
34.704	-7.150E-5	4.479E-2
34.712	1.816E-4	4.482E-2
34.721	4.138E-4	4.483E-2
34.729	6.106E-4	4.485E-2
34.737	6.928E-4	4.491E-2
34.746	6.910E-4	4.495E-2
34.754	6.529E-4	4.500E-2
34.763	4.704E-4	4.510E-2
34.771	2.566E-4	4.513E-2
34.779	1.551E-6	4.515E-2
34.788	-2.568E-4	4.517E-2
34.796	-4.909E-4	4.515E-2
34.804	-6.660E-4	4.512E-2
34.813	-7.661E-4	4.507E-2
34.821	-7.856E-4	4.501E-2
34.830	-7.692E-4	4.493E-2
34.838	-6.142E-4	4.487E-2
34.846	-4.837E-4	4.481E-2
34.855	-2.628E-4	4.478E-2
34.863	-3.346E-5	4.479E-2
34.871	1.930E-4	4.482E-2
34.880	3.971E-4	4.484E-2
34.888	5.639E-4	4.493E-2
34.897	6.027E-4	4.501E-2
34.905	6.051E-4	4.511E-2
34.913	4.624E-4	4.520E-2
34.922	3.134E-4	4.526E-2
34.930	1.083E-4	4.529E-2
34.938	-1.605E-4	4.534E-2
34.947	-3.847E-4	4.533E-2
34.955	-5.768E-4	4.528E-2
34.964	-7.462E-4	4.520E-2
34.972	-7.773E-4	4.508E-2
34.980	-7.681E-4	4.496E-2
34.989	-7.133E-4	4.485E-2
34.997	-5.265E-4	4.478E-2
35.005	-3.094E-4	4.472E-2
35.014	-7.936E-5	4.469E-2
35.022	1.494E-4	4.469E-2
35.031	3.704E-4	4.473E-2
35.039	4.884E-4	4.484E-2
35.047	5.999E-4	4.494E-2
35.056	6.225E-4	4.507E-2
35.064	5.831E-4	4.517E-2
35.072	4.342E-4	4.527E-2
35.081	2.216E-4	4.534E-2
35.089	-1.139E-5	4.534E-2
35.098	-2.443E-4	4.534E-2
35.106	-4.455E-4	4.529E-2
35.114	-5.609E-4	4.520E-2
35.123	-6.969E-4	4.507E-2
35.131	-7.315E-4	4.493E-2
35.139	-6.972E-4	4.481E-2
35.148	-5.397E-4	4.469E-2
35.156	-3.419E-4	4.463E-2
35.165	-1.726E-4	4.460E-2
35.173	1.232E-5	4.462E-2
35.181	1.923E-4	4.468E-2
35.190	3.872E-4	4.480E-2
35.198	4.511E-4	4.493E-2
35.206	5.064E-4	4.508E-2
35.215	4.490E-4	4.523E-2
35.223	3.910E-4	4.535E-2
35.232	2.012E-4	4.544E-2
35.240	3.680E-5	4.542E-2
35.248	-1.724E-4	4.541E-2
35.257	-3.343E-4	4.534E-2
35.265	-5.246E-4	4.524E-2
35.273	-5.860E-4	4.512E-2
35.282	-6.954E-4	4.493E-2
35.290	-6.921E-4	4.478E-2
35.299	-6.056E-4	4.466E-2
35.307	-5.022E-4	4.458E-2
35.315	-3.071E-4	4.453E-2
35.324	-9.745E-5	4.458E-2
35.332	1.161E-4	4.464E-2
35.340	2.447E-4	4.474E-2
35.349	3.853E-4	4.490E-2
35.357	4.258E-4	4.507E-2
35.366	4.263E-4	4.524E-2
35.374	3.955E-4	4.538E-2
35.382	2.738E-4	4.551E-2
35.391	1.432E-4	4.557E-2
35.399	-5.080E-5	4.557E-2
35.407	-2.463E-4	4.551E-2
35.416	-3.542E-4	4.536E-2
35.424	-5.281E-4	4.520E-2
35.433	-5.566E-4	4.501E-2
35.441	-5.636E-4	4.485E-2
35.449	-5.473E-4	4.468E-2
35.458	-4.763E-4	4.457E-2
35.466	-3.116E-4	4.452E-2
35.475	-1.356E-4	4.448E-2
35.483	-3.188E-5	4.454E-2
35.491	1.560E-4	4.467E-2
35.500	2.776E-4	4.485E-2
35.508	3.791E-4	4.504E-2
35.516	4.038E-4	4.524E-2
35.525	3.951E-4	4.541E-2
35.533	3.310E-4	4.554E-2
35.542	1.771E-4	4.560E-2
35.550	2.820E-5	4.559E-2
35.558	-1.017E-4	4.555E-2
35.567	-2.801E-4	4.541E-2
35.575	-3.615E-4	4.524E-2
35.583	-5.170E-4	4.508E-2
35.592	-5.370E-4	4.487E-2
35.600	-5.308E-4	4.467E-2
35.609	-5.241E-4	4.454E-2
35.617	-3.492E-4	4.446E-2
35.625	-2.906E-4	4.444E-2
35.634	-9.773E-5	4.448E-2
35.642	1.430E-5	4.461E-2
35.650	1.565E-4	4.479E-2
35.659	2.234E-4	4.499E-2
35.667	2.848E-4	4.522E-2
35.676	3.167E-4	4.541E-2
35.684	2.490E-4	4.556E-2
35.692	1.754E-4	4.564E-2
35.701	1.201E-4	4.564E-2
35.709	-3.851E-5	4.559E-2
35.717	-1.432E-4	4.547E-2
35.726	-2.984E-4	4.531E-2
35.734	-3.467E-4	4.511E-2
35.743	-4.237E-4	4.489E-2
35.751	-4.928E-4	4.468E-2
35.759	-4.962E-4	4.450E-2
35.768	-4.433E-4	4.439E-2
35.776	-3.161E-4	4.438E-2
35.784	-2.331E-4	4.442E-2
35.793	-8.321E-5	4.454E-2
35.801	2.151E-5	4.472E-2
35.810	1.441E-4	4.492E-2
35.818	1.895E-4	4.513E-2
35.826	2.325E-4	4.534E-2
35.835	2.271E-4	4.552E-2
35.843	2.020E-4	4.562E-2
35.851	1.582E-4	4.565E-2
35.860	5.650E-5	4.562E-2
35.868	-6.775E-5	4.550E-2
35.877	-1.686E-4	4.533E-2
35.885	-2.872E-4	4.512E-2
35.893	-3.225E-4	4.489E-2
35.902	-3.528E-4	4.467E-2
35.910	-4.359E-4	4.448E-2
35.918	-4.454E-4	4.437E-2
35.927	-3.569E-4	4.434E-2
35.935	-3.151E-4	4.438E-2
35.944	-2.292E-4	4.447E-2
35.952	-9.907E-5	4.465E-2
35.960	-2.686E-5	4.487E-2
35.969	9.368E-5	4.510E-2
35.977	1.421E-4	4.532E-2
35.985	1.689E-4	4.552E-2
35.994	1.750E-4	4.562E-2
36.002	1.671E-4	4.567E-2
36.011	1.415E-4	4.563E-2
36.019	1.001E-4	4.554E-2
36.027	-4.689E-5	4.537E-2
36.036	-1.102E-4	4.515E-2
36.044	-2.356E-4	4.493E-2
36.052	-2.940E-4	4.469E-2
36.061	-3.154E-4	4.449E-2
36.069	-3.219E-4	4.435E-2
36.078	-3.101E-4	4.430E-2
36.086	-2.843E-4	4.434E-2
36.094	-2.521E-4	4.444E-2
36.103	-1.785E-4	4.460E-2
36.111	-8.187E-5	4.482E-2
36.119	-2.311E-5	4.506E-2
36.128	5.964E-5	4.530E-2
36.136	1.449E-4	4.550E-2
36.145	1.751E-4	4.564E-2
36.153	1.833E-4	4.571E-2
36.161	1.792E-4	4.573E-2
36.170	1.563E-4	4.564E-2
36.178	1.441E-4	4.548E-2
36.187	-7.922E-6	4.529E-2
36.195	-6.443E-5	4.508E-2
36.203	-1.481E-4	4.485E-2
36.212	-2.659E-4	4.465E-2
36.220	-3.008E-4	4.447E-2
36.228	-2.971E-4	4.439E-2
36.237	-3.048E-4	4.439E-2
36.245	-2.985E-4	4.445E-2
36.254	-2.749E-4	4.458E-2
36.262	-2.261E-4	4.482E-2
36.270	-1.045E-4	4.505E-2
36.279	-4.478E-5	4.529E-2
36.287	4.623E-5	4.550E-2
36.295	1.401E-4	4.564E-2
36.304	1.807E-4	4.574E-2
36.312	1.878E-4	4.576E-2
36.321	1.834E-4	4.568E-2
36.329	1.820E-4	4.554E-2
36.337	1.471E-4	4.533E-2
36.346	4.895E-5	4.511E-2
36.354	-5.299E-5	4.488E-2
36.362	-1.148E-4	4.467E-2
36.371	-2.357E-4	4.448E-2
36.379	-2.912E-4	4.438E-2
36.388	-2.952E-4	4.438E-2
36.396	-3.225E-4	4.443E-2
36.404	-3.066E-4	4.455E-2
36.413	-2.750E-4	4.474E-2
36.421	-2.442E-4	4.494E-2
36.429	-1.267E-4	4.516E-2
36.438	-7.507E-5	4.536E-2
36.446	1.109E-5	4.554E-2
36.455	1.403E-4	4.562E-2
36.463	1.821E-4	4.564E-2
36.471	1.948E-4	4.559E-2
36.480	1.929E-4	4.547E-2
36.488	1.888E-4	4.531E-2
36.496	1.541E-4	4.510E-2
36.505	6.383E-5	4.488E-2
36.513	-6.275E-5	4.467E-2
36.522	-1.556E-4	4.450E-2
36.530	-2.852E-4	4.439E-2
36.538	-3.071E-4	4.439E-2
36.547	-3.320E-4	4.440E-2
36.555	-4.196E-4	4.450E-2
36.563	-4.175E-4	4.466E-2
36.572	-3.467E-4	4.487E-2
36.580	-2.850E-4	4.509E-2
36.589	-1.904E-4	4.530E-2
36.597	-6.964E-5	4.548E-2
36.605	4.778E-5	4.559E-2
36.614	1.542E-4	4.563E-2
36.622	2.001E-4	4.559E-2
36.630	2.491E-4	4.551E-2
36.639	2.429E-4	4.535E-2
36.647	2.293E-4	4.515E-2
36.656	1.533E-4	4.492E-2
36.664	5.639E-5	4.472E-2
36.672	-7.511E-5	4.455E-2
36.681	-1.974E-4	4.444E-2
36.689	-3.161E-4	4.442E-2
36.697	-3.839E-4	4.442E-2
36.706	-4.975E-4	4.449E-2
36.714	-5.251E-4	4.464E-2
36.723	-5.105E-4	4.483E-2
36.731	-4.220E-4	4.504E-2
36.739	-3.142E-4	4.526E-2
36.748	-2.035E-4	4.542E-2
36.756	-6.798E-5	4.554E-2
36.764	1.073E-4	4.559E-2
36.773	1.680E-4	4.558E-2
36.781	2.562E-4	4.552E-2
36.790	3.214E-4	4.536E-2
36.798	2.992E-4	4.518E-2
36.806	2.222E-4	4.497E-2
36.815	1.412E-4	4.478E-2
36.823	1.001E-5	4.464E-2
36.831	-1.059E-4	4.451E-2
36.840	-2.824E-4	4.443E-2
36.848	-3.517E-4	4.443E-2
36.857	-5.129E-4	4.448E-2
36.865	-5.495E-4	4.463E-2
36.873	-5.464E-4	4.481E-2
36.882	-5.229E-4	4.498E-2
36.890	-4.294E-4	4.515E-2
36.899	-3.021E-4	4.532E-2
36.907	-1.093E-4	4.543E-2
36.915	1.759E-5	4.548E-2
36.924	1.714E-4	4.552E-2
36.932	2.924E-4	4.547E-2
36.940	3.782E-4	4.535E-2
36.949	3.952E-4	4.520E-2
36.957	3.998E-4	4.502E-2
36.966	2.860E-4	4.486E-2
36.974	1.577E-4	4.469E-2
36.982	-2.564E-5	4.459E-2
36.991	-1.890E-4	4.454E-2
36.999	-3.233E-4	4.456E-2
37.007	-4.519E-4	4.460E-2
37.016	-5.370E-4	4.471E-2
37.024	-5.637E-4	4.485E-2
37.033	-5.443E-4	4.502E-2
37.041	-5.026E-4	4.518E-2
37.049	-3.431E-4	4.532E-2
37.058	-2.191E-4	4.542E-2
37.066	-4.537E-5	4.549E-2
37.074	1.580E-4	4.552E-2
37.083	2.887E-4	4.549E-2
37.091	3.951E-4	4.538E-2
37.100	4.297E-4	4.526E-2
37.108	4.250E-4	4.511E-2
37.116	3.917E-4	4.494E-2
37.125	2.508E-4	4.481E-2
37.133	1.331E-4	4.470E-2
37.141	-5.752E-5	4.463E-2
37.150	-2.674E-4	4.463E-2
37.158	-4.311E-4	4.463E-2
37.167	-5.327E-4	4.472E-2
37.175	-5.989E-4	4.485E-2
37.183	-6.546E-4	4.497E-2
37.192	-6.174E-4	4.509E-2
37.200	-5.306E-4	4.524E-2
37.208	-3.285E-4	4.535E-2
37.217	-1.490E-4	4.539E-2
37.225	4.325E-6	4.540E-2
37.234	1.821E-4	4.536E-2
37.242	3.715E-4	4.531E-2
37.250	4.269E-4	4.521E-2
37.259	4.541E-4	4.507E-2
37.267	4.496E-4	4.493E-2
37.275	3.615E-4	4.482E-2
37.284	1.765E-4	4.472E-2
37.292	-1.059E-5	4.465E-2
37.301	-2.251E-4	4.464E-2
37.309	-3.840E-4	4.465E-2
37.317	-5.525E-4	4.471E-2
37.326	-6.483E-4	4.482E-2
37.334	-7.362E-4	4.492E-2
37.342	-7.104E-4	4.504E-2
37.351	-5.723E-4	4.515E-2
37.359	-4.717E-4	4.523E-2
37.368	-2.814E-4	4.529E-2
37.376	-5.994E-5	4.533E-2
37.384	1.622E-4	4.532E-2
37.393	3.663E-4	4.528E-2
37.401	4.447E-4	4.520E-2
37.409	5.207E-4	4.509E-2
37.418	5.033E-4	4.498E-2
37.426	4.076E-4	4.488E-2
37.435	2.841E-4	4.481E-2
37.443	1.131E-4	4.476E-2
37.451	-1.071E-4	4.478E-2
37.460	-3.187E-4	4.481E-2
37.468	-5.227E-4	4.483E-2
37.476	-6.425E-4	4.492E-2
37.485	-7.516E-4	4.499E-2
37.493	-7.523E-4	4.511E-2
37.502	-6.995E-4	4.517E-2
37.510	-5.386E-4	4.523E-2
37.518	-3.280E-4	4.526E-2
37.527	-1.005E-4	4.531E-2
37.535	1.364E-4	4.531E-2
37.544	3.477E-4	4.529E-2
37.552	4.265E-4	4.522E-2
37.560	5.760E-4	4.516E-2
37.569	5.773E-4	4.509E-2
37.577	4.987E-4	4.502E-2
37.585	3.690E-4	4.496E-2
37.594	1.722E-4	4.489E-2
37.602	-4.563E-5	4.488E-2
37.611	-2.720E-4	4.488E-2
37.619	-4.850E-4	4.491E-2
37.627	-5.773E-4	4.492E-2
37.636	-7.329E-4	4.498E-2
37.644	-7.570E-4	4.505E-2
37.652	-7.356E-4	4.508E-2
37.661	-5.711E-4	4.514E-2
37.669	-4.413E-4	4.516E-2
37.678	-2.527E-4	4.515E-2
37.686	-2.715E-5	4.514E-2
37.694	1.891E-4	4.511E-2
37.703	3.925E-4	4.508E-2
37.711	5.083E-4	4.504E-2
37.719	5.819E-4	4.502E-2
37.728	6.007E-4	4.502E-2
37.736	4.375E-4	4.495E-2
37.745	3.005E-4	4.492E-2
37.753	1.180E-4	4.491E-2
37.761	-9.989E-5	4.491E-2
37.770	-3.094E-4	4.491E-2
37.778	-5.128E-4	4.491E-2
37.786	-6.808E-4	4.496E-2
37.795	-7.429E-4	4.498E-2
37.803	-7.407E-4	4.499E-2
37.812	-6.627E-4	4.505E-2
37.820	-5.201E-4	4.507E-2
37.828	-3.006E-4	4.508E-2
37.837	-7.049E-5	4.508E-2
37.845	1.632E-4	4.505E-2
37.853	3.790E-4	4.505E-2
37.862	5.067E-4	4.505E-2
37.870	6.086E-4	4.503E-2
37.879	6.227E-4	4.505E-2
37.887	5.837E-4	4.505E-2
37.895	4.274E-4	4.506E-2
37.904	2.123E-4	4.507E-2
37.912	-2.766E-5	4.508E-2
37.920	-2.626E-4	4.511E-2
37.929	-4.890E-4	4.511E-2
37.937	-5.977E-4	4.511E-2
37.946	-7.444E-4	4.511E-2
37.954	-7.600E-4	4.511E-2
37.962	-7.230E-4	4.510E-2
37.971	-5.504E-4	4.509E-2
37.979	-3.598E-4	4.508E-2
37.987	-1.995E-4	4.508E-2
37.996	2.117E-5	4.504E-2
38.004	2.070E-4	4.504E-2
38.013	3.942E-4	4.505E-2
38.021	5.188E-4	4.506E-2
38.029	5.810E-4	4.507E-2
38.038	5.374E-4	4.509E-2
38.046	4.017E-4	4.512E-2
38.054	2.076E-4	4.513E-2
38.063	1.137E-5	4.515E-2
38.071	-2.241E-4	4.515E-2
38.080	-4.388E-4	4.515E-2
38.088	-5.732E-4	4.514E-2
38.096	-7.315E-4	4.512E-2
38.105	-7.577E-4	4.508E-2
38.113	-7.508E-4	4.506E-2
38.121	-6.178E-4	4.503E-2
38.130	-5.208E-4	4.498E-2
38.138	-2.991E-4	4.501E-2
38.147	-6.381E-5	4.497E-2
38.155	1.682E-4	4.493E-2
38.163	3.754E-4	4.492E-2
38.172	4.726E-4	4.493E-2
38.180	5.679E-4	4.496E-2
38.188	5.248E-4	4.501E-2
38.197	4.168E-4	4.506E-2
38.205	2.936E-4	4.514E-2
38.214	1.202E-4	4.517E-2
38.222	-8.942E-5	4.516E-2
38.230	-3.051E-4	4.516E-2
38.239	-5.115E-4	4.514E-2
38.247	-6.198E-4	4.511E-2
38.256	-7.372E-4	4.506E-2
38.264	-7.464E-4	4.500E-2
38.272	-6.668E-4	4.494E-2
38.281	-5.425E-4	4.488E-2
38.289	-3.266E-4	4.484E-2
38.297	-1.029E-4	4.484E-2
38.306	1.294E-4	4.483E-2
38.314	3.081E-4	4.485E-2
38.323	4.213E-4	4.489E-2
38.331	5.233E-4	4.494E-2
38.339	5.219E-4	4.503E-2
38.348	4.405E-4	4.511E-2
38.356	3.701E-4	4.518E-2
38.364	1.753E-4	4.523E-2
38.373	-3.625E-5	4.530E-2
38.381	-2.398E-4	4.531E-2
38.390	-4.208E-4	4.529E-2
38.398	-5.515E-4	4.529E-2
38.406	-6.610E-4	4.515E-2
38.415	-7.001E-4	4.506E-2
38.423	-6.900E-4	4.495E-2
38.431	-5.590E-4	4.487E-2
38.440	-4.173E-4	4.482E-2
38.448	-2.624E-4	4.482E-2
38.457	-5.184E-5	4.482E-2
38.465	1.560E-4	4.482E-2
38.473	3.527E-4	4.488E-2
38.482	4.244E-4	4.497E-2
38.490	4.711E-4	4.506E-2
38.498	4.365E-4	4.516E-2
38.507	3.856E-4	4.527E-2
38.515	2.130E-4	4.533E-2
38.524	5.690E-5	4.536E-2
38.532	-1.113E-4	4.536E-2
38.540	-2.994E-4	4.534E-2
38.549	-4.987E-4	4.529E-2
38.557	-5.552E-4	4.517E-2
38.565	-5.544E-4	4.506E-2
38.574	-5.697E-4	4.493E-2
38.582	-5.166E-4	4.483E-2
38.591	-4.226E-4	4.474E-2
38.599	-2.836E-4	4.466E-2
38.607	-7.218E-5	4.466E-2
38.616	1.365E-4	4.466E-2
38.624	2.705E-4	4.473E-2
38.632	3.979E-4	4.485E-2
38.641	4.359E-4	4.495E-2
38.649	4.292E-4	4.509E-2
38.658	4.025E-4	4.520E-2
38.666	3.051E-4	4.530E-2
38.674	1.503E-4	4.535E-2
38.683	-4.285E-5	4.537E-2
38.691	-2.331E-4	4.535E-2
38.699	-3.423E-4	4.528E-2
38.708	-5.041E-4	4.517E-2
38.716	-5.198E-4	4.503E-2
38.725	-5.435E-4	4.490E-2
38.733	-5.325E-4	4.477E-2
38.741	-4.837E-4	4.467E-2
38.750	-3.090E-4	4.462E-2
38.758	-1.699E-4	4.461E-2
38.766	-3.082E-5	4.461E-2
38.775	1.616E-4	4.470E-2
38.783	2.762E-4	4.482E-2
38.792	3.768E-4	4.494E-2
38.800	4.029E-4	4.510E-2
38.808	3.941E-4	4.525E-2
38.817	3.460E-4	4.537E-2
38.825	1.760E-4	4.545E-2
38.833	2.696E-5	4.552E-2
38.842	-1.011E-4	4.550E-2
38.850	-2.786E-4	4.540E-2
38.859	-3.810E-4	4.529E-2
38.867	-5.198E-4	4.513E-2
38.875	-5.180E-4	4.495E-2
38.884	-5.311E-4	4.481E-2
38.892	-5.073E-4	4.468E-2
38.900	-3.890E-4	4.460E-2
38.909	-2.806E-4	4.456E-2
38.917	-9.299E-5	4.458E-2
38.926	3.337E-5	4.468E-2
38.934	1.588E-4	4.480E-2
38.942	2.570E-4	4.495E-2
38.951	3.377E-4	4.511E-2
38.959	3.247E-4	4.528E-2
38.968	2.412E-4	4.541E-2
38.976	1.708E-4	4.552E-2
38.984	8.836E-5	4.556E-2
38.993	-7.744E-5	4.556E-2
39.001	-2.190E-4	4.546E-2
39.009	-3.200E-4	4.535E-2
39.018	-4.199E-4	4.517E-2
39.026	-5.003E-4	4.499E-2
39.035	-5.089E-4	4.485E-2
39.043	-5.077E-4	4.468E-2
39.051	-4.322E-4	4.459E-2
39.060	-3.228E-4	4.454E-2
39.068	-2.227E-4	4.457E-2
39.076	-7.797E-5	4.465E-2
39.085	4.482E-5	4.477E-2
39.093	1.512E-4	4.494E-2
39.102	2.030E-4	4.511E-2
39.110	2.501E-4	4.529E-2
39.118	2.306E-4	4.544E-2
39.127	1.988E-4	4.555E-2
39.135	1.354E-4	4.560E-2
39.143	1.542E-5	4.559E-2
39.152	-8.860E-5	4.553E-2
39.160	-2.186E-4	4.538E-2
39.169	-3.033E-4	4.521E-2
39.177	-3.410E-4	4.502E-2
39.185	-3.459E-4	4.484E-2
39.194	-3.438E-4	4.467E-2
39.202	-3.017E-4	4.455E-2
39.210	-2.633E-4	4.448E-2
39.219	-1.949E-4	4.446E-2
39.227	-7.801E-5	4.451E-2
39.236	4.316E-6	4.464E-2
39.244	1.355E-4	4.482E-2
39.252	1.975E-4	4.501E-2
39.261	2.187E-4	4.521E-2
39.269	2.174E-4	4.536E-2
39.277	2.027E-4	4.550E-2
39.286	1.939E-4	4.559E-2
39.294	1.359E-4	4.559E-2
39.303	1.219E-5	4.554E-2
39.311	-6.750E-5	4.541E-2
39.319	-1.765E-4	4.524E-2
39.328	-2.754E-4	4.507E-2
39.336	-2.870E-4	4.486E-2
39.344	-3.057E-4	4.467E-2
39.353	-3.176E-4	4.454E-2
39.361	-2.985E-4	4.446E-2
39.370	-2.700E-4	4.444E-2
39.378	-2.218E-4	4.448E-2
39.386	-9.335E-5	4.461E-2
39.395	-3.218E-5	4.479E-2
39.403	6.335E-5	4.497E-2
39.411	1.371E-4	4.516E-2
39.420	1.711E-4	4.533E-2
39.428	1.814E-4	4.551E-2
39.437	1.805E-4	4.559E-2
39.445	1.793E-4	4.559E-2
39.453	1.219E-4	4.557E-2
39.462	3.417E-5	4.546E-2
39.470	-5.408E-5	4.531E-2
39.478	-1.075E-4	4.511E-2
39.487	-2.052E-4	4.490E-2
39.495	-2.434E-4	4.470E-2
39.504	-2.913E-4	4.454E-2
39.512	-2.957E-4	4.445E-2
39.520	-2.909E-4	4.442E-2
39.529	-2.693E-4	4.445E-2
39.537	-2.266E-4	4.457E-2
39.545	-1.638E-4	4.474E-2
39.554	-7.267E-5	4.491E-2
39.562	-1.134E-5	4.511E-2
39.571	7.135E-5	4.531E-2
39.579	1.277E-4	4.548E-2
39.587	1.550E-4	4.559E-2
39.596	1.631E-4	4.559E-2
39.604	1.661E-4	4.559E-2
39.613	1.319E-4	4.550E-2
39.621	6.789E-5	4.534E-2
39.629	-4.128E-5	4.515E-2
39.638	-9.168E-5	4.493E-2
39.646	-1.556E-4	4.470E-2
39.654	-2.237E-4	4.455E-2
39.663	-2.942E-4	4.445E-2
39.671	-3.016E-4	4.440E-2
39.680	-2.968E-4	4.442E-2
39.688	-2.803E-4	4.452E-2
39.696	-2.754E-4	4.469E-2
39.705	-1.973E-4	4.488E-2
39.713	-8.572E-5	4.508E-2
39.721	-3.521E-5	4.529E-2
39.730	1.893E-5	4.547E-2
39.738	1.265E-4	4.559E-2
39.747	1.641E-4	4.560E-2
39.755	1.696E-4	4.559E-2
39.763	1.708E-4	4.554E-2
39.772	1.556E-4	4.538E-2
39.780	1.280E-4	4.519E-2
39.788	1.006E-5	4.496E-2
39.797	-6.067E-5	4.474E-2
39.805	-1.153E-4	4.457E-2
39.814	-1.882E-4	4.445E-2
39.822	-2.693E-4	4.440E-2
39.830	-2.860E-4	4.441E-2
39.839	-2.895E-4	4.448E-2
39.847	-2.773E-4	4.463E-2
39.855	-2.756E-4	4.481E-2
39.864	-1.887E-4	4.501E-2
39.872	-8.652E-5	4.524E-2
39.881	-3.087E-5	4.540E-2
39.889	6.436E-5	4.554E-2
39.897	1.383E-4	4.560E-2
39.906	1.629E-4	4.559E-2
39.914	1.803E-4	4.554E-2
39.922	1.853E-4	4.538E-2
39.931	1.754E-4	4.521E-2
39.939	1.371E-4	4.501E-2
39.948	1.839E-5	4.483E-2
39.956	-5.997E-5	4.466E-2
39.964	-1.559E-4	4.453E-2
39.973	-2.731E-4	4.447E-2
39.981	-3.042E-4	4.445E-2
39.989	-3.256E-4	4.450E-2
39.998	-3.168E-4	4.462E-2
40.006	-2.964E-4	4.481E-2
40.015	-2.680E-4	4.499E-2
40.023	-2.050E-4	4.520E-2
40.031	-8.531E-5	4.535E-2
40.040	-1.623E-5	4.549E-2
40.048	1.298E-4	4.558E-2
40.056	1.881E-4	4.558E-2
40.065	1.996E-4	4.555E-2
40.073	2.274E-4	4.541E-2
40.082	2.167E-4	4.525E-2
40.090	1.795E-4	4.509E-2
40.098	1.461E-4	4.490E-2
40.107	1.076E-5	4.471E-2
40.115	-7.797E-5	4.459E-2
40.123	-2.005E-4	4.451E-2
40.132	-2.958E-4	4.447E-2
40.140	-3.297E-4	4.450E-2
40.149	-3.653E-4	4.461E-2
40.157	-4.229E-4	4.474E-2
40.165	-4.403E-4	4.491E-2
40.174	-3.160E-4	4.509E-2
40.182	-2.565E-4	4.526E-2
40.190	-9.474E-5	4.539E-2
40.199	-3.522E-6	4.549E-2
40.207	1.392E-4	4.553E-2
40.216	1.921E-4	4.553E-2
40.224	2.399E-4	4.540E-2
40.232	2.801E-4	4.527E-2
40.241	2.407E-4	4.511E-2
40.249	1.756E-4	4.492E-2
40.257	1.254E-4	4.475E-2
40.266	-2.511E-5	4.462E-2
40.274	-1.233E-4	4.453E-2
40.283	-2.917E-4	4.454E-2
40.291	-3.421E-4	4.459E-2
40.299	-4.570E-4	4.467E-2
40.308	-5.124E-4	4.480E-2
40.316	-5.118E-4	4.496E-2
40.325	-4.569E-4	4.512E-2
40.333	-3.147E-4	4.527E-2
40.341	-2.328E-4	4.538E-2
40.350	-7.402E-5	4.548E-2
40.358	6.728E-5	4.553E-2
40.366	1.638E-4	4.554E-2
40.375	2.568E-4	4.542E-2
40.383	3.308E-4	4.530E-2
40.392	3.160E-4	4.515E-2
40.400	2.288E-4	4.498E-2
40.408	1.591E-4	4.483E-2
40.417	5.308E-5	4.469E-2
40.425	-9.674E-5	4.462E-2
40.433	-2.667E-4	4.460E-2
40.442	-3.385E-4	4.462E-2
40.450	-4.907E-4	4.467E-2
40.459	-5.348E-4	4.479E-2
40.467	-5.354E-4	4.493E-2
40.475	-5.310E-4	4.508E-2
40.484	-4.228E-4	4.521E-2
40.492	-3.044E-4	4.531E-2
40.500	-1.396E-4	4.539E-2
40.509	-3.217E-5	4.542E-2
40.517	1.470E-4	4.539E-2
40.526	2.547E-4	4.533E-2
40.534	3.706E-4	4.523E-2
40.542	3.907E-4	4.512E-2
40.551	3.872E-4	4.498E-2
40.559	3.116E-4	4.485E-2
40.567	1.622E-4	4.472E-2
40.576	-2.215E-6	4.464E-2
40.584	-1.430E-4	4.462E-2
40.593	-3.154E-4	4.463E-2
40.601	-4.673E-4	4.467E-2
40.609	-5.394E-4	4.477E-2
40.618	-5.559E-4	4.489E-2
40.626	-5.471E-4	4.503E-2
40.634	-5.214E-4	4.515E-2
40.643	-3.447E-4	4.526E-2
40.651	-2.434E-4	4.533E-2
40.660	-5.655E-5	4.537E-2
40.668	1.448E-4	4.536E-2
40.676	2.538E-4	4.535E-2
40.685	3.914E-4	4.524E-2
40.693	4.312E-4	4.514E-2
40.701	4.242E-4	4.504E-2
40.710	3.929E-4	4.492E-2
40.718	2.517E-4	4.483E-2
40.727	1.395E-4	4.476E-2
40.735	-5.045E-5	4.477E-2
40.743	-2.494E-4	4.476E-2
40.752	-3.932E-4	4.483E-2
40.760	-5.327E-4	4.489E-2
40.768	-5.692E-4	4.496E-2
40.777	-5.676E-4	4.507E-2
40.785	-5.479E-4	4.515E-2
40.794	-4.582E-4	4.523E-2
40.802	-2.916E-4	4.532E-2
40.810	-9.920E-5	4.535E-2
40.819	8.147E-5	4.534E-2
40.827	1.964E-4	4.532E-2
40.835	3.844E-4	4.529E-2
40.844	4.345E-4	4.517E-2
40.852	4.493E-4	4.509E-2
40.861	4.237E-4	4.497E-2
40.869	3.695E-4	4.489E-2
40.877	1.887E-4	4.483E-2
40.886	9.302E-6	4.483E-2
40.894	-1.779E-4	4.483E-2
40.902	-3.328E-4	4.485E-2
40.911	-5.185E-4	4.489E-2
40.919	-5.668E-4	4.493E-2
40.928	-6.116E-4	4.502E-2
40.936	-6.065E-4	4.511E-2
40.944	-5.464E-4	4.517E-2
40.953	-4.114E-4	4.522E-2
40.961	-2.625E-4	4.522E-2
40.969	-6.550E-5	4.526E-2
40.978	1.538E-4	4.525E-2
40.986	3.263E-4	4.525E-2
40.995	4.028E-4	4.516E-2
41.003	4.499E-4	4.509E-2
41.011	4.377E-4	4.502E-2
41.020	3.931E-4	4.497E-2
41.028	2.387E-4	4.490E-2
41.037	9.442E-5	4.489E-2
41.045	-1.022E-4	4.488E-2
41.053	-3.054E-4	4.488E-2
41.062	-4.976E-4	4.492E-2
41.070	-5.636E-4	4.494E-2
41.078	-6.458E-4	4.499E-2
41.087	-6.869E-4	4.508E-2
41.095	-6.388E-4	4.509E-2
41.104	-5.245E-4	4.514E-2
41.112	-3.169E-4	4.515E-2
41.120	-1.095E-4	4.514E-2
41.129	1.115E-4	4.513E-2
41.137	2.203E-4	4.509E-2
41.145	3.910E-4	4.509E-2
41.154	4.443E-4	4.503E-2
41.162	4.650E-4	4.499E-2
41.171	4.097E-4	4.498E-2
41.179	3.548E-4	4.493E-2
41.187	1.722E-4	4.491E-2
41.196	-3.414E-5	4.490E-2
41.204	-2.499E-4	4.490E-2
41.212	-4.195E-4	4.493E-2
41.221	-5.507E-4	4.494E-2
41.229	-6.647E-4	4.495E-2
41.238	-7.272E-4	4.499E-2
41.246	-6.803E-4	4.503E-2
41.254	-5.550E-4	4.506E-2
41.263	-3.917E-4	4.508E-2
41.271	-2.522E-4	4.509E-2
41.279	-5.092E-5	4.508E-2
41.288	1.618E-4	4.506E-2
41.296	3.668E-4	4.507E-2
41.305	4.309E-4	4.506E-2
41.313	4.765E-4	4.501E-2
41.321	4.419E-4	4.504E-2
41.330	3.936E-4	4.505E-2
41.338	2.070E-4	4.506E-2
41.346	4.013E-5	4.508E-2
41.355	-1.504E-4	4.508E-2
41.363	-3.391E-4	4.511E-2
41.372	-5.302E-4	4.512E-2
41.380	-6.192E-4	4.512E-2
41.388	-7.183E-4	4.511E-2
41.397	-7.160E-4	4.511E-2
41.405	-5.822E-4	4.511E-2
41.413	-5.177E-4	4.509E-2
41.422	-3.108E-4	4.507E-2
41.430	-8.939E-5	4.506E-2
41.439	1.312E-4	4.505E-2
41.447	2.959E-4	4.505E-2
41.455	4.007E-4	4.506E-2
41.464	4.431E-4	4.507E-2
41.472	4.552E-4	4.508E-2
41.480	4.026E-4	4.511E-2
41.489	3.042E-4	4.512E-2
41.497	1.322E-4	4.513E-2
41.506	-6.815E-5	4.512E-2
41.514	-2.833E-4	4.513E-2
41.522	-4.647E-4	4.514E-2
41.531	-5.594E-4	4.513E-2
41.539	-6.594E-4	4.511E-2
41.547	-6.968E-4	4.508E-2
41.556	-6.068E-4	4.508E-2
41.564	-5.389E-4	4.506E-2
41.573	-3.313E-4	4.498E-2
41.581	-1.597E-4	4.498E-2
41.589	-7.808E-7	4.494E-2
41.598	1.752E-4	4.491E-2
41.606	3.680E-4	4.491E-2
41.614	4.223E-4	4.491E-2
41.623	4.426E-4	4.496E-2
41.631	4.155E-4	4.500E-2
41.640	3.677E-4	4.508E-2
41.648	1.809E-4	4.512E-2
41.656	-4.312E-6	4.515E-2
41.665	-1.965E-4	4.514E-2
41.673	-3.434E-4	4.514E-2
41.681	-5.185E-4	4.513E-2
41.690	-5.656E-4	4.509E-2
41.698	-6.084E-4	4.504E-2
41.707	-6.018E-4	4.499E-2
41.715	-5.423E-4	4.495E-2
41.723	-4.073E-4	4.488E-2
41.732	-2.705E-4	4.485E-2
41.740	-6.893E-5	4.484E-2
41.749	1.460E-4	4.485E-2
41.757	2.994E-4	4.487E-2
41.765	3.927E-4	4.489E-2
41.774	4.163E-4	4.498E-2
41.782	4.183E-4	4.504E-2
41.790	3.830E-4	4.511E-2
41.799	2.198E-4	4.517E-2
41.807	8.332E-5	4.520E-2
41.816	-9.542E-5	4.518E-2
41.824	-2.827E-4	4.516E-2
41.832	-4.633E-4	4.514E-2
41.841	-5.466E-4	4.509E-2
41.849	-5.800E-4	4.502E-2
41.857	-5.648E-4	4.495E-2
41.866	-5.239E-4	4.486E-2
41.874	-4.325E-4	4.481E-2
41.883	-2.885E-4	4.476E-2
41.891	-8.199E-5	4.475E-2
41.899	1.127E-4	4.479E-2
41.908	1.960E-4	4.485E-2
41.916	3.675E-4	4.490E-2
41.924	4.176E-4	4.497E-2
41.933	4.171E-4	4.506E-2
41.941	3.967E-4	4.515E-2
41.950	3.114E-4	4.522E-2
41.958	1.548E-4	4.531E-2
41.966	-3.762E-5	4.533E-2
41.975	-2.165E-4	4.534E-2
41.983	-3.256E-4	4.531E-2
41.991	-4.674E-4	4.523E-2
42.000	-5.421E-4	4.514E-2
42.008	-5.399E-4	4.504E-2
42.017	-5.338E-4	4.493E-2
42.025	-4.896E-4	4.484E-2
42.033	-3.174E-4	4.478E-2
42.042	-1.890E-4	4.475E-2
42.050	-3.987E-5	4.472E-2
42.058	1.514E-4	4.476E-2
42.067	2.561E-4	4.486E-2
42.075	3.712E-4	4.494E-2
42.084	3.904E-4	4.506E-2
42.092	3.960E-4	4.517E-2
42.100	3.579E-4	4.527E-2
42.109	2.004E-4	4.534E-2
42.117	8.522E-5	4.538E-2
42.125	-7.861E-5	4.537E-2
42.134	-2.645E-4	4.535E-2
42.142	-3.386E-4	4.525E-2
42.151	-4.838E-4	4.514E-2
42.159	-5.128E-4	4.503E-2
42.167	-5.178E-4	4.491E-2
42.176	-4.894E-4	4.480E-2
42.184	-3.471E-4	4.471E-2
42.192	-2.374E-4	4.466E-2
42.201	-6.737E-5	4.465E-2
42.209	9.078E-5	4.468E-2
42.218	1.752E-4	4.478E-2
42.226	2.851E-4	4.490E-2
42.234	3.032E-4	4.503E-2
42.243	3.032E-4	4.516E-2
42.251	2.739E-4	4.528E-2
42.259	1.657E-4	4.537E-2
42.268	1.053E-4	4.541E-2
42.276	-8.113E-5	4.540E-2
42.285	-2.145E-4	4.538E-2
42.293	-3.196E-4	4.528E-2
42.301	-4.400E-4	4.516E-2
42.310	-5.199E-4	4.502E-2
42.318	-5.211E-4	4.489E-2
42.326	-5.122E-4	4.477E-2
42.335	-4.263E-4	4.467E-2
42.343	-3.164E-4	4.462E-2
42.352	-1.832E-4	4.462E-2
42.360	-7.167E-5	4.465E-2
42.368	7.961E-5	4.471E-2
42.377	1.545E-4	4.485E-2
42.385	2.172E-4	4.499E-2
42.394	2.245E-4	4.516E-2
42.402	2.326E-4	4.529E-2
42.410	1.767E-4	4.539E-2
42.419	1.381E-4	4.545E-2
42.427	3.736E-7	4.551E-2
42.435	-9.488E-5	4.548E-2
42.444	-2.464E-4	4.538E-2
42.452	-3.089E-4	4.527E-2
42.461	-3.633E-4	4.511E-2
42.469	-4.693E-4	4.494E-2
42.477	-4.789E-4	4.481E-2
42.486	-4.240E-4	4.468E-2
42.494	-3.422E-4	4.461E-2
42.502	-2.686E-4	4.460E-2
42.511	-1.035E-4	4.463E-2
42.519	-2.818E-5	4.469E-2
42.528	1.224E-4	4.483E-2
42.536	1.782E-4	4.499E-2
42.544	1.858E-4	4.516E-2
42.553	1.893E-4	4.532E-2
42.561	1.903E-4	4.542E-2
42.569	1.648E-4	4.551E-2
42.578	1.255E-4	4.555E-2
42.586	-2.486E-5	4.552E-2
42.595	-8.881E-5	4.542E-2
42.603	-2.230E-4	4.530E-2
42.611	-2.868E-4	4.512E-2
42.620	-3.117E-4	4.495E-2
42.628	-3.173E-4	4.479E-2
42.636	-3.043E-4	4.467E-2
42.645	-2.777E-4	4.457E-2
42.653	-2.455E-4	4.458E-2
42.662	-1.133E-4	4.459E-2
42.670	-3.265E-5	4.466E-2
42.678	5.014E-5	4.479E-2
42.687	1.411E-4	4.495E-2
42.695	1.887E-4	4.512E-2
42.703	1.881E-4	4.529E-2
42.712	1.928E-4	4.541E-2
42.720	1.823E-4	4.553E-2
42.729	1.554E-4	4.556E-2
42.737	9.681E-5	4.555E-2
42.745	-4.796E-5	4.549E-2
42.754	-9.382E-5	4.535E-2
42.762	-2.040E-4	4.517E-2
42.770	-2.782E-4	4.499E-2
42.779	-2.981E-4	4.485E-2
42.787	-3.008E-4	4.469E-2
42.796	-2.986E-4	4.459E-2
42.804	-2.939E-4	4.457E-2
42.812	-2.445E-4	4.458E-2
42.821	-1.536E-4	4.464E-2
42.829	-7.903E-5	4.475E-2
42.837	-3.469E-5	4.490E-2
42.846	6.235E-5	4.508E-2
42.854	1.163E-4	4.527E-2
42.863	1.432E-4	4.542E-2
42.871	1.735E-4	4.553E-2
42.879	1.636E-4	4.558E-2
42.888	1.453E-4	4.557E-2
42.896	8.304E-5	4.552E-2
42.904	-3.602E-5	4.538E-2
42.913	-6.983E-5	4.521E-2
42.921	-1.511E-4	4.502E-2
42.930	-2.522E-4	4.485E-2
42.938	-2.826E-4	4.468E-2
42.946	-2.926E-4	4.458E-2
42.955	-2.886E-4	4.454E-2
42.963		4.455E-2
42.971		4.462E-2
42.980		4.471E-2
42.988		4.487E-2
42.997		4.506E-2
43.005		4.523E-2
43.013		4.539E-2
43.022		4.552E-2
43.030		4.559E-2
43.038		4.558E-2
43.047		4.554E-2
43.055		4.541E-2
43.064		4.526E-2
43.072		4.509E-2
43.080		4.490E-2
43.089		4.471E-2
43.097		4.460E-2
43.106		4.451E-2
43.114		4.448E-2
43.122		4.451E-2
43.131		4.462E-2
43.139		4.477E-2
43.147		4.495E-2
43.156		4.512E-2
43.164		4.530E-2
43.173		4.542E-2
43.181		4.551E-2
43.189		4.554E-2
43.198		4.552E-2
43.206		4.540E-2
43.214		4.527E-2
43.223		4.510E-2
43.231		4.491E-2
43.240		4.474E-2
43.248		4.460E-2
43.256		4.451E-2
43.265		4.447E-2
43.273		4.446E-2
43.281		4.458E-2
43.290		4.472E-2
43.298		4.489E-2
43.307		4.506E-2
43.315		4.525E-2
43.323		4.539E-2
43.332		4.550E-2
43.340		4.555E-2
43.348		4.554E-2
43.357		4.543E-2
43.365		4.529E-2
43.374		4.512E-2
43.382		4.493E-2
43.390		4.476E-2
43.399		4.465E-2
43.407		4.455E-2
43.415		4.452E-2
43.424		4.456E-2
43.432		4.466E-2
43.441		4.478E-2
43.449		4.495E-2
43.457		4.511E-2
43.466		4.528E-2
43.474		4.540E-2
43.482		4.551E-2
43.491		4.556E-2
43.499		4.555E-2
43.508		4.548E-2
43.516		4.535E-2
43.524		4.519E-2
43.533		4.502E-2
43.541		4.487E-2
43.549		4.472E-2
43.558		4.462E-2
43.566		4.458E-2
43.575		4.460E-2
43.583		4.465E-2
43.591		4.475E-2
43.600		4.489E-2
43.608		4.505E-2
43.616		4.521E-2
43.625		4.533E-2
43.633		4.542E-2
43.642		4.547E-2
43.650		4.549E-2
43.658		4.543E-2
43.667		4.531E-2
43.675		4.517E-2
43.683		4.502E-2
43.692		4.488E-2
43.700		4.473E-2
43.709		4.463E-2
43.717		4.459E-2
43.725		4.460E-2
43.734		4.463E-2
43.742		4.473E-2
43.750		4.486E-2
43.759		4.501E-2
43.767		4.516E-2
43.776		4.528E-2
43.784		4.538E-2
43.792		4.542E-2
43.801		4.542E-2
43.809		4.536E-2
43.818		4.529E-2
43.826		4.517E-2
43.834		4.503E-2
43.843		4.490E-2
43.851		4.477E-2
43.859		4.468E-2
43.868		4.463E-2
43.876		4.463E-2
43.885		4.466E-2
43.893		4.472E-2
43.901		4.484E-2
43.910		4.496E-2
43.918		4.509E-2
43.926		4.520E-2
43.935		4.529E-2
43.943		4.532E-2
43.952		4.536E-2
43.960		4.533E-2
43.968		4.528E-2
43.977		4.518E-2
43.985		4.505E-2
43.993		4.492E-2
44.002		4.482E-2
44.010		4.473E-2
44.019		4.466E-2
44.027		4.465E-2
44.035		4.467E-2
44.044		4.471E-2
44.052		4.483E-2
44.060		4.493E-2
44.069		4.505E-2
44.077		4.515E-2
44.086		4.523E-2
44.094		4.529E-2
44.102		4.531E-2
44.111		4.532E-2
44.119		4.528E-2
44.127		4.520E-2
44.136		4.508E-2
44.144		4.497E-2
44.153		4.486E-2
44.161		4.481E-2
44.169		4.476E-2
44.178		4.479E-2
44.186		4.481E-2
44.194		4.486E-2
44.203		4.491E-2
44.211		4.500E-2
44.220		4.511E-2
44.228		4.519E-2
44.236		4.525E-2
44.245		4.531E-2
44.253		4.532E-2
44.261		4.532E-2
44.270		4.529E-2
44.278		4.522E-2
44.287		4.515E-2
44.295		4.507E-2
44.303		4.499E-2
44.312		4.493E-2
44.320		4.487E-2
44.328		4.486E-2
44.337		4.487E-2
44.345		4.490E-2
44.354		4.491E-2
44.362		4.502E-2
44.370		4.510E-2
44.379		4.514E-2
44.387		4.519E-2
44.395		4.521E-2
44.404		4.518E-2
44.412		4.517E-2
44.421		4.513E-2
44.429		4.509E-2
44.437		4.504E-2
44.446		4.498E-2
44.454		4.494E-2
44.462		4.491E-2
44.471		4.486E-2
44.479		4.486E-2
44.488		4.487E-2
44.496		4.489E-2
44.504		4.492E-2
44.513		4.492E-2
44.521		4.501E-2
44.530		4.508E-2
44.538		4.512E-2
44.546		4.514E-2
44.555		4.513E-2
44.563		4.513E-2
44.571		4.510E-2
44.580		4.507E-2
44.588		4.504E-2
44.597		4.502E-2
44.605		4.499E-2
44.613		4.502E-2
44.622		4.498E-2
44.630		4.495E-2
44.638		4.493E-2
44.647		4.493E-2
44.655		4.496E-2
44.664		4.495E-2
44.672		4.496E-2
44.680		4.499E-2
44.689		4.505E-2
44.697		4.507E-2
44.705		4.508E-2
44.714		4.508E-2
44.722		4.508E-2
44.731		4.505E-2
44.739		4.504E-2
44.747		4.505E-2
44.756		4.503E-2
44.764		4.505E-2
44.772		4.505E-2
44.781		4.507E-2
44.789		4.509E-2
44.798		4.509E-2
44.806		4.511E-2
44.814		4.512E-2
44.823		4.511E-2
44.831		4.511E-2
44.839		4.511E-2
44.848		4.510E-2
44.856		4.509E-2
44.865		4.507E-2
44.873		4.507E-2
44.881		4.506E-2
44.890		4.505E-2
44.898		4.506E-2
44.906		4.507E-2
44.915		4.508E-2
44.923		4.509E-2
44.932		4.511E-2
44.940		4.514E-2
44.948		4.514E-2
44.957		4.514E-2
44.965		4.513E-2
44.973		4.512E-2
44.982		4.512E-2
44.990		4.508E-2
44.999		4.505E-2
45.007		4.503E-2
45.015		4.502E-2
45.024		4.503E-2
45.032		4.504E-2
45.040		4.503E-2
45.049		4.505E-2
45.057		4.506E-2
45.066		4.512E-2
45.074		4.515E-2
45.082		4.514E-2
45.091		4.519E-2
45.099		4.518E-2
45.107		4.518E-2
45.116		4.516E-2
45.124		4.512E-2
45.133		4.511E-2
45.141		4.505E-2
45.149		4.500E-2
45.158		4.496E-2
45.166		4.490E-2
45.175		4.488E-2
45.183		4.488E-2
45.191		4.488E-2
45.200		4.490E-2
45.208		4.494E-2
45.216		4.498E-2
45.225		4.504E-2
45.233		4.509E-2
45.242		4.515E-2
45.250		4.518E-2
45.258		4.517E-2
45.267		4.515E-2
45.275		4.511E-2
45.283		4.509E-2
45.292		4.498E-2
45.300		4.490E-2
45.309		4.485E-2
45.317		4.480E-2
45.325		4.478E-2
45.334		4.480E-2
45.342		4.482E-2
45.350		4.487E-2
45.359		4.492E-2
45.367		4.497E-2
45.376		4.506E-2
45.384		4.515E-2
45.392		4.519E-2
45.401		4.523E-2
45.409		4.527E-2
45.417		4.528E-2
45.426		4.525E-2
45.434		4.518E-2
45.443		4.508E-2
45.451		4.497E-2
45.459		4.488E-2
45.468		4.482E-2
45.476		4.478E-2
45.484		4.479E-2
45.493		4.481E-2
45.501		4.487E-2
45.510		4.492E-2
45.518		4.502E-2
45.526		4.513E-2
45.535		4.522E-2
45.543		4.532E-2
45.551		4.535E-2
45.560		4.537E-2
45.568		4.535E-2
45.577		4.531E-2
45.585		4.525E-2
45.593		4.513E-2
45.602		4.501E-2
45.610		4.492E-2
45.618		4.484E-2
45.627		4.478E-2
45.635		4.474E-2
45.644		4.472E-2
45.652		4.475E-2
45.660		4.485E-2
45.669		4.494E-2
45.677		4.507E-2
45.685		4.518E-2
45.694		4.528E-2
45.702		4.534E-2
45.711		4.537E-2
45.719		4.536E-2
45.727		4.531E-2
45.736		4.524E-2
45.744		4.512E-2
45.752		4.500E-2
45.761		4.490E-2
45.769		4.478E-2
45.778		4.470E-2
45.786		4.466E-2
45.794		4.466E-2
45.803		4.468E-2
45.811		4.480E-2
45.819		4.492E-2
45.828		4.505E-2
45.836		4.518E-2
45.845		4.530E-2
45.853		4.537E-2
45.861		4.537E-2
45.870		4.539E-2
45.878		4.533E-2
45.887		4.525E-2
45.895		4.514E-2
45.903		4.500E-2
45.912		4.488E-2
45.920		4.476E-2
45.928		4.467E-2
45.937		4.463E-2
45.945		4.463E-2
45.954		4.467E-2
45.962		4.476E-2
45.970		4.490E-2
45.979		4.506E-2
45.987		4.519E-2
45.995		4.531E-2
46.004		4.539E-2
46.012		4.541E-2
46.021		4.542E-2
46.029		4.537E-2
46.037		4.528E-2
46.046		4.516E-2
46.054		4.502E-2
46.062		4.488E-2
46.071		4.473E-2
46.079		4.462E-2
46.088		4.457E-2
46.096		4.459E-2
46.104		4.464E-2
46.113		4.470E-2
46.121		4.484E-2
46.129		4.499E-2
46.138		4.515E-2
46.146		4.530E-2
46.155		4.540E-2
46.163		4.547E-2
46.171		4.550E-2
46.180		4.547E-2
46.188		4.538E-2
46.196		4.527E-2
46.205		4.511E-2
46.213		4.495E-2
46.222		4.480E-2
46.230		4.468E-2
46.238		4.462E-2
46.247		4.461E-2
46.255		4.463E-2
46.263		4.470E-2
46.272		4.483E-2
46.280		4.499E-2
46.289		4.516E-2
46.297		4.530E-2
46.305		4.541E-2
46.314		4.551E-2
46.322		4.552E-2
46.330		4.553E-2
46.339		4.542E-2
46.347		4.530E-2
46.356		4.513E-2
46.364		4.495E-2
46.372		4.480E-2
46.381		4.468E-2
46.389		4.460E-2
46.397		4.457E-2
46.406		4.461E-2
46.414		4.467E-2
46.423		4.480E-2
46.431		4.496E-2
46.439		4.511E-2
46.448		4.527E-2
46.456		4.538E-2
46.464		4.549E-2
46.473		4.554E-2
46.481		4.554E-2
46.490		4.545E-2
46.498		4.531E-2
46.506		4.515E-2
46.515		4.498E-2
46.523		4.481E-2
46.531		4.468E-2
46.540		4.458E-2
46.548		4.455E-2
46.557		4.458E-2
46.565		4.465E-2
46.573		4.475E-2
46.582		4.493E-2
46.590		4.509E-2
46.599		4.525E-2
46.607		4.538E-2
46.615		4.549E-2
46.624		4.555E-2
46.632		4.555E-2
46.640		4.549E-2
46.649		4.536E-2
46.657		4.523E-2
46.666		4.508E-2
46.674		4.491E-2
46.682		4.477E-2
46.691		4.467E-2
46.699		4.462E-2
46.707		4.462E-2
46.716		4.466E-2
46.724		4.477E-2
46.733		4.491E-2
46.741		4.508E-2
46.749		4.524E-2
46.758		4.537E-2
46.766		4.549E-2
46.774		4.556E-2
46.783		4.556E-2
46.791		4.554E-2
46.800		4.539E-2
46.808		4.527E-2
