#multi:
	mass A	mass B	
t	x	x	
0.000	-4.396E-3	4.454E-2
0.008	-4.428E-3	4.454E-2
0.017	-4.417E-3	4.454E-2
0.025	-4.408E-3	4.454E-2
0.034	-4.377E-3	4.455E-2
0.042	-4.234E-3	4.455E-2
0.050	-4.071E-3	4.456E-2
0.059	-3.922E-3	4.458E-2
0.067	-3.697E-3	4.458E-2
0.075	-3.414E-3	4.458E-2
0.084	-3.033E-3	4.458E-2
0.092	-2.506E-3	4.460E-2
0.101	-1.761E-3	4.460E-2
0.109	-8.700E-4	4.460E-2
0.117	1.733E-4	4.460E-2
0.126	1.219E-3	4.460E-2
0.134	2.112E-3	4.460E-2
0.142	2.778E-3	4.466E-2
0.151	3.107E-3	4.476E-2
0.159	2.976E-3	4.481E-2
0.168	2.513E-3	4.486E-2
0.176	1.703E-3	4.487E-2
0.184	6.986E-4	4.485E-2
0.193	-3.082E-4	4.487E-2
0.201	-1.338E-3	4.482E-2
0.209	-2.156E-3	4.478E-2
0.218	-2.716E-3	4.467E-2
0.226	-3.045E-3	4.458E-2
0.235	-3.035E-3	4.446E-2
0.243	-2.680E-3	4.436E-2
0.251	-2.114E-3	4.428E-2
0.260	-1.256E-3	4.423E-2
0.268	-2.500E-4	4.425E-2
0.276	7.472E-4	4.430E-2
0.285	1.738E-3	4.438E-2
0.293	2.523E-3	4.453E-2
0.302	2.977E-3	4.471E-2
0.310	3.087E-3	4.490E-2
0.318	2.723E-3	4.509E-2
0.327	2.099E-3	4.524E-2
0.335	1.185E-3	4.534E-2
0.343	1.877E-4	4.534E-2
0.352	-8.082E-4	4.527E-2
0.360	-1.672E-3	4.518E-2
0.369	-2.374E-3	4.500E-2
0.377	-2.798E-3	4.477E-2
0.385	-2.874E-3	4.452E-2
0.394	-2.694E-3	4.429E-2
0.402	-2.247E-3	4.407E-2
0.410	-1.536E-3	4.394E-2
0.419	-6.744E-4	4.387E-2
0.427	3.131E-4	4.389E-2
0.436	1.290E-3	4.403E-2
0.444	2.128E-3	4.428E-2
0.452	2.715E-3	4.456E-2
0.461	2.962E-3	4.487E-2
0.469	2.848E-3	4.517E-2
0.477	2.355E-3	4.546E-2
0.486	1.600E-3	4.566E-2
0.494	6.581E-4	4.574E-2
0.503	-3.154E-4	4.570E-2
0.511	-1.218E-3	4.555E-2
0.519	-1.954E-3	4.529E-2
0.528	-2.476E-3	4.495E-2
0.536	-2.766E-3	4.458E-2
0.544	-2.761E-3	4.419E-2
0.553	-2.407E-3	4.385E-2
0.561	-1.809E-3	4.362E-2
0.570	-1.012E-3	4.353E-2
0.578	-8.911E-5	4.356E-2
0.586	8.593E-4	4.370E-2
0.595	1.755E-3	4.398E-2
0.603	2.403E-3	4.437E-2
0.611	2.763E-3	4.479E-2
0.620	2.804E-3	4.523E-2
0.628	2.491E-3	4.562E-2
0.637	1.916E-3	4.593E-2
0.645	1.085E-3	4.611E-2
0.653	2.015E-4	4.613E-2
0.662	-7.096E-4	4.596E-2
0.670	-1.504E-3	4.567E-2
0.678	-2.133E-3	4.526E-2
0.687	-2.478E-3	4.477E-2
0.695	-2.614E-3	4.428E-2
0.704	-2.411E-3	4.383E-2
0.712	-1.931E-3	4.347E-2
0.720	-1.272E-3	4.328E-2
0.729	-4.644E-4	4.325E-2
0.737	4.097E-4	4.337E-2
0.746	1.236E-3	4.370E-2
0.754	1.977E-3	4.413E-2
0.762	2.473E-3	4.465E-2
0.771	2.682E-3	4.519E-2
0.779	2.564E-3	4.569E-2
0.787	2.136E-3	4.611E-2
0.796	1.469E-3	4.637E-2
0.804	6.677E-4	4.641E-2
0.813	-2.004E-4	4.630E-2
0.821	-9.873E-4	4.598E-2
0.829	-1.636E-3	4.551E-2
0.838	-2.117E-3	4.494E-2
0.846	-2.338E-3	4.435E-2
0.854	-2.328E-3	4.378E-2
0.863	-2.017E-3	4.334E-2
0.871	-1.514E-3	4.305E-2
0.880	-8.639E-4	4.297E-2
0.888	-9.453E-5	4.309E-2
0.896	7.168E-4	4.342E-2
0.905	1.431E-3	4.390E-2
0.913	1.998E-3	4.451E-2
0.921	2.346E-3	4.516E-2
0.930	2.373E-3	4.575E-2
0.938	2.120E-3	4.625E-2
0.947	1.631E-3	4.660E-2
0.955	9.421E-4	4.672E-2
0.963	2.092E-4	4.660E-2
0.972	-5.459E-4	4.628E-2
0.980	-1.209E-3	4.580E-2
0.988	-1.697E-3	4.518E-2
0.997	-2.035E-3	4.450E-2
1.005	-2.148E-3	4.382E-2
1.014	-1.967E-3	4.325E-2
1.022	-1.625E-3	4.287E-2
1.030	-1.105E-3	4.270E-2
1.039	-4.565E-4	4.275E-2
1.047	2.457E-4	4.306E-2
1.055	9.405E-4	4.359E-2
1.064	1.564E-3	4.426E-2
1.072	1.983E-3	4.501E-2
1.081	2.206E-3	4.568E-2
1.089	2.146E-3	4.630E-2
1.097	1.821E-3	4.676E-2
1.106	1.336E-3	4.699E-2
1.114	6.984E-4	4.702E-2
1.122	1.434E-5	4.668E-2
1.131	-6.417E-4	4.617E-2
1.139	-1.208E-3	4.550E-2
1.148	-1.613E-3	4.474E-2
1.156	-1.839E-3	4.397E-2
1.164	-1.852E-3	4.333E-2
1.173	-1.670E-3	4.284E-2
1.181	-1.264E-3	4.258E-2
1.189	-7.440E-4	4.262E-2
1.198	-1.396E-4	4.291E-2
1.206	4.771E-4	4.340E-2
1.215	1.066E-3	4.408E-2
1.223	1.556E-3	4.486E-2
1.231	1.850E-3	4.563E-2
1.240	1.971E-3	4.632E-2
1.248	1.847E-3	4.686E-2
1.256	1.540E-3	4.715E-2
1.265	1.070E-3	4.714E-2
1.273	5.105E-4	4.689E-2
1.282	-9.739E-5	4.640E-2
1.290	-6.588E-4	4.570E-2
1.298	-1.123E-3	4.493E-2
1.307	-1.456E-3	4.412E-2
1.315	-1.615E-3	4.334E-2
1.323	-1.590E-3	4.277E-2
1.332	-1.386E-3	4.242E-2
1.340	-1.009E-3	4.232E-2
1.349	-5.200E-4	4.252E-2
1.357	1.791E-5	4.298E-2
1.365	5.847E-4	4.366E-2
1.374	1.079E-3	4.450E-2
1.382	1.452E-3	4.537E-2
1.390	1.688E-3	4.615E-2
1.399	1.724E-3	4.674E-2
1.407	1.553E-3	4.711E-2
1.416	1.267E-3	4.724E-2
1.424	7.990E-4	4.708E-2
1.432	2.841E-4	4.661E-2
1.441	-2.395E-4	4.594E-2
1.449	-7.229E-4	4.512E-2
1.458	-1.094E-3	4.425E-2
1.466	-1.375E-3	4.344E-2
1.474	-1.484E-3	4.276E-2
1.483	-1.423E-3	4.231E-2
1.491	-1.207E-3	4.216E-2
1.499	-8.905E-4	4.230E-2
1.508	-4.657E-4	4.272E-2
1.516	3.859E-6	4.338E-2
1.525	4.728E-4	4.422E-2
1.533	9.029E-4	4.515E-2
1.541	1.230E-3	4.597E-2
1.550	1.404E-3	4.665E-2
1.558	1.451E-3	4.711E-2
1.566	1.320E-3	4.733E-2
1.575	1.075E-3	4.722E-2
1.583	7.050E-4	4.684E-2
1.592	2.540E-4	4.619E-2
1.600	-1.951E-4	4.539E-2
1.608	-6.448E-4	4.452E-2
1.617	-9.887E-4	4.366E-2
1.625	-1.209E-3	4.291E-2
1.633	-1.310E-3	4.239E-2
1.642	-1.306E-3	4.219E-2
1.650	-1.154E-3	4.225E-2
1.659	-8.799E-4	4.261E-2
1.667	-4.963E-4	4.322E-2
1.675	-5.737E-5	4.404E-2
1.684	3.827E-4	4.494E-2
1.692	8.045E-4	4.583E-2
1.700	1.096E-3	4.657E-2
1.709	1.300E-3	4.712E-2
1.717	1.378E-3	4.739E-2
1.726	1.295E-3	4.735E-2
1.734	1.082E-3	4.701E-2
1.742	7.714E-4	4.644E-2
1.751	3.543E-4	4.565E-2
1.759	-5.126E-5	4.477E-2
1.767	-4.582E-4	4.391E-2
1.776	-8.011E-4	4.311E-2
1.784	-1.028E-3	4.250E-2
1.793	-1.179E-3	4.220E-2
1.801	-1.181E-3	4.220E-2
1.809	-1.018E-3	4.248E-2
1.818	-7.650E-4	4.303E-2
1.826	-4.290E-4	4.376E-2
1.834	-2.231E-5	4.465E-2
1.843	4.042E-4	4.553E-2
1.851	8.262E-4	4.632E-2
1.860	1.146E-3	4.692E-2
1.868	1.359E-3	4.728E-2
1.876	1.464E-3	4.734E-2
1.885	1.376E-3	4.710E-2
1.893	1.174E-3	4.657E-2
1.901	8.593E-4	4.585E-2
1.910	4.761E-4	4.500E-2
1.918	3.889E-5	4.413E-2
1.927	-3.886E-4	4.330E-2
1.935	-7.860E-4	4.269E-2
1.943	-1.045E-3	4.227E-2
1.952	-1.240E-3	4.220E-2
1.960	-1.241E-3	4.241E-2
1.968	-1.142E-3	4.288E-2
1.977	-9.099E-4	4.360E-2
1.985	-5.587E-4	4.445E-2
1.994	-1.045E-4	4.533E-2
2.002	3.706E-4	4.613E-2
2.010	8.071E-4	4.677E-2
2.019	1.133E-3	4.719E-2
2.027	1.394E-3	4.731E-2
2.035	1.532E-3	4.715E-2
2.044	1.536E-3	4.669E-2
2.052	1.316E-3	4.602E-2
2.061	9.819E-4	4.519E-2
2.069	5.805E-4	4.435E-2
2.077	1.197E-4	4.354E-2
2.086	-3.365E-4	4.288E-2
2.094	-7.461E-4	4.245E-2
2.102	-1.095E-3	4.227E-2
2.111	-1.269E-3	4.240E-2
2.119	-1.325E-3	4.281E-2
2.128	-1.219E-3	4.339E-2
2.136	-9.663E-4	4.416E-2
2.144	-5.506E-4	4.501E-2
2.153	-7.822E-5	4.582E-2
2.161	4.312E-4	4.649E-2
2.170	9.012E-4	4.693E-2
2.178	1.321E-3	4.714E-2
2.186	1.603E-3	4.706E-2
2.195	1.749E-3	4.670E-2
2.203	1.750E-3	4.610E-2
2.211	1.512E-3	4.536E-2
2.220	1.123E-3	4.459E-2
2.228	6.493E-4	4.380E-2
2.237	1.267E-4	4.313E-2
2.245	-4.185E-4	4.266E-2
2.253	-9.045E-4	4.244E-2
2.262	-1.242E-3	4.248E-2
2.270	-1.445E-3	4.278E-2
2.278	-1.452E-3	4.330E-2
2.287	-1.303E-3	4.401E-2
2.295	-1.006E-3	4.480E-2
2.304	-5.447E-4	4.557E-2
2.312	3.648E-6	4.623E-2
2.320	5.611E-4	4.670E-2
2.329	1.079E-3	4.693E-2
2.337	1.540E-3	4.692E-2
2.345	1.820E-3	4.665E-2
2.354	1.960E-3	4.616E-2
2.362	1.804E-3	4.550E-2
2.371	1.534E-3	4.474E-2
2.379	1.081E-3	4.401E-2
2.387	5.004E-4	4.339E-2
2.396	-9.709E-5	4.289E-2
2.404	-6.912E-4	4.262E-2
2.412	-1.200E-3	4.264E-2
2.421	-1.537E-3	4.285E-2
2.429	-1.712E-3	4.330E-2
2.438	-1.685E-3	4.391E-2
2.446	-1.453E-3	4.459E-2
2.454	-1.040E-3	4.532E-2
2.463	-4.970E-4	4.595E-2
2.471	1.433E-4	4.644E-2
2.479	7.823E-4	4.672E-2
2.488	1.343E-3	4.677E-2
2.496	1.801E-3	4.662E-2
2.505	2.051E-3	4.621E-2
2.513	2.095E-3	4.565E-2
2.521	1.914E-3	4.499E-2
2.530	1.503E-3	4.430E-2
2.538	9.097E-4	4.369E-2
2.546	2.522E-4	4.318E-2
2.555	-4.525E-4	4.287E-2
2.563	-1.047E-3	4.280E-2
2.572	-1.587E-3	4.291E-2
2.580	-1.909E-3	4.326E-2
2.588	-1.968E-3	4.376E-2
2.597	-1.911E-3	4.437E-2
2.605	-1.579E-3	4.501E-2
2.613	-1.087E-3	4.562E-2
2.622	-4.662E-4	4.614E-2
2.630	2.598E-4	4.644E-2
2.639	9.490E-4	4.655E-2
2.647	1.556E-3	4.646E-2
2.655	2.011E-3	4.616E-2
2.664	2.228E-3	4.569E-2
2.672	2.227E-3	4.510E-2
2.680	1.889E-3	4.450E-2
2.689	1.339E-3	4.396E-2
2.697	6.656E-4	4.347E-2
2.706	-6.830E-5	4.315E-2
2.714	-7.944E-4	4.303E-2
2.722	-1.411E-3	4.307E-2
2.731	-1.864E-3	4.337E-2
2.739	-2.130E-3	4.377E-2
2.747	-2.125E-3	4.429E-2
2.756	-1.889E-3	4.483E-2
2.764	-1.431E-3	4.536E-2
2.773	-8.056E-4	4.584E-2
2.781	-4.015E-5	4.616E-2
2.789	7.161E-4	4.631E-2
2.798	1.425E-3	4.633E-2
2.806	2.011E-3	4.611E-2
2.815	2.369E-3	4.574E-2
2.823	2.457E-3	4.526E-2
2.831	2.264E-3	4.476E-2
2.840	1.821E-3	4.428E-2
2.848	1.147E-3	4.387E-2
2.856	3.733E-4	4.357E-2
2.865	-4.332E-4	4.341E-2
2.873	-1.175E-3	4.341E-2
2.882	-1.761E-3	4.360E-2
2.890	-2.167E-3	4.390E-2
2.898	-2.306E-3	4.429E-2
2.907	-2.173E-3	4.474E-2
2.915	-1.803E-3	4.520E-2
2.923	-1.229E-3	4.560E-2
2.932	-5.036E-4	4.589E-2
2.940	3.139E-4	4.604E-2
2.949	1.112E-3	4.601E-2
2.957	1.821E-3	4.588E-2
2.965	2.330E-3	4.562E-2
2.974	2.560E-3	4.528E-2
2.982	2.514E-3	4.487E-2
2.990	2.145E-3	4.446E-2
2.999	1.516E-3	4.412E-2
3.007	7.309E-4	4.387E-2
3.016	-1.270E-4	4.369E-2
3.024	-9.580E-4	4.367E-2
3.032	-1.642E-3	4.373E-2
3.041	-2.153E-3	4.394E-2
3.049	-2.407E-3	4.422E-2
3.057	-2.390E-3	4.457E-2
3.066	-2.124E-3	4.491E-2
3.074	-1.621E-3	4.523E-2
3.083	-9.290E-4	4.548E-2
3.091	-1.070E-4	4.562E-2
3.099	7.672E-4	4.568E-2
3.108	1.572E-3	4.562E-2
3.116	2.221E-3	4.546E-2
3.124	2.621E-3	4.522E-2
3.133	2.694E-3	4.494E-2
3.141	2.468E-3	4.466E-2
3.150	1.966E-3	4.437E-2
3.158	1.168E-3	4.416E-2
3.166	2.954E-4	4.404E-2
3.175	-5.972E-4	4.400E-2
3.183	-1.400E-3	4.403E-2
3.191	-2.021E-3	4.418E-2
3.200	-2.421E-3	4.436E-2
3.208	-2.546E-3	4.456E-2
3.217	-2.392E-3	4.478E-2
3.225	-1.948E-3	4.499E-2
3.233	-1.329E-3	4.518E-2
3.242	-5.372E-4	4.529E-2
3.250	3.591E-4	4.532E-2
3.258	1.228E-3	4.528E-2
3.267	1.978E-3	4.520E-2
3.275	2.512E-3	4.506E-2
3.284	2.742E-3	4.488E-2
3.292	2.680E-3	4.471E-2
3.300	2.261E-3	4.456E-2
3.309	1.594E-3	4.444E-2
3.317	7.393E-4	4.435E-2
3.325	-1.675E-4	4.432E-2
3.334	-1.057E-3	4.432E-2
3.342	-1.783E-3	4.436E-2
3.351	-2.312E-3	4.445E-2
3.359	-2.570E-3	4.457E-2
3.367	-2.535E-3	4.469E-2
3.376	-2.233E-3	4.481E-2
3.384	-1.706E-3	4.489E-2
3.392	-9.537E-4	4.491E-2
3.401	-7.340E-5	4.498E-2
3.409	8.384E-4	4.499E-2
3.418	1.667E-3	4.498E-2
3.426	2.291E-3	4.494E-2
3.434	2.680E-3	4.489E-2
3.443	2.708E-3	4.489E-2
3.451	2.470E-3	4.478E-2
3.459	1.899E-3	4.476E-2
3.468	1.096E-3	4.473E-2
3.476	2.194E-4	4.471E-2
3.485	-6.740E-4	4.472E-2
3.493	-1.469E-3	4.473E-2
3.501	-2.083E-3	4.474E-2
3.510	-2.426E-3	4.474E-2
3.518	-2.540E-3	4.475E-2
3.527	-2.356E-3	4.474E-2
3.535	-1.896E-3	4.474E-2
3.543	-1.225E-3	4.474E-2
3.552	-4.095E-4	4.475E-2
3.560	4.794E-4	4.475E-2
3.568	1.332E-3	4.476E-2
3.577	2.070E-3	4.480E-2
3.585	2.542E-3	4.483E-2
3.594	2.733E-3	4.486E-2
3.602	2.610E-3	4.491E-2
3.610	2.130E-3	4.499E-2
3.619	1.411E-3	4.504E-2
3.627	5.727E-4	4.504E-2
3.635	-3.205E-4	4.503E-2
3.644	-1.159E-3	4.501E-2
3.652	-1.847E-3	4.495E-2
3.661	-2.329E-3	4.483E-2
3.669	-2.534E-3	4.472E-2
3.677	-2.480E-3	4.461E-2
3.686	-2.159E-3	4.449E-2
3.694	-1.586E-3	4.440E-2
3.702	-8.494E-4	4.435E-2
3.711	7.817E-6	4.433E-2
3.719	8.779E-4	4.436E-2
3.728	1.669E-3	4.444E-2
3.736	2.253E-3	4.459E-2
3.744	2.591E-3	4.476E-2
3.753	2.577E-3	4.493E-2
3.761	2.256E-3	4.510E-2
3.769	1.664E-3	4.523E-2
3.778	8.860E-4	4.530E-2
3.786	3.543E-5	4.530E-2
3.795	-8.135E-4	4.525E-2
3.803	-1.566E-3	4.514E-2
3.811	-2.125E-3	4.498E-2
3.820	-2.429E-3	4.476E-2
3.828	-2.465E-3	4.454E-2
3.836	-2.284E-3	4.432E-2
3.845	-1.843E-3	4.413E-2
3.853	-1.186E-3	4.402E-2
3.862	-3.822E-4	4.403E-2
3.870	4.370E-4	4.405E-2
3.878	1.269E-3	4.418E-2
3.887	1.907E-3	4.437E-2
3.895	2.317E-3	4.461E-2
3.903	2.477E-3	4.490E-2
3.912	2.322E-3	4.520E-2
3.920	1.865E-3	4.544E-2
3.929	1.177E-3	4.560E-2
3.937	3.998E-4	4.569E-2
3.945	-4.154E-4	4.565E-2
3.954	-1.185E-3	4.551E-2
3.962	-1.796E-3	4.525E-2
3.970	-2.217E-3	4.495E-2
3.979	-2.393E-3	4.461E-2
3.987	-2.302E-3	4.429E-2
3.996	-1.964E-3	4.401E-2
4.004	-1.405E-3	4.383E-2
4.012	-7.051E-4	4.372E-2
4.021	9.655E-5	4.373E-2
4.029	8.724E-4	4.388E-2
4.037	1.578E-3	4.413E-2
4.046	2.088E-3	4.448E-2
4.054	2.344E-3	4.485E-2
4.063	2.319E-3	4.524E-2
4.071	2.014E-3	4.556E-2
4.079	1.486E-3	4.577E-2
4.088	7.682E-4	4.589E-2
4.096	-5.937E-6	4.589E-2
4.104	-7.552E-4	4.572E-2
4.113	-1.408E-3	4.544E-2
4.121	-1.887E-3	4.505E-2
4.130	-2.146E-3	4.462E-2
4.138	-2.165E-3	4.418E-2
4.146	-1.941E-3	4.381E-2
4.155	-1.500E-3	4.354E-2
4.163	-9.191E-4	4.339E-2
4.171	-2.111E-4	4.339E-2
4.180	5.217E-4	4.357E-2
4.188	1.208E-3	4.386E-2
4.197	1.769E-3	4.428E-2
4.205	2.149E-3	4.474E-2
4.213	2.229E-3	4.524E-2
4.222	2.091E-3	4.566E-2
4.230	1.711E-3	4.599E-2
4.239	1.097E-3	4.617E-2
4.247	4.199E-4	4.617E-2
4.255	-2.654E-4	4.603E-2
4.264	-9.354E-4	4.571E-2
4.272	-1.466E-3	4.526E-2
4.280	-1.810E-3	4.475E-2
4.289	-1.945E-3	4.425E-2
4.297	-1.885E-3	4.380E-2
4.306	-1.593E-3	4.342E-2
4.314	-1.142E-3	4.319E-2
4.322	-5.345E-4	4.316E-2
4.331	1.566E-4	4.329E-2
4.339	8.244E-4	4.362E-2
4.347	1.411E-3	4.407E-2
4.356	1.830E-3	4.458E-2
4.364	2.043E-3	4.515E-2
4.373	2.037E-3	4.570E-2
4.381	1.802E-3	4.612E-2
4.389	1.362E-3	4.639E-2
4.398	7.869E-4	4.645E-2
4.406	1.456E-4	4.634E-2
4.414	-4.864E-4	4.603E-2
4.423	-1.016E-3	4.553E-2
4.431	-1.445E-3	4.497E-2
4.440	-1.677E-3	4.437E-2
4.448	-1.694E-3	4.380E-2
4.456	-1.541E-3	4.336E-2
4.465	-1.226E-3	4.307E-2
4.473	-7.458E-4	4.297E-2
4.481	-1.726E-4	4.308E-2
4.490	4.177E-4	4.339E-2
4.498	9.954E-4	4.386E-2
4.507	1.441E-3	4.443E-2
4.515	1.760E-3	4.503E-2
4.523	1.857E-3	4.565E-2
4.532	1.778E-3	4.617E-2
4.540	1.516E-3	4.652E-2
4.548	1.081E-3	4.666E-2
4.557	5.496E-4	4.660E-2
4.565	-4.040E-5	4.631E-2
4.574	-5.733E-4	4.584E-2
4.582	-1.006E-3	4.524E-2
4.590	-1.342E-3	4.457E-2
4.599	-1.480E-3	4.393E-2
4.607	-1.451E-3	4.338E-2
4.615	-1.240E-3	4.299E-2
4.624	-9.211E-4	4.279E-2
4.632	-4.626E-4	4.279E-2
4.641	5.311E-5	4.309E-2
4.649	5.827E-4	4.358E-2
4.657	1.070E-3	4.416E-2
4.666	1.434E-3	4.484E-2
4.674	1.630E-3	4.551E-2
4.682	1.670E-3	4.610E-2
4.691	1.541E-3	4.654E-2
4.699	1.242E-3	4.677E-2
4.708	8.136E-4	4.679E-2
4.716	3.563E-4	4.654E-2
4.724	-1.265E-4	4.610E-2
4.733	-6.299E-4	4.548E-2
4.741	-1.004E-3	4.477E-2
4.749	-1.228E-3	4.406E-2
4.758	-1.316E-3	4.345E-2
4.766	-1.259E-3	4.297E-2
4.775	-1.032E-3	4.272E-2
4.783	-7.242E-4	4.270E-2
4.791	-2.830E-4	4.294E-2
4.800	1.786E-4	4.340E-2
4.808	6.383E-4	4.401E-2
4.816	1.045E-3	4.472E-2
4.825	1.336E-3	4.544E-2
4.833	1.523E-3	4.611E-2
4.842	1.537E-3	4.661E-2
4.850	1.375E-3	4.689E-2
4.858	1.107E-3	4.691E-2
4.867	7.335E-4	4.670E-2
4.875	3.014E-4	4.626E-2
4.883	-1.399E-4	4.563E-2
4.892	-5.484E-4	4.490E-2
4.900	-8.466E-4	4.416E-2
4.909	-1.050E-3	4.348E-2
4.917	-1.175E-3	4.295E-2
4.925	-1.148E-3	4.264E-2
4.934	-9.361E-4	4.255E-2
4.942	-6.464E-4	4.271E-2
4.951	-2.785E-4	4.314E-2
4.959	1.402E-4	4.372E-2
4.967	5.436E-4	4.444E-2
4.976	8.588E-4	4.521E-2
4.984	1.115E-3	4.592E-2
4.992	1.282E-3	4.649E-2
5.001	1.302E-3	4.684E-2
5.009	1.180E-3	4.694E-2
5.018	9.281E-4	4.680E-2
5.026	6.192E-4	4.642E-2
5.034	2.477E-4	4.585E-2
5.043	-1.237E-4	4.510E-2
5.051	-5.079E-4	4.434E-2
5.059	-7.806E-4	4.361E-2
5.068	-9.625E-4	4.302E-2
5.076	-1.012E-3	4.262E-2
5.085	-9.733E-4	4.249E-2
5.093	-7.893E-4	4.261E-2
5.101	-5.349E-4	4.298E-2
5.110	-2.088E-4	4.357E-2
5.118	1.540E-4	4.428E-2
5.126	5.057E-4	4.503E-2
5.135	8.339E-4	4.575E-2
5.143	1.084E-3	4.638E-2
5.152	1.242E-3	4.681E-2
5.160	1.213E-3	4.699E-2
5.168	1.128E-3	4.694E-2
5.177	9.188E-4	4.659E-2
5.185	6.377E-4	4.606E-2
5.193	3.090E-4	4.536E-2
5.202	-6.807E-5	4.460E-2
5.210	-4.030E-4	4.384E-2
5.219	-7.140E-4	4.321E-2
5.227	-9.099E-4	4.274E-2
5.235	-1.004E-3	4.252E-2
5.244	-9.833E-4	4.255E-2
5.252	-8.436E-4	4.284E-2
5.260	-6.414E-4	4.339E-2
5.269	-3.296E-4	4.408E-2
5.277	1.249E-5	4.482E-2
5.286	3.739E-4	4.555E-2
5.294	7.095E-4	4.618E-2
5.302	9.717E-4	4.667E-2
5.311	1.135E-3	4.691E-2
5.319	1.191E-3	4.689E-2
5.327	1.122E-3	4.662E-2
5.336	9.432E-4	4.614E-2
5.344	6.648E-4	4.548E-2
5.353	3.291E-4	4.473E-2
5.361	-5.220E-5	4.398E-2
5.369	-4.032E-4	4.333E-2
5.378	-7.322E-4	4.286E-2
5.386	-9.532E-4	4.261E-2
5.394	-1.062E-3	4.261E-2
5.403	-1.103E-3	4.285E-2
5.411	-9.935E-4	4.334E-2
5.420	-7.615E-4	4.400E-2
5.428	-4.380E-4	4.471E-2
5.436	-7.631E-5	4.545E-2
5.445	3.049E-4	4.610E-2
5.453	6.634E-4	4.662E-2
5.461	9.600E-4	4.693E-2
5.470	1.165E-3	4.694E-2
5.478	1.241E-3	4.674E-2
5.487	1.172E-3	4.636E-2
5.495	9.895E-4	4.576E-2
5.503	6.879E-4	4.501E-2
5.512	3.116E-4	4.428E-2
5.520	-9.154E-5	4.360E-2
5.528	-4.753E-4	4.308E-2
5.537	-8.178E-4	4.276E-2
5.545	-1.109E-3	4.266E-2
5.554	-1.241E-3	4.282E-2
5.562	-1.237E-3	4.324E-2
5.570	-1.117E-3	4.379E-2
5.579	-8.890E-4	4.451E-2
5.587	-5.407E-4	4.520E-2
5.595	-1.096E-4	4.586E-2
5.604	3.262E-4	4.641E-2
5.612	7.177E-4	4.677E-2
5.621	1.076E-3	4.689E-2
5.629	1.315E-3	4.677E-2
5.637	1.420E-3	4.642E-2
5.646	1.343E-3	4.589E-2
5.654	1.133E-3	4.524E-2
5.663	8.038E-4	4.454E-2
5.671	3.551E-4	4.386E-2
5.679	-8.080E-5	4.331E-2
5.688	-5.255E-4	4.296E-2
5.696	-8.992E-4	4.282E-2
5.704	-1.190E-3	4.291E-2
5.713	-1.337E-3	4.320E-2
5.721	-1.353E-3	4.371E-2
5.730	-1.197E-3	4.432E-2
5.738	-9.042E-4	4.498E-2
5.746	-5.013E-4	4.561E-2
5.755	-2.516E-5	4.616E-2
5.763	4.631E-4	4.655E-2
5.771	9.171E-4	4.672E-2
5.780	1.296E-3	4.663E-2
5.788	1.547E-3	4.636E-2
5.797	1.612E-3	4.591E-2
5.805	1.525E-3	4.533E-2
5.813	1.244E-3	4.467E-2
5.822	8.251E-4	4.404E-2
5.830	3.364E-4	4.352E-2
5.838	-2.212E-4	4.315E-2
5.847	-7.274E-4	4.296E-2
5.855	-1.126E-3	4.298E-2
5.864	-1.412E-3	4.320E-2
5.872	-1.502E-3	4.361E-2
5.880	-1.475E-3	4.415E-2
5.889	-1.210E-3	4.476E-2
5.897	-8.338E-4	4.536E-2
5.905	-3.512E-4	4.590E-2
5.914	1.542E-4	4.631E-2
5.922	7.055E-4	4.650E-2
5.931	1.182E-3	4.646E-2
5.939	1.555E-3	4.626E-2
5.947	1.771E-3	4.587E-2
5.956	1.785E-3	4.539E-2
5.964	1.597E-3	4.482E-2
5.972	1.209E-3	4.422E-2
5.981	6.975E-4	4.372E-2
5.989	1.314E-4	4.332E-2
5.998	-4.498E-4	4.315E-2
6.006	-9.679E-4	4.314E-2
6.014	-1.370E-3	4.328E-2
6.023	-1.629E-3	4.364E-2
6.031	-1.659E-3	4.411E-2
6.039	-1.548E-3	4.463E-2
6.048	-1.239E-3	4.515E-2
6.056	-7.649E-4	4.565E-2
6.065	-1.994E-4	4.602E-2
6.073	4.101E-4	4.624E-2
6.081	1.009E-3	4.623E-2
6.090	1.504E-3	4.614E-2
6.098	1.832E-3	4.584E-2
6.106	1.993E-3	4.545E-2
6.115	1.897E-3	4.497E-2
6.123	1.583E-3	4.446E-2
6.132	1.101E-3	4.401E-2
6.140	4.955E-4	4.364E-2
6.148	-1.652E-4	4.342E-2
6.157	-7.696E-4	4.336E-2
6.165	-1.257E-3	4.344E-2
6.173	-1.638E-3	4.367E-2
6.182	-1.809E-3	4.406E-2
6.190	-1.823E-3	4.453E-2
6.199	-1.564E-3	4.499E-2
6.207	-1.162E-3	4.542E-2
6.215	-5.785E-4	4.577E-2
6.224	2.392E-5	4.598E-2
6.232	6.915E-4	4.604E-2
6.240	1.302E-3	4.596E-2
6.249	1.783E-3	4.574E-2
6.257	2.051E-3	4.541E-2
6.266	2.078E-3	4.502E-2
6.274	1.863E-3	4.459E-2
6.282	1.419E-3	4.417E-2
6.291	8.177E-4	4.383E-2
6.299	1.611E-4	4.361E-2
6.307	-5.221E-4	4.356E-2
6.316	-1.129E-3	4.361E-2
6.324	-1.610E-3	4.379E-2
6.333	-1.915E-3	4.408E-2
6.341	-1.947E-3	4.444E-2
6.349	-1.807E-3	4.484E-2
6.358	-1.457E-3	4.520E-2
6.366	-9.268E-4	4.549E-2
6.375	-2.626E-4	4.571E-2
6.383	4.342E-4	4.580E-2
6.391	1.126E-3	4.577E-2
6.400	1.704E-3	4.559E-2
6.408	2.069E-3	4.538E-2
6.416	2.236E-3	4.506E-2
6.425	2.134E-3	4.474E-2
6.433	1.771E-3	4.442E-2
6.442	1.210E-3	4.411E-2
6.450	5.054E-4	4.391E-2
6.458	-2.221E-4	4.382E-2
6.467	-9.282E-4	4.384E-2
6.475	-1.489E-3	4.394E-2
6.483	-1.879E-3	4.412E-2
6.492	-2.066E-3	4.438E-2
6.500	-2.059E-3	4.466E-2
6.509	-1.752E-3	4.497E-2
6.517	-1.299E-3	4.522E-2
6.525	-7.072E-4	4.541E-2
6.534	1.940E-5	4.551E-2
6.542	7.596E-4	4.550E-2
6.550	1.411E-3	4.543E-2
6.559	1.932E-3	4.525E-2
6.567	2.208E-3	4.503E-2
6.576	2.246E-3	4.480E-2
6.584	2.001E-3	4.456E-2
6.592	1.534E-3	4.435E-2
6.601	8.698E-4	4.418E-2
6.609	1.215E-4	4.409E-2
6.617	-6.233E-4	4.408E-2
6.626	-1.261E-3	4.413E-2
6.634	-1.742E-3	4.426E-2
6.643	-2.094E-3	4.444E-2
6.651	-2.149E-3	4.464E-2
6.659	-1.943E-3	4.481E-2
6.668	-1.534E-3	4.498E-2
6.676	-9.671E-4	4.509E-2
6.684	-2.555E-4	4.517E-2
6.693	4.909E-4	4.522E-2
6.701	1.211E-3	4.522E-2
6.710	1.822E-3	4.508E-2
6.718	2.231E-3	4.496E-2
6.726	2.379E-3	4.483E-2
6.735	2.227E-3	4.469E-2
6.743	1.832E-3	4.457E-2
6.751	1.203E-3	4.448E-2
6.760	4.580E-4	4.445E-2
6.768	-3.110E-4	4.445E-2
6.777	-1.012E-3	4.449E-2
6.785	-1.592E-3	4.455E-2
6.793	-1.979E-3	4.461E-2
6.802	-2.184E-3	4.471E-2
6.810	-2.106E-3	4.480E-2
6.818	-1.768E-3	4.486E-2
6.827	-1.260E-3	4.492E-2
6.835	-6.034E-4	4.496E-2
6.844	1.507E-4	4.501E-2
6.852	9.085E-4	4.500E-2
6.860	1.597E-3	4.499E-2
6.869	2.097E-3	4.495E-2
6.877	2.350E-3	4.489E-2
6.885	2.313E-3	4.486E-2
6.894	2.018E-3	4.482E-2
6.902	1.501E-3	4.479E-2
6.911	7.604E-4	4.479E-2
6.919	-1.782E-5	4.478E-2
6.927	-7.708E-4	4.478E-2
6.936	-1.409E-3	4.478E-2
6.944	-1.885E-3	4.478E-2
6.952	-2.154E-3	4.477E-2
6.961	-2.164E-3	4.477E-2
6.969	-1.922E-3	4.477E-2
6.978	-1.471E-3	4.475E-2
6.986	-8.790E-4	4.474E-2
6.994	-1.652E-4	4.474E-2
7.003	5.920E-4	4.475E-2
7.011	1.324E-3	4.476E-2
7.020	1.924E-3	4.479E-2
7.028	2.268E-3	4.483E-2
7.036	2.378E-3	4.486E-2
7.045	2.192E-3	4.491E-2
7.053	1.737E-3	4.500E-2
7.061	1.106E-3	4.503E-2
7.070	3.724E-4	4.504E-2
7.078	-3.830E-4	4.503E-2
7.087	-1.101E-3	4.501E-2
7.095	-1.654E-3	4.496E-2
7.103	-2.002E-3	4.485E-2
7.112	-2.170E-3	4.475E-2
7.120	-2.051E-3	4.462E-2
7.128	-1.705E-3	4.451E-2
7.137	-1.170E-3	4.445E-2
7.145	-4.973E-4	4.441E-2
7.154	2.390E-4	4.438E-2
7.162	9.765E-4	4.441E-2
7.170	1.611E-3	4.450E-2
7.179	2.068E-3	4.462E-2
7.187	2.274E-3	4.477E-2
7.195	2.233E-3	4.493E-2
7.204	1.922E-3	4.507E-2
7.212	1.360E-3	4.520E-2
7.221	6.744E-4	4.526E-2
7.229	-5.430E-5	4.526E-2
7.237	-7.629E-4	4.522E-2
7.246	-1.361E-3	4.509E-2
7.254	-1.799E-3	4.493E-2
7.262	-2.039E-3	4.476E-2
7.271	-2.056E-3	4.455E-2
7.279	-1.837E-3	4.435E-2
7.288	-1.399E-3	4.418E-2
7.296	-8.008E-4	4.408E-2
7.304	-8.891E-5	4.407E-2
7.313	6.370E-4	4.411E-2
7.321	1.315E-3	4.426E-2
7.329	1.842E-3	4.448E-2
7.338	2.163E-3	4.472E-2
7.346	2.209E-3	4.498E-2
7.355	2.019E-3	4.523E-2
7.363	1.602E-3	4.542E-2
7.371	9.919E-4	4.553E-2
7.380	2.745E-4	4.553E-2
7.388	-4.404E-4	4.549E-2
7.396	-1.061E-3	4.533E-2
7.405	-1.577E-3	4.509E-2
7.413	-1.905E-3	4.481E-2
7.422	-1.963E-3	4.452E-2
7.430	-1.843E-3	4.424E-2
7.438	-1.500E-3	4.403E-2
7.447	-9.841E-4	4.387E-2
7.455	-3.522E-4	4.383E-2
7.463	2.981E-4	4.388E-2
7.472	9.396E-4	4.404E-2
7.480	1.518E-3	4.429E-2
7.489	1.928E-3	4.460E-2
7.497	2.064E-3	4.494E-2
7.505	1.998E-3	4.526E-2
7.514	1.716E-3	4.553E-2
7.522	1.166E-3	4.571E-2
7.530	5.768E-4	4.578E-2
7.539	-1.084E-4	4.573E-2
7.547	-7.337E-4	4.555E-2
7.556	-1.244E-3	4.527E-2
7.564	-1.620E-3	4.495E-2
7.572	-1.801E-3	4.457E-2
7.581	-1.806E-3	4.418E-2
7.589	-1.597E-3	4.385E-2
7.597	-1.201E-3	4.363E-2
7.606	-6.706E-4	4.355E-2
7.614	-4.015E-5	4.358E-2
7.623	6.030E-4	4.375E-2
7.631	1.169E-3	4.406E-2
7.639	1.616E-3	4.443E-2
7.648	1.866E-3	4.487E-2
7.656	1.909E-3	4.525E-2
7.664	1.721E-3	4.562E-2
7.673	1.320E-3	4.590E-2
7.681	8.104E-4	4.602E-2
7.690	2.373E-4	4.599E-2
7.698	-3.605E-4	4.582E-2
7.706	-9.443E-4	4.554E-2
7.715	-1.355E-3	4.513E-2
7.723	-1.631E-3	4.472E-2
7.732	-1.706E-3	4.428E-2
7.740	-1.594E-3	4.387E-2
7.748	-1.308E-3	4.359E-2
7.757	-8.967E-4	4.341E-2
7.765	-3.537E-4	4.340E-2
7.773	1.985E-4	4.357E-2
7.782	7.463E-4	4.386E-2
7.790	1.203E-3	4.428E-2
7.799	1.559E-3	4.477E-2
7.807	1.695E-3	4.525E-2
7.815	1.627E-3	4.568E-2
7.824	1.382E-3	4.601E-2
7.832	9.469E-4	4.620E-2
7.840	4.626E-4	4.619E-2
7.849	-8.069E-5	4.607E-2
7.857	-6.043E-4	4.577E-2
7.866	-1.075E-3	4.534E-2
7.874	-1.400E-3	4.483E-2
7.882	-1.575E-3	4.431E-2
7.891	-1.585E-3	4.384E-2
7.899	-1.410E-3	4.344E-2
7.907	-1.108E-3	4.321E-2
7.916	-6.805E-4	4.315E-2
7.924	-1.694E-4	4.327E-2
7.933	3.460E-4	4.356E-2
7.941	7.832E-4	4.402E-2
7.949	1.140E-3	4.457E-2
7.958	1.379E-3	4.509E-2
7.966	1.441E-3	4.559E-2
7.974	1.331E-3	4.601E-2
7.983	1.063E-3	4.628E-2
7.991	6.735E-4	4.634E-2
8.000	2.158E-4	4.624E-2
8.008	-2.559E-4	4.593E-2
8.016	-7.062E-4	4.549E-2
8.025	-1.060E-3	4.497E-2
8.033	-1.313E-3	4.441E-2
8.041	-1.424E-3	4.384E-2
8.050	-1.368E-3	4.339E-2
8.058	-1.159E-3	4.311E-2
8.067	-8.468E-4	4.300E-2
8.075	-4.550E-4	4.309E-2
8.083	-2.420E-6	4.339E-2
8.092	4.375E-4	4.382E-2
8.100	8.462E-4	4.438E-2
8.108	1.140E-3	4.498E-2
8.117	1.313E-3	4.555E-2
8.125	1.327E-3	4.600E-2
8.134	1.182E-3	4.634E-2
8.142	8.956E-4	4.648E-2
8.150	5.336E-4	4.643E-2
8.159	1.174E-4	4.614E-2
8.167	-2.756E-4	4.569E-2
8.175	-6.565E-4	4.513E-2
8.184	-9.468E-4	4.456E-2
8.192	-1.122E-3	4.395E-2
8.201	-1.182E-3	4.341E-2
8.209	-1.109E-3	4.307E-2
8.217	-9.148E-4	4.291E-2
8.226	-6.301E-4	4.296E-2
8.234	-2.618E-4	4.319E-2
8.242	1.464E-4	4.361E-2
8.251	5.254E-4	4.418E-2
8.259	8.346E-4	4.480E-2
8.268	1.085E-3	4.544E-2
8.276	1.201E-3	4.597E-2
8.284	1.172E-3	4.637E-2
8.293	1.016E-3	4.658E-2
8.301	7.366E-4	4.659E-2
8.309	4.181E-4	4.637E-2
8.318	5.438E-5	4.594E-2
8.326	-2.982E-4	4.539E-2
8.335	-6.155E-4	4.476E-2
8.343	-8.785E-4	4.413E-2
8.351	-1.009E-3	4.355E-2
8.360	-1.004E-3	4.314E-2
8.368	-9.423E-4	4.291E-2
8.376	-7.553E-4	4.291E-2
8.385	-4.800E-4	4.311E-2
8.393	-1.605E-4	4.353E-2
8.402	1.681E-4	4.410E-2
8.410	4.978E-4	4.473E-2
8.418	7.559E-4	4.539E-2
8.427	9.451E-4	4.598E-2
8.435	1.045E-3	4.641E-2
8.444	1.059E-3	4.666E-2
8.452	9.350E-4	4.670E-2
8.460	7.095E-4	4.651E-2
8.469	4.276E-4	4.609E-2
8.477	1.296E-4	4.556E-2
8.485	-1.771E-4	4.491E-2
8.494	-4.842E-4	4.427E-2
8.502	-7.063E-4	4.368E-2
8.511	-8.327E-4	4.318E-2
8.519	-8.793E-4	4.289E-2
8.527	-8.723E-4	4.283E-2
8.536	-7.187E-4	4.300E-2
8.544	-4.850E-4	4.334E-2
8.552	-2.068E-4	4.387E-2
8.561	1.118E-4	4.451E-2
8.569	3.921E-4	4.519E-2
8.578	6.639E-4	4.581E-2
8.586	8.631E-4	4.628E-2
8.594	9.731E-4	4.659E-2
8.603	9.645E-4	4.669E-2
8.611	8.675E-4	4.657E-2
8.619	6.861E-4	4.622E-2
8.628	4.401E-4	4.569E-2
8.636	1.612E-4	4.507E-2
8.645	-1.274E-4	4.440E-2
8.653	-4.357E-4	4.377E-2
8.661	-6.792E-4	4.325E-2
8.670	-8.477E-4	4.291E-2
8.678	-8.960E-4	4.277E-2
8.686	-9.027E-4	4.286E-2
8.695	-7.682E-4	4.318E-2
8.703	-5.366E-4	4.366E-2
8.712	-2.609E-4	4.429E-2
8.720	3.335E-5	4.496E-2
8.728	3.388E-4	4.561E-2
8.737	5.990E-4	4.616E-2
8.745	8.304E-4	4.652E-2
8.753	9.583E-4	4.669E-2
8.762	9.898E-4	4.662E-2
8.770	9.114E-4	4.634E-2
8.779	7.341E-4	4.587E-2
8.787	4.875E-4	4.528E-2
8.795	1.951E-4	4.462E-2
8.804	-1.138E-4	4.398E-2
8.812	-3.887E-4	4.345E-2
8.820	-6.699E-4	4.304E-2
8.829	-8.580E-4	4.284E-2
8.837	-9.509E-4	4.290E-2
8.846	-9.426E-4	4.316E-2
8.854	-8.278E-4	4.360E-2
8.862	-6.548E-4	4.416E-2
8.871	-3.754E-4	4.481E-2
8.879	-6.540E-5	4.546E-2
8.887	2.636E-4	4.598E-2
8.896	5.790E-4	4.639E-2
8.904	8.501E-4	4.660E-2
8.913	1.022E-3	4.661E-2
8.921	1.065E-3	4.639E-2
8.929	1.032E-3	4.597E-2
8.938	8.245E-4	4.542E-2
8.946	5.865E-4	4.479E-2
8.954	2.685E-4	4.415E-2
8.963	-7.257E-5	4.362E-2
8.971	-4.036E-4	4.319E-2
8.980	-7.137E-4	4.294E-2
8.988	-9.215E-4	4.294E-2
8.996	-1.023E-3	4.313E-2
9.005	-9.977E-4	4.349E-2
9.013	-8.651E-4	4.401E-2
9.021	-6.605E-4	4.460E-2
9.030	-3.460E-4	4.524E-2
9.038	1.973E-5	4.580E-2
9.047	3.944E-4	4.620E-2
9.055	7.473E-4	4.644E-2
9.063	1.019E-3	4.647E-2
9.072	1.171E-3	4.631E-2
9.080	1.210E-3	4.597E-2
9.088	1.158E-3	4.546E-2
9.097	9.048E-4	4.488E-2
9.105	6.172E-4	4.428E-2
9.114	2.453E-4	4.372E-2
9.122	-1.634E-4	4.329E-2
9.130	-5.513E-4	4.306E-2
9.139	-8.535E-4	4.302E-2
9.147	-1.096E-3	4.313E-2
9.156	-1.202E-3	4.344E-2
9.164	-1.163E-3	4.389E-2
9.172	-9.992E-4	4.443E-2
9.181	-7.166E-4	4.500E-2
9.189	-3.287E-4	4.554E-2
9.197	1.041E-4	4.597E-2
9.206	4.920E-4	4.625E-2
9.214	8.760E-4	4.633E-2
9.223	1.168E-3	4.624E-2
9.231	1.344E-3	4.595E-2
9.239	1.360E-3	4.551E-2
9.248	1.260E-3	4.498E-2
9.256	9.603E-4	4.443E-2
9.264	5.872E-4	4.393E-2
9.273	1.733E-4	4.349E-2
9.281	-2.763E-4	4.319E-2
9.290	-6.973E-4	4.309E-2
9.298	-1.025E-3	4.316E-2
9.306	-1.229E-3	4.342E-2
9.315	-1.267E-3	4.382E-2
9.323	-1.198E-3	4.431E-2
9.331	-9.683E-4	4.483E-2
9.340	-6.175E-4	4.534E-2
9.348	-1.970E-4	4.574E-2
9.357	2.643E-4	4.605E-2
9.365	7.205E-4	4.620E-2
9.373	1.120E-3	4.615E-2
9.382	1.417E-3	4.593E-2
9.390	1.551E-3	4.558E-2
9.398	1.555E-3	4.509E-2
9.407	1.325E-3	4.457E-2
9.415	9.859E-4	4.409E-2
9.424	5.153E-4	4.368E-2
9.432	7.190E-6	4.339E-2
9.440	-5.008E-4	4.325E-2
9.449	-9.298E-4	4.323E-2
9.457	-1.250E-3	4.344E-2
9.465	-1.421E-3	4.375E-2
9.474	-1.433E-3	4.418E-2
9.482	-1.253E-3	4.463E-2
9.491	-9.575E-4	4.508E-2
9.499	-5.191E-4	4.548E-2
9.507	-5.079E-6	4.578E-2
9.516	5.121E-4	4.593E-2
9.524	9.935E-4	4.593E-2
9.532	1.386E-3	4.577E-2
9.541	1.640E-3	4.548E-2
9.549	1.722E-3	4.510E-2
9.558	1.568E-3	4.464E-2
9.566	1.277E-3	4.420E-2
9.574	8.529E-4	4.387E-2
9.583	3.429E-4	4.360E-2
9.591	-2.458E-4	4.344E-2
9.599	-7.603E-4	4.343E-2
9.608	-1.184E-3	4.355E-2
9.616	-1.461E-3	4.383E-2
9.625	-1.569E-3	4.416E-2
9.633	-1.498E-3	4.454E-2
9.641	-1.236E-3	4.495E-2
9.650	-8.280E-4	4.532E-2
9.658	-3.280E-4	4.557E-2
9.666	2.449E-4	4.573E-2
9.675	8.171E-4	4.575E-2
9.683	1.311E-3	4.565E-2
9.692	1.670E-3	4.545E-2
9.700	1.835E-3	4.517E-2
9.708	1.828E-3	4.481E-2
9.717	1.587E-3	4.444E-2
9.725	1.172E-3	4.413E-2
9.733	6.494E-4	4.388E-2
9.742	6.147E-5	4.370E-2
9.750	-5.454E-4	4.365E-2
9.759	-1.036E-3	4.370E-2
9.767	-1.422E-3	4.390E-2
9.775	-1.644E-3	4.415E-2
9.784	-1.661E-3	4.447E-2
9.792	-1.471E-3	4.480E-2
9.800	-1.130E-3	4.509E-2
9.809	-6.495E-4	4.533E-2
9.817	-6.023E-5	4.548E-2
9.826	5.679E-4	4.552E-2
9.834	1.112E-3	4.547E-2
9.842	1.581E-3	4.531E-2
9.851	1.866E-3	4.507E-2
9.859	1.958E-3	4.480E-2
9.868	1.784E-3	4.452E-2
9.876	1.437E-3	4.427E-2
9.884	9.084E-4	4.407E-2
9.893	3.154E-4	4.392E-2
9.901	-3.243E-4	4.386E-2
9.909	-9.037E-4	4.387E-2
9.918	-1.383E-3	4.404E-2
9.926	-1.690E-3	4.424E-2
9.935	-1.800E-3	4.449E-2
9.943	-1.712E-3	4.474E-2
9.951	-1.427E-3	4.498E-2
9.960	-9.727E-4	4.519E-2
9.968	-3.908E-4	4.531E-2
9.976	2.442E-4	4.536E-2
9.985	8.745E-4	4.537E-2
9.993	1.414E-3	4.528E-2
10.002	1.793E-3	4.512E-2
10.010	2.003E-3	4.493E-2
10.018	2.010E-3	4.474E-2
10.027	1.734E-3	4.455E-2
10.035	1.210E-3	4.437E-2
10.043	6.207E-4	4.427E-2
10.052	-2.559E-5	4.423E-2
10.060	-6.741E-4	4.426E-2
10.069	-1.221E-3	4.433E-2
10.077	-1.611E-3	4.444E-2
10.085	-1.821E-3	4.460E-2
10.094	-1.834E-3	4.477E-2
10.102	-1.633E-3	4.493E-2
10.110	-1.234E-3	4.505E-2
10.119	-6.973E-4	4.515E-2
10.127	-4.896E-5	4.522E-2
10.136	6.260E-4	4.522E-2
10.144	1.221E-3	4.517E-2
10.152	1.704E-3	4.508E-2
10.161	1.975E-3	4.497E-2
10.169	2.043E-3	4.484E-2
10.177	1.864E-3	4.473E-2
10.186	1.480E-3	4.462E-2
10.194	8.802E-4	4.455E-2
10.203	2.445E-4	4.452E-2
10.211	-4.263E-4	4.453E-2
10.219	-1.023E-3	4.453E-2
10.228	-1.495E-3	4.459E-2
10.236	-1.745E-3	4.467E-2
10.244	-1.896E-3	4.477E-2
10.253	-1.747E-3	4.482E-2
10.261	-1.463E-3	4.487E-2
10.270	-9.682E-4	4.489E-2
10.278	-3.296E-4	4.493E-2
10.286	3.507E-4	4.497E-2
10.295	1.001E-3	4.497E-2
10.303	1.540E-3	4.495E-2
10.311	1.934E-3	4.491E-2
10.320	2.054E-3	4.488E-2
10.328	1.999E-3	4.484E-2
10.337	1.691E-3	4.479E-2
10.345	1.158E-3	4.478E-2
10.353	5.439E-4	4.478E-2
10.362	-1.387E-4	4.478E-2
10.370	-7.840E-4	4.478E-2
10.378	-1.308E-3	4.478E-2
10.387	-1.707E-3	4.478E-2
10.395	-1.882E-3	4.478E-2
10.404	-1.846E-3	4.477E-2
10.412	-1.618E-3	4.476E-2
10.420	-1.191E-3	4.475E-2
10.429	-6.325E-4	4.475E-2
10.437	1.259E-5	4.475E-2
10.445	6.696E-4	4.475E-2
10.454	1.281E-3	4.476E-2
10.462	1.757E-3	4.479E-2
10.471	2.015E-3	4.482E-2
10.479	2.039E-3	4.481E-2
10.487	1.834E-3	4.492E-2
10.496	1.405E-3	4.499E-2
10.504	8.314E-4	4.502E-2
10.512	2.012E-4	4.503E-2
10.521	-4.532E-4	4.503E-2
10.529	-1.023E-3	4.502E-2
10.538	-1.459E-3	4.494E-2
10.546	-1.720E-3	4.483E-2
10.554	-1.756E-3	4.474E-2
10.563	-1.654E-3	4.463E-2
10.571	-1.302E-3	4.453E-2
10.580	-8.177E-4	4.448E-2
10.588	-2.312E-4	4.449E-2
10.596	4.118E-4	4.449E-2
10.605	1.052E-3	4.454E-2
10.613	1.565E-3	4.459E-2
10.621	1.900E-3	4.471E-2
10.630	2.009E-3	4.485E-2
10.638	1.911E-3	4.500E-2
10.647	1.568E-3	4.511E-2
10.655	1.081E-3	4.520E-2
10.663	4.731E-4	4.525E-2
10.672	-1.657E-4	4.525E-2
10.680	-7.683E-4	4.520E-2
10.688	-1.249E-3	4.507E-2
10.697	-1.592E-3	4.491E-2
10.705	-1.719E-3	4.476E-2
10.714	-1.672E-3	4.457E-2
10.722	-1.423E-3	4.439E-2
10.730	-9.935E-4	4.427E-2
10.739	-4.476E-4	4.422E-2
10.747	1.814E-4	4.422E-2
10.755	7.775E-4	4.430E-2
10.764	1.314E-3	4.440E-2
10.772	1.744E-3	4.457E-2
10.781	1.970E-3	4.479E-2
10.789	1.980E-3	4.501E-2
10.797	1.767E-3	4.522E-2
10.806	1.354E-3	4.538E-2
10.814	8.154E-4	4.548E-2
10.822	2.251E-4	4.548E-2
10.831	-3.834E-4	4.544E-2
10.839	-9.386E-4	4.527E-2
10.848	-1.330E-3	4.504E-2
10.856	-1.592E-3	4.479E-2
10.864	-1.645E-3	4.454E-2
10.873	-1.464E-3	4.431E-2
10.881	-1.143E-3	4.411E-2
10.889	-6.829E-4	4.399E-2
10.898	-1.125E-4	4.402E-2
10.906	4.807E-4	4.407E-2
10.915	1.025E-3	4.422E-2
10.923	1.452E-3	4.447E-2
10.931	1.746E-3	4.476E-2
10.940	1.816E-3	4.505E-2
10.948	1.720E-3	4.532E-2
10.956	1.369E-3	4.552E-2
10.965	9.135E-4	4.567E-2
10.973	3.792E-4	4.572E-2
10.982	-1.815E-4	4.566E-2
10.990	-7.209E-4	4.549E-2
10.998	-1.154E-3	4.524E-2
11.007	-1.447E-3	4.492E-2
11.015	-1.547E-3	4.458E-2
11.023	-1.495E-3	4.429E-2
11.032	-1.243E-3	4.403E-2
11.040	-8.675E-4	4.385E-2
11.049	-3.720E-4	4.381E-2
11.057	1.540E-4	4.384E-2
11.065	6.924E-4	4.403E-2
11.074	1.149E-3	4.431E-2
11.082	1.517E-3	4.462E-2
11.090	1.698E-3	4.498E-2
11.099	1.646E-3	4.532E-2
11.107	1.455E-3	4.561E-2
11.116	1.055E-3	4.583E-2
11.124	6.147E-4	4.594E-2
11.132	1.215E-4	4.590E-2
11.141	-3.790E-4	4.573E-2
11.149	-8.479E-4	4.544E-2
11.157	-1.205E-3	4.507E-2
11.166	-1.390E-3	4.466E-2
11.174	-1.423E-3	4.426E-2
11.183	-1.263E-3	4.393E-2
11.191	-9.782E-4	4.367E-2
11.199	-5.570E-4	4.357E-2
11.208	-6.453E-5	4.359E-2
11.216	4.306E-4	4.378E-2
11.225	8.884E-4	4.408E-2
11.233	1.286E-3	4.445E-2
11.241	1.536E-3	4.488E-2
11.250	1.588E-3	4.527E-2
11.258	1.532E-3	4.565E-2
11.266	1.283E-3	4.593E-2
11.275	8.924E-4	4.606E-2
11.283	4.415E-4	4.607E-2
11.292	-2.255E-5	4.593E-2
11.300	-4.771E-4	4.565E-2
11.308	-8.226E-4	4.524E-2
11.317	-1.113E-3	4.479E-2
11.325	-1.225E-3	4.433E-2
11.333	-1.189E-3	4.392E-2
11.342	-9.920E-4	4.363E-2
11.350	-6.939E-4	4.344E-2
11.359	-2.849E-4	4.342E-2
11.367	1.590E-4	4.357E-2
11.375	6.116E-4	4.388E-2
11.384	9.700E-4	4.428E-2
11.392	1.253E-3	4.475E-2
11.400	1.363E-3	4.523E-2
11.409	1.369E-3	4.566E-2
11.417	1.251E-3	4.598E-2
11.426	9.386E-4	4.616E-2
11.434	5.886E-4	4.619E-2
11.442	1.933E-4	4.607E-2
11.451	-2.155E-4	4.578E-2
11.459	-5.803E-4	4.535E-2
11.467	-9.001E-4	4.483E-2
11.476	-1.070E-3	4.432E-2
11.484	-1.146E-3	4.387E-2
11.493	-1.066E-3	4.350E-2
11.501	-8.893E-4	4.327E-2
11.509	-5.939E-4	4.324E-2
11.518	-2.492E-4	4.335E-2
11.526	1.657E-4	4.364E-2
11.534	5.292E-4	4.406E-2
11.543	8.323E-4	4.455E-2
11.551	1.070E-3	4.505E-2
11.560	1.168E-3	4.553E-2
11.568	1.129E-3	4.593E-2
11.576	9.726E-4	4.618E-2
11.585	6.993E-4	4.624E-2
11.593	3.775E-4	4.614E-2
11.601	3.548E-5	4.588E-2
11.610	-3.033E-4	4.547E-2
11.618	-6.114E-4	4.497E-2
11.627	-8.534E-4	4.445E-2
11.635	-9.836E-4	4.393E-2
11.643	-9.811E-4	4.352E-2
11.652	-8.791E-4	4.325E-2
11.660	-7.005E-4	4.313E-2
11.668	-4.225E-4	4.320E-2
11.677	-9.444E-5	4.348E-2
11.685	2.455E-4	4.389E-2
11.694	5.455E-4	4.439E-2
11.702	7.693E-4	4.490E-2
11.710	9.284E-4	4.546E-2
11.719	9.768E-4	4.591E-2
11.727	9.483E-4	4.623E-2
11.735	7.827E-4	4.635E-2
11.744	5.162E-4	4.630E-2
11.752	2.248E-4	4.609E-2
11.761	-6.103E-5	4.569E-2
11.769	-3.505E-4	4.517E-2
11.777	-6.514E-4	4.461E-2
11.786	-8.133E-4	4.407E-2
11.794	-9.521E-4	4.360E-2
11.802	-9.436E-4	4.326E-2
11.811	-8.405E-4	4.311E-2
11.819	-6.957E-4	4.315E-2
11.828	-4.509E-4	4.338E-2
11.836	-1.646E-4	4.378E-2
11.844	1.347E-4	4.431E-2
11.853	4.244E-4	4.486E-2
11.861	6.520E-4	4.540E-2
11.869	8.002E-4	4.590E-2
11.878	8.406E-4	4.626E-2
11.886	8.477E-4	4.641E-2
11.895	7.065E-4	4.640E-2
11.903	5.066E-4	4.619E-2
11.911	2.491E-4	4.583E-2
11.920	-2.440E-5	4.534E-2
11.928	-2.727E-4	4.474E-2
11.937	-4.930E-4	4.417E-2
11.945	-6.814E-4	4.365E-2
11.953	-7.665E-4	4.327E-2
11.962	-7.642E-4	4.307E-2
11.970	-7.010E-4	4.308E-2
11.978	-5.402E-4	4.326E-2
11.987	-3.104E-4	4.361E-2
11.995	-6.111E-5	4.412E-2
12.004	2.075E-4	4.466E-2
12.012	4.477E-4	4.526E-2
12.020	6.606E-4	4.575E-2
12.029	8.238E-4	4.615E-2
12.037	8.858E-4	4.639E-2
12.045	8.863E-4	4.642E-2
12.054	8.092E-4	4.625E-2
12.062	6.060E-4	4.591E-2
12.071	3.889E-4	4.545E-2
12.079	1.556E-4	4.488E-2
12.087	-8.365E-5	4.428E-2
12.096	-3.026E-4	4.376E-2
12.104	-5.015E-4	4.337E-2
12.112	-5.923E-4	4.313E-2
12.121	-6.831E-4	4.310E-2
12.129	-6.321E-4	4.321E-2
12.138	-5.287E-4	4.355E-2
12.146	-3.146E-4	4.402E-2
12.154	-7.529E-5	4.458E-2
12.163	1.843E-4	4.513E-2
12.171	4.314E-4	4.567E-2
12.179	6.557E-4	4.610E-2
12.188	8.376E-4	4.640E-2
12.196	9.128E-4	4.646E-2
12.205	9.143E-4	4.636E-2
12.213	8.546E-4	4.606E-2
12.221	6.845E-4	4.564E-2
12.230	4.665E-4	4.511E-2
12.238	2.146E-4	4.451E-2
12.246	-5.883E-5	4.398E-2
12.255	-2.923E-4	4.355E-2
12.263	-5.116E-4	4.325E-2
12.272	-6.470E-4	4.315E-2
12.280	-7.221E-4	4.320E-2
12.288	-7.044E-4	4.347E-2
12.297	-5.690E-4	4.389E-2
12.305	-3.361E-4	4.441E-2
12.313	-8.611E-5	4.496E-2
12.322	1.817E-4	4.548E-2
12.330	4.475E-4	4.593E-2
12.339	6.850E-4	4.624E-2
12.347	8.792E-4	4.636E-2
12.355	1.015E-3	4.633E-2
12.364	1.015E-3	4.610E-2
12.372	9.067E-4	4.570E-2
12.380	7.390E-4	4.521E-2
12.389	4.909E-4	4.464E-2
12.397	1.956E-4	4.410E-2
12.406	-8.820E-5	4.362E-2
12.414	-3.471E-4	4.333E-2
12.422	-6.277E-4	4.317E-2
12.431	-7.957E-4	4.319E-2
12.439	-8.468E-4	4.342E-2
12.447	-8.620E-4	4.380E-2
12.456	-7.335E-4	4.429E-2
12.464	-5.025E-4	4.482E-2
12.473	-2.214E-4	4.532E-2
12.481	9.816E-5	4.576E-2
12.489	3.975E-4	4.610E-2
12.498	6.825E-4	4.628E-2
12.506	9.057E-4	4.624E-2
12.514	1.045E-3	4.603E-2
12.523	1.081E-3	4.567E-2
12.531	1.004E-3	4.523E-2
12.540	7.801E-4	4.474E-2
12.548	4.771E-4	4.421E-2
12.556	1.515E-4	4.377E-2
12.565	-1.867E-4	4.345E-2
12.573	-5.029E-4	4.326E-2
12.581	-7.624E-4	4.322E-2
12.590	-9.316E-4	4.338E-2
12.598	-9.928E-4	4.368E-2
12.607	-9.739E-4	4.412E-2
12.615	-7.648E-4	4.460E-2
12.623	-4.905E-4	4.510E-2
12.632	-1.505E-4	4.552E-2
12.640	1.859E-4	4.587E-2
12.649	5.622E-4	4.608E-2
12.657	8.448E-4	4.612E-2
12.665	1.093E-3	4.600E-2
12.674	1.214E-3	4.570E-2
12.682	1.197E-3	4.530E-2
12.690	1.054E-3	4.482E-2
12.699	8.209E-4	4.434E-2
12.707	4.855E-4	4.389E-2
12.716	1.081E-4	4.355E-2
12.724	-3.052E-4	4.337E-2
12.732	-6.502E-4	4.335E-2
12.741	-9.361E-4	4.344E-2
12.749	-1.087E-3	4.368E-2
12.757	-1.135E-3	4.407E-2
12.766	-1.040E-3	4.452E-2
12.774	-7.879E-4	4.498E-2
12.783	-4.642E-4	4.541E-2
12.791	-6.722E-5	4.575E-2
12.799	3.578E-4	4.596E-2
12.808	7.620E-4	4.600E-2
12.816	1.078E-3	4.593E-2
12.824	1.309E-3	4.570E-2
12.833	1.386E-3	4.536E-2
12.841	1.328E-3	4.498E-2
12.850	1.122E-3	4.454E-2
12.858	8.092E-4	4.411E-2
12.866	3.763E-4	4.379E-2
12.875	-5.099E-5	4.360E-2
12.883	-4.828E-4	4.354E-2
12.891	-8.208E-4	4.362E-2
12.900	-1.104E-3	4.382E-2
12.908	-1.236E-3	4.413E-2
12.917	-1.219E-3	4.452E-2
12.925	-1.017E-3	4.492E-2
12.933	-7.287E-4	4.532E-2
12.942	-3.069E-4	4.561E-2
12.950	1.539E-4	4.586E-2
12.958	6.207E-4	4.595E-2
12.967	1.044E-3	4.594E-2
12.975	1.351E-3	4.572E-2
12.984	1.553E-3	4.545E-2
12.992	1.571E-3	4.508E-2
13.000	1.410E-3	4.471E-2
13.009	1.111E-3	4.435E-2
13.017	6.953E-4	4.405E-2
13.025	2.245E-4	4.383E-2
13.034	-2.520E-4	4.372E-2
13.042	-7.057E-4	4.372E-2
13.051	-1.029E-3	4.386E-2
13.059	-1.230E-3	4.409E-2
13.067	-1.261E-3	4.441E-2
13.076	-1.180E-3	4.475E-2
13.084	-9.383E-4	4.509E-2
13.092	-5.396E-4	4.537E-2
13.101	-6.757E-5	4.559E-2
13.109	4.284E-4	4.572E-2
13.118	8.915E-4	4.571E-2
13.126	1.308E-3	4.558E-2
13.134	1.581E-3	4.533E-2
13.143	1.685E-3	4.504E-2
13.151	1.594E-3	4.474E-2
13.159	1.351E-3	4.443E-2
13.168	9.565E-4	4.416E-2
13.176	4.722E-4	4.396E-2
13.185	-4.595E-5	4.384E-2
13.193	-5.318E-4	4.385E-2
13.201	-9.547E-4	4.393E-2
13.210	-1.243E-3	4.411E-2
13.218	-1.406E-3	4.434E-2
13.226	-1.406E-3	4.462E-2
13.235	-1.189E-3	4.491E-2
13.243	-8.402E-4	4.517E-2
13.252	-4.157E-4	4.537E-2
13.260	1.071E-4	4.549E-2
13.268	6.127E-4	4.549E-2
13.277	1.096E-3	4.544E-2
13.285	1.463E-3	4.526E-2
13.293	1.663E-3	4.503E-2
13.302	1.670E-3	4.480E-2
13.310	1.499E-3	4.456E-2
13.319	1.113E-3	4.433E-2
13.327	6.591E-4	4.415E-2
13.335	1.390E-4	4.406E-2
13.344	-3.933E-4	4.405E-2
13.352	-9.039E-4	4.411E-2
13.361	-1.272E-3	4.424E-2
13.369	-1.482E-3	4.443E-2
13.377	-1.523E-3	4.461E-2
13.386	-1.428E-3	4.482E-2
13.394	-1.135E-3	4.500E-2
13.402	-7.153E-4	4.516E-2
13.411	-1.898E-4	4.526E-2
13.419	3.668E-4	4.527E-2
13.428	9.001E-4	4.526E-2
13.436	1.343E-3	4.514E-2
13.444	1.654E-3	4.499E-2
13.453	1.763E-3	4.482E-2
13.461	1.695E-3	4.465E-2
13.469	1.369E-3	4.448E-2
13.478	9.442E-4	4.436E-2
13.486	3.989E-4	4.430E-2
13.495	-1.613E-4	4.428E-2
13.503	-7.168E-4	4.431E-2
13.511	-1.158E-3	4.436E-2
13.520	-1.468E-3	4.449E-2
13.528	-1.590E-3	4.463E-2
13.536	-1.583E-3	4.476E-2
13.545	-1.335E-3	4.488E-2
13.553	-9.686E-4	4.497E-2
13.562	-4.586E-4	4.502E-2
13.570	1.106E-4	4.504E-2
13.578	6.553E-4	4.502E-2
13.587	1.153E-3	4.498E-2
13.595	1.534E-3	4.491E-2
13.603	1.758E-3	4.481E-2
13.612	1.771E-3	4.472E-2
13.620	1.574E-3	4.463E-2
13.629	1.178E-3	4.455E-2
13.637	6.609E-4	4.453E-2
13.645	9.387E-5	4.450E-2
13.654	-5.008E-4	4.452E-2
13.662	-9.816E-4	4.456E-2
13.670	-1.350E-3	4.460E-2
13.679	-1.580E-3	4.465E-2
13.687	-1.636E-3	4.466E-2
13.696	-1.464E-3	4.479E-2
13.704	-1.139E-3	4.481E-2
13.712	-6.840E-4	4.483E-2
13.721	-1.220E-4	4.482E-2
13.729	4.275E-4	4.481E-2
13.737	9.679E-4	4.480E-2
13.746	1.400E-3	4.478E-2
13.754	1.685E-3	4.474E-2
13.763	1.757E-3	4.473E-2
13.771	1.639E-3	4.472E-2
13.779	1.319E-3	4.473E-2
13.788	8.627E-4	4.474E-2
13.796	3.238E-4	4.475E-2
13.804	-2.712E-4	4.476E-2
13.813	-8.000E-4	4.477E-2
13.821	-1.218E-3	4.478E-2
13.830	-1.485E-3	4.478E-2
13.838	-1.603E-3	4.478E-2
13.846	-1.503E-3	4.478E-2
13.855	-1.222E-3	4.475E-2
13.863	-8.166E-4	4.474E-2
13.871	-3.153E-4	4.473E-2
13.880	2.462E-4	4.472E-2
13.888	8.060E-4	4.474E-2
13.897	1.270E-3	4.475E-2
13.905	1.593E-3	4.479E-2
13.913	1.764E-3	4.482E-2
13.922	1.758E-3	4.484E-2
13.930	1.537E-3	4.488E-2
13.938	1.121E-3	4.493E-2
13.947	6.246E-4	4.496E-2
13.955	4.831E-5	4.500E-2
13.964	-5.154E-4	4.500E-2
13.972	-9.852E-4	4.497E-2
13.980	-1.333E-3	4.492E-2
13.989	-1.507E-3	4.484E-2
13.997	-1.554E-3	4.476E-2
14.005	-1.403E-3	4.465E-2
14.014	-1.047E-3	4.455E-2
14.022	-6.094E-4	4.451E-2
14.031	-7.187E-5	4.450E-2
14.039	4.910E-4	4.451E-2
14.047	9.957E-4	4.454E-2
14.056	1.396E-3	4.462E-2
14.064	1.636E-3	4.474E-2
14.073	1.677E-3	4.484E-2
14.081	1.529E-3	4.497E-2
14.089	1.194E-3	4.506E-2
14.098	7.176E-4	4.514E-2
14.106	1.886E-4	4.520E-2
14.114	-3.406E-4	4.521E-2
14.123	-8.311E-4	4.515E-2
14.131	-1.236E-3	4.505E-2
14.140	-1.472E-3	4.491E-2
14.148	-1.525E-3	4.476E-2
14.156	-1.459E-3	4.459E-2
14.165	-1.185E-3	4.446E-2
14.173	-7.745E-4	4.436E-2
14.181	-2.521E-4	4.430E-2
14.190	2.664E-4	4.431E-2
14.198	7.792E-4	4.436E-2
14.207	1.197E-3	4.448E-2
14.215	1.517E-3	4.465E-2
14.223	1.652E-3	4.482E-2
14.232	1.587E-3	4.501E-2
14.240	1.339E-3	4.519E-2
14.248	9.519E-4	4.531E-2
14.257	4.553E-4	4.536E-2
14.265	-5.969E-5	4.540E-2
14.274	-5.596E-4	4.534E-2
14.282	-9.724E-4	4.518E-2
14.290	-1.255E-3	4.500E-2
14.299	-1.414E-3	4.477E-2
14.307	-1.404E-3	4.454E-2
14.315	-1.213E-3	4.434E-2
14.324	-8.882E-4	4.415E-2
14.332	-4.526E-4	4.407E-2
14.341	4.962E-5	4.407E-2
14.349	5.477E-4	4.412E-2
14.357	9.752E-4	4.429E-2
14.366	1.324E-3	4.453E-2
14.374	1.526E-3	4.477E-2
14.382	1.569E-3	4.502E-2
14.391	1.425E-3	4.526E-2
14.399	1.100E-3	4.544E-2
14.408	6.841E-4	4.554E-2
14.416	2.060E-4	4.553E-2
14.424	-2.732E-4	4.547E-2
14.433	-7.216E-4	4.529E-2
14.441	-1.042E-3	4.505E-2
14.449	-1.266E-3	4.477E-2
14.458	-1.315E-3	4.449E-2
14.466	-1.232E-3	4.423E-2
14.475	-9.836E-4	4.403E-2
14.483	-6.049E-4	4.390E-2
14.491	-1.824E-4	4.386E-2
14.500	2.682E-4	4.391E-2
14.508	7.153E-4	4.408E-2
14.516	1.088E-3	4.434E-2
14.525	1.334E-3	4.464E-2
14.533	1.486E-3	4.495E-2
14.542	1.379E-3	4.525E-2
14.550	1.150E-3	4.549E-2
14.558	8.158E-4	4.567E-2
14.567	4.064E-4	4.569E-2
14.575	-3.575E-5	4.567E-2
14.583	-4.645E-4	4.549E-2
14.592	-8.208E-4	4.522E-2
14.600	-1.095E-3	4.489E-2
14.609	-1.240E-3	4.457E-2
14.617	-1.208E-3	4.422E-2
14.625	-1.028E-3	4.396E-2
14.634	-7.377E-4	4.377E-2
14.642	-3.298E-4	4.371E-2
14.650	9.459E-5	4.375E-2
14.659	4.742E-4	4.393E-2
14.667	8.574E-4	4.421E-2
14.676	1.152E-3	4.457E-2
14.684	1.314E-3	4.494E-2
14.692	1.340E-3	4.530E-2
14.701	1.238E-3	4.559E-2
14.709	9.494E-4	4.583E-2
14.717	6.103E-4	4.594E-2
14.726	2.080E-4	4.593E-2
14.734	-1.917E-4	4.571E-2
14.743	-5.565E-4	4.544E-2
14.751	-8.093E-4	4.506E-2
14.759	-9.912E-4	4.465E-2
14.768	-1.018E-3	4.426E-2
14.776	-9.569E-4	4.393E-2
14.785	-7.532E-4	4.367E-2
14.793	-4.660E-4	4.358E-2
14.801	-9.157E-5	4.361E-2
14.810	2.893E-4	4.378E-2
14.818	6.375E-4	4.408E-2
14.826	9.256E-4	4.446E-2
14.835	1.136E-3	4.488E-2
14.843	1.251E-3	4.526E-2
14.852	1.171E-3	4.561E-2
14.860	1.032E-3	4.589E-2
14.868	7.328E-4	4.601E-2
14.877	3.970E-4	4.599E-2
14.885	4.965E-5	4.582E-2
14.893	-3.006E-4	4.554E-2
14.902	-5.820E-4	4.515E-2
14.910	-8.288E-4	4.475E-2
14.919	-9.717E-4	4.432E-2
14.927	-9.690E-4	4.392E-2
14.935	-8.600E-4	4.363E-2
14.944	-6.687E-4	4.346E-2
14.952	-3.864E-4	4.344E-2
14.960	-7.352E-5	4.358E-2
14.969	2.556E-4	4.387E-2
14.977	5.577E-4	4.428E-2
14.986	7.841E-4	4.472E-2
14.994	9.190E-4	4.520E-2
15.002	9.515E-4	4.560E-2
15.011	8.985E-4	4.592E-2
15.019	7.233E-4	4.611E-2
15.027	4.773E-4	4.613E-2
15.036	1.954E-4	4.600E-2
15.044	-1.015E-4	4.570E-2
15.053	-3.675E-4	4.532E-2
15.061	-6.504E-4	4.484E-2
15.069	-8.043E-4	4.437E-2
15.078	-8.714E-4	4.392E-2
15.086	-8.844E-4	4.360E-2
15.094	-7.511E-4	4.339E-2
15.103	-5.362E-4	4.336E-2
15.111	-2.763E-4	4.346E-2
15.120	6.854E-6	4.372E-2
15.128	2.815E-4	4.409E-2
15.136	5.162E-4	4.456E-2
15.145	7.093E-4	4.505E-2
15.153	8.279E-4	4.549E-2
15.161	8.697E-4	4.584E-2
15.170	8.224E-4	4.608E-2
15.178	6.829E-4	4.617E-2
15.187	4.610E-4	4.608E-2
15.195	2.088E-4	4.583E-2
15.203	-5.624E-5	4.546E-2
15.212	-2.876E-4	4.500E-2
15.220	-4.869E-4	4.452E-2
15.228	-6.253E-4	4.407E-2
15.237	-7.031E-4	4.366E-2
15.245	-7.012E-4	4.341E-2
15.254	-5.893E-4	4.334E-2
15.262	-4.359E-4	4.342E-2
15.270	-2.208E-4	4.365E-2
15.279	9.824E-6	4.403E-2
15.287	2.424E-4	4.450E-2
15.295	4.677E-4	4.500E-2
15.304	6.392E-4	4.548E-2
15.312	7.367E-4	4.588E-2
15.321	7.447E-4	4.615E-2
15.329	6.864E-4	4.625E-2
15.337	5.825E-4	4.619E-2
15.346	4.112E-4	4.594E-2
15.354	1.964E-4	4.556E-2
15.362	-3.035E-5	4.508E-2
15.371	-2.450E-4	4.458E-2
15.379	-4.270E-4	4.410E-2
15.388	-5.702E-4	4.367E-2
15.396	-5.777E-4	4.338E-2
15.404	-5.569E-4	4.325E-2
15.413	-4.992E-4	4.327E-2
15.421	-3.218E-4	4.349E-2
15.430	-1.134E-4	4.383E-2
15.438	1.137E-4	4.430E-2
15.446	2.936E-4	4.481E-2
15.455	4.704E-4	4.529E-2
15.463	6.343E-4	4.570E-2
15.471	7.506E-4	4.601E-2
15.480	7.850E-4	4.616E-2
15.488	7.136E-4	4.615E-2
15.497	6.178E-4	4.595E-2
15.505	4.537E-4	4.562E-2
15.513	2.577E-4	4.519E-2
15.522	3.225E-5	4.471E-2
15.530	-1.918E-4	4.423E-2
15.538	-3.785E-4	4.381E-2
15.547	-5.337E-4	4.346E-2
15.555	-6.115E-4	4.328E-2
15.564	-6.497E-4	4.332E-2
15.572	-5.962E-4	4.348E-2
15.580	-4.811E-4	4.378E-2
15.589	-2.996E-4	4.424E-2
15.597	-7.941E-5	4.476E-2
15.605	1.622E-4	4.525E-2
15.614	3.868E-4	4.569E-2
15.622	5.882E-4	4.601E-2
15.631	7.056E-4	4.618E-2
15.639	7.786E-4	4.621E-2
15.647	7.377E-4	4.605E-2
15.656	6.472E-4	4.573E-2
15.664	5.024E-4	4.529E-2
15.672	2.857E-4	4.481E-2
15.681	5.263E-5	4.433E-2
15.689	-1.885E-4	4.386E-2
15.698	-4.147E-4	4.350E-2
15.706	-5.720E-4	4.329E-2
15.714	-6.718E-4	4.327E-2
15.723	-7.003E-4	4.337E-2
15.731	-6.658E-4	4.365E-2
15.739	-5.357E-4	4.406E-2
15.748	-3.427E-4	4.454E-2
15.756	-9.872E-5	4.503E-2
15.765	1.576E-4	4.548E-2
15.773	4.014E-4	4.585E-2
15.781	6.240E-4	4.609E-2
15.790	7.968E-4	4.617E-2
15.798	8.406E-4	4.606E-2
15.806	8.519E-4	4.584E-2
15.815	7.848E-4	4.546E-2
15.823	6.048E-4	4.500E-2
15.832	3.926E-4	4.453E-2
15.840	1.581E-4	4.408E-2
15.848	-8.455E-5	4.369E-2
15.857	-3.053E-4	4.344E-2
15.865	-5.131E-4	4.337E-2
15.873	-6.210E-4	4.343E-2
15.882	-6.979E-4	4.365E-2
15.890	-6.454E-4	4.402E-2
15.899	-5.321E-4	4.448E-2
15.907	-3.013E-4	4.496E-2
15.915	-5.414E-5	4.543E-2
15.924	2.184E-4	4.578E-2
15.932	4.888E-4	4.600E-2
15.940	7.088E-4	4.611E-2
15.949	8.700E-4	4.605E-2
15.957	9.689E-4	4.587E-2
15.966	9.509E-4	4.553E-2
15.974	8.380E-4	4.509E-2
15.982	6.498E-4	4.461E-2
15.991	4.073E-4	4.417E-2
15.999	1.321E-4	4.380E-2
16.007	-1.539E-4	4.356E-2
16.016	-4.546E-4	4.344E-2
16.024	-6.718E-4	4.348E-2
16.033	-7.899E-4	4.364E-2
16.041	-7.963E-4	4.394E-2
16.049	-7.332E-4	4.432E-2
16.058	-5.507E-4	4.478E-2
16.066	-2.902E-4	4.521E-2
16.074	-6.382E-6	4.559E-2
16.083	3.379E-4	4.587E-2
16.091	6.138E-4	4.599E-2
16.100	8.588E-4	4.596E-2
16.108	1.067E-3	4.579E-2
16.116	1.123E-3	4.549E-2
16.125	1.118E-3	4.511E-2
16.133	9.329E-4	4.468E-2
16.142	6.849E-4	4.429E-2
16.150	3.894E-4	4.393E-2
16.158	5.156E-5	4.365E-2
16.167	-2.918E-4	4.352E-2
16.175	-5.628E-4	4.356E-2
16.183	-7.660E-4	4.369E-2
16.192	-8.925E-4	4.394E-2
16.200	-9.064E-4	4.429E-2
16.209	-7.781E-4	4.469E-2
16.217	-5.457E-4	4.509E-2
16.225	-2.482E-4	4.544E-2
16.234	1.223E-4	4.570E-2
16.242	4.675E-4	4.585E-2
16.250	8.217E-4	4.589E-2
16.259	1.087E-3	4.577E-2
16.267	1.270E-3	4.552E-2
16.276	1.280E-3	4.518E-2
16.284	1.167E-3	4.482E-2
16.292	9.434E-4	4.444E-2
16.301	6.454E-4	4.412E-2
16.309	2.785E-4	4.387E-2
16.317	-1.036E-4	4.369E-2
16.326	-4.701E-4	4.367E-2
16.334	-7.575E-4	4.374E-2
16.343	-9.561E-4	4.399E-2
16.351	-1.005E-3	4.430E-2
16.359	-9.630E-4	4.463E-2
16.368	-7.649E-4	4.498E-2
16.376	-4.886E-4	4.530E-2
16.384	-1.043E-4	4.553E-2
16.393	2.907E-4	4.569E-2
16.401	6.573E-4	4.573E-2
16.410	1.006E-3	4.567E-2
16.418	1.231E-3	4.548E-2
16.426	1.323E-3	4.521E-2
16.435	1.329E-3	4.489E-2
16.443	1.148E-3	4.458E-2
16.451	8.655E-4	4.429E-2
16.460	4.914E-4	4.406E-2
16.468	7.029E-5	4.388E-2
16.477	-3.399E-4	4.387E-2
16.485	-7.079E-4	4.387E-2
16.493	-9.805E-4	4.405E-2
16.502	-1.125E-3	4.430E-2
16.510	-1.151E-3	4.457E-2
16.518	-1.020E-3	4.486E-2
16.527	-7.609E-4	4.515E-2
16.535	-3.828E-4	4.540E-2
16.544	1.930E-6	4.556E-2
16.552	4.315E-4	4.559E-2
16.560	8.475E-4	4.556E-2
16.569	1.171E-3	4.543E-2
16.577	1.359E-3	4.522E-2
16.585	1.425E-3	4.497E-2
16.594	1.316E-3	4.470E-2
16.602	1.081E-3	4.447E-2
16.611	7.168E-4	4.426E-2
16.619	2.826E-4	4.411E-2
16.627	-1.859E-4	4.406E-2
16.636	-6.114E-4	4.407E-2
16.644	-9.778E-4	4.417E-2
16.652	-1.198E-3	4.435E-2
16.661	-1.256E-3	4.456E-2
16.669	-1.194E-3	4.480E-2
16.678	-9.792E-4	4.503E-2
16.686	-6.519E-4	4.524E-2
16.694	-2.352E-4	4.537E-2
16.703	2.253E-4	4.546E-2
16.711	6.796E-4	4.546E-2
16.719	1.078E-3	4.535E-2
16.728	1.359E-3	4.517E-2
16.736	1.524E-3	4.500E-2
16.745	1.533E-3	4.477E-2
16.753	1.310E-3	4.456E-2
16.761	9.699E-4	4.438E-2
16.770	5.456E-4	4.426E-2
16.778	4.396E-5	4.420E-2
16.786	-4.415E-4	4.417E-2
16.795	-8.508E-4	4.425E-2
16.803	-1.164E-3	4.438E-2
16.812	-1.316E-3	4.454E-2
16.820	-1.342E-3	4.473E-2
16.828	-1.199E-3	4.492E-2
16.837	-9.077E-4	4.507E-2
16.845	-5.014E-4	4.519E-2
16.854	-2.499E-5	4.525E-2
16.862	4.588E-4	4.525E-2
16.870	9.035E-4	4.520E-2
16.879	1.264E-3	4.507E-2
16.887	1.455E-3	4.496E-2
16.895	1.444E-3	4.479E-2
16.904	1.349E-3	4.464E-2
16.912	1.058E-3	4.451E-2
16.921	6.674E-4	4.441E-2
16.929	1.996E-4	4.434E-2
16.937	-2.818E-4	4.433E-2
16.946	-7.407E-4	4.434E-2
16.954	-1.091E-3	4.446E-2
16.962	-1.331E-3	4.457E-2
16.971	-1.420E-3	4.470E-2
16.979	-1.316E-3	4.482E-2
16.988	-1.103E-3	4.494E-2
16.996	-7.438E-4	4.500E-2
17.004	-2.655E-4	4.504E-2
17.013	2.383E-4	4.503E-2
17.021	7.089E-4	4.500E-2
17.029	1.118E-3	4.496E-2
17.038	1.414E-3	4.488E-2
17.046	1.537E-3	4.478E-2
17.055	1.539E-3	4.470E-2
17.063	1.278E-3	4.462E-2
17.071	9.121E-4	4.456E-2
17.080	4.506E-4	4.454E-2
17.088	-5.051E-5	4.454E-2
17.096	-5.246E-4	4.454E-2
17.105	-9.347E-4	4.459E-2
17.113	-1.224E-3	4.463E-2
17.122	-1.377E-3	4.468E-2
17.130	-1.371E-3	4.477E-2
17.138	-1.188E-3	4.480E-2
17.147	-8.584E-4	4.480E-2
17.155	-4.401E-4	4.480E-2
17.163	4.960E-5	4.482E-2
17.172	5.454E-4	4.480E-2
17.180	9.685E-4	4.478E-2
17.189	1.317E-3	4.476E-2
17.197	1.533E-3	4.476E-2
17.205	1.550E-3	4.476E-2
17.214	1.409E-3	4.472E-2
17.222	1.083E-3	4.474E-2
17.230	6.613E-4	4.475E-2
17.239	1.723E-4	4.476E-2
17.247	-3.085E-4	4.477E-2
17.256	-7.611E-4	4.478E-2
17.264	-1.106E-3	4.479E-2
17.272	-1.332E-3	4.479E-2
17.281	-1.395E-3	4.478E-2
17.289	-1.259E-3	4.476E-2
17.297	-9.775E-4	4.476E-2
17.306	-5.730E-4	4.476E-2
17.314	-8.442E-5	4.472E-2
17.323	4.168E-4	4.472E-2
17.331	8.840E-4	4.473E-2
17.339	1.293E-3	4.476E-2
17.348	1.560E-3	4.479E-2
17.356	1.632E-3	4.480E-2
17.364	1.565E-3	4.484E-2
17.373	1.306E-3	4.487E-2
17.381	9.036E-4	4.492E-2
17.390	4.440E-4	4.497E-2
17.398	-3.738E-5	4.499E-2
17.406	-5.155E-4	4.500E-2
17.415	-9.205E-4	4.497E-2
17.423	-1.197E-3	4.490E-2
17.431	-1.292E-3	4.484E-2
17.440	-1.268E-3	4.475E-2
17.448	-1.032E-3	4.467E-2
17.457	-7.161E-4	4.462E-2
17.465	-2.626E-4	4.455E-2
17.473	2.135E-4	4.454E-2
17.482	6.855E-4	4.455E-2
17.490	1.102E-3	4.458E-2
17.498	1.404E-3	4.464E-2
17.507	1.568E-3	4.475E-2
17.515	1.569E-3	4.485E-2
17.524	1.369E-3	4.496E-2
17.532	1.068E-3	4.504E-2
17.540	6.476E-4	4.509E-2
17.549	1.753E-4	4.509E-2
17.557	-2.917E-4	4.507E-2
17.566	-7.206E-4	4.501E-2
17.574	-1.013E-3	4.490E-2
17.582	-1.195E-3	4.479E-2
17.591	-1.207E-3	4.464E-2
17.599	-1.095E-3	4.451E-2
17.607	-8.196E-4	4.438E-2
17.616	-4.821E-4	4.430E-2
17.624	-1.802E-5	4.427E-2
17.633	4.431E-4	4.429E-2
17.641	8.727E-4	4.436E-2
17.649	1.238E-3	4.449E-2
17.658	1.432E-3	4.464E-2
17.666	1.500E-3	4.480E-2
17.674	1.352E-3	4.497E-2
17.683	1.101E-3	4.511E-2
17.691	7.424E-4	4.522E-2
17.700	2.920E-4	4.526E-2
17.708	-1.847E-4	4.525E-2
17.716	-6.329E-4	4.517E-2
17.725	-9.787E-4	4.503E-2
17.733	-1.194E-3	4.485E-2
17.741	-1.260E-3	4.464E-2
17.750	-1.197E-3	4.444E-2
17.758	-9.894E-4	4.429E-2
17.767	-6.587E-4	4.415E-2
17.775	-2.567E-4	4.409E-2
17.783	1.902E-4	4.409E-2
17.792	6.259E-4	4.417E-2
17.800	1.019E-3	4.431E-2
17.808	1.251E-3	4.453E-2
17.817	1.352E-3	4.476E-2
17.825	1.354E-3	4.499E-2
17.834	1.157E-3	4.521E-2
17.842	8.532E-4	4.535E-2
17.850	4.745E-4	4.546E-2
17.859	4.632E-5	4.546E-2
17.867	-3.677E-4	4.536E-2
17.875	-7.657E-4	4.523E-2
17.884	-1.013E-3	4.500E-2
17.892	-1.142E-3	4.476E-2
17.901	-1.155E-3	4.452E-2
17.909	-1.024E-3	4.430E-2
17.917	-7.599E-4	4.411E-2
17.926	-3.982E-4	4.402E-2
17.934	-1.547E-5	4.404E-2
17.942	3.988E-4	4.411E-2
17.951	7.995E-4	4.430E-2
17.959	1.062E-3	4.453E-2
17.968	1.274E-3	4.480E-2
17.976	1.301E-3	4.506E-2
17.984	1.304E-3	4.530E-2
17.993	1.037E-3	4.549E-2
18.001	6.670E-4	4.559E-2
18.009	3.003E-4	4.565E-2
18.018	-1.003E-4	4.557E-2
18.026	-4.602E-4	4.538E-2
18.035	-7.582E-4	4.512E-2
18.043	-9.484E-4	4.481E-2
18.051	-9.990E-4	4.452E-2
18.060	-9.796E-4	4.424E-2
18.068	-7.609E-4	4.403E-2
18.076	-4.906E-4	4.389E-2
18.085	-1.166E-4	4.387E-2
18.093	2.103E-4	4.392E-2
18.102	5.862E-4	4.409E-2
18.110	8.821E-4	4.435E-2
18.118	1.108E-3	4.465E-2
18.127	1.222E-3	4.498E-2
18.135	1.194E-3	4.527E-2
18.143	1.035E-3	4.551E-2
18.152	7.526E-4	4.568E-2
18.160	4.238E-4	4.572E-2
18.169	8.529E-5	4.567E-2
18.177	-2.837E-4	4.548E-2
18.185	-5.682E-4	4.521E-2
18.194	-7.758E-4	4.486E-2
18.202	-8.894E-4	4.452E-2
18.210	-9.183E-4	4.419E-2
18.219	-8.050E-4	4.390E-2
18.227	-5.817E-4	4.371E-2
18.236	-3.230E-4	4.364E-2
18.244	-1.771E-8	4.369E-2
18.252	3.401E-4	4.386E-2
18.261	6.124E-4	4.414E-2
18.269	8.561E-4	4.449E-2
18.278	1.047E-3	4.485E-2
18.286	1.069E-3	4.521E-2
18.294	1.077E-3	4.550E-2
18.303	8.747E-4	4.570E-2
18.311	6.474E-4	4.577E-2
18.319	3.677E-4	4.572E-2
18.328	4.165E-5	4.554E-2
18.336	-2.600E-4	4.525E-2
18.345	-5.055E-4	4.490E-2
18.353	-6.844E-4	4.453E-2
18.361	-7.483E-4	4.418E-2
18.370	-7.373E-4	4.386E-2
18.378	-5.781E-4	4.363E-2
18.386	-3.510E-4	4.355E-2
18.395	-1.173E-4	4.358E-2
18.403	1.368E-4	4.377E-2
18.412	4.153E-4	4.406E-2
18.420	6.560E-4	4.442E-2
18.428	8.536E-4	4.480E-2
18.437	9.509E-4	4.521E-2
18.445	9.379E-4	4.553E-2
18.453	8.655E-4	4.576E-2
18.462	6.934E-4	4.588E-2
18.470	4.635E-4	4.589E-2
18.479	1.934E-4	4.572E-2
18.487	-5.942E-5	4.545E-2
18.495	-2.892E-4	4.508E-2
18.504	-4.925E-4	4.466E-2
18.512	-5.859E-4	4.430E-2
18.520	-6.726E-4	4.394E-2
18.529	-6.342E-4	4.365E-2
18.537	-5.277E-4	4.353E-2
18.546	-3.192E-4	4.356E-2
18.554	-8.021E-5	4.369E-2
18.562	1.718E-4	4.395E-2
18.571	4.091E-4	4.430E-2
18.579	6.280E-4	4.473E-2
18.587	7.876E-4	4.515E-2
18.596	8.350E-4	4.553E-2
18.604	8.501E-4	4.581E-2
18.613	7.689E-4	4.594E-2
18.621	6.146E-4	4.594E-2
18.629	4.102E-4	4.583E-2
18.638	1.847E-4	4.558E-2
18.646	-4.284E-5	4.521E-2
18.654	-2.434E-4	4.480E-2
18.663	-3.814E-4	4.435E-2
18.671	-5.182E-4	4.396E-2
18.680	-5.370E-4	4.365E-2
18.688	-5.027E-4	4.345E-2
18.696	-3.588E-4	4.344E-2
18.705	-2.492E-4	4.354E-2
18.713	-5.283E-5	4.381E-2
18.721	1.696E-4	4.416E-2
18.730	3.826E-4	4.456E-2
18.738	5.886E-4	4.501E-2
18.747	6.932E-4	4.542E-2
18.755	7.456E-4	4.574E-2
18.763	7.352E-4	4.594E-2
18.772	6.608E-4	4.598E-2
18.780	5.626E-4	4.589E-2
18.788	3.632E-4	4.566E-2
18.797	1.738E-4	4.531E-2
18.805	-2.883E-5	4.487E-2
18.814	-2.007E-4	4.441E-2
18.822	-3.307E-4	4.400E-2
18.830	-4.438E-4	4.369E-2
18.839	-4.979E-4	4.345E-2
18.847	-4.658E-4	4.339E-2
18.855	-3.544E-4	4.346E-2
18.864	-2.632E-4	4.368E-2
18.872	-8.323E-5	4.401E-2
18.881	1.278E-4	4.444E-2
18.889	3.327E-4	4.491E-2
18.897	4.558E-4	4.535E-2
18.906	6.005E-4	4.568E-2
18.914	6.691E-4	4.592E-2
18.922	6.796E-4	4.600E-2
18.931	6.419E-4	4.593E-2
18.939	5.604E-4	4.572E-2
18.948	3.799E-4	4.540E-2
18.956	2.035E-4	4.500E-2
18.964	1.549E-5	4.455E-2
18.973	-1.502E-4	4.412E-2
18.981	-3.224E-4	4.378E-2
18.990	-4.236E-4	4.357E-2
18.998	-4.901E-4	4.344E-2
19.006	-4.870E-4	4.344E-2
19.015	-4.128E-4	4.366E-2
19.023	-3.061E-4	4.397E-2
19.031	-1.137E-4	4.438E-2
19.040	7.282E-5	4.480E-2
19.048	2.298E-4	4.524E-2
19.057	4.085E-4	4.562E-2
19.065	5.820E-4	4.590E-2
19.073	6.675E-4	4.602E-2
19.082	6.978E-4	4.597E-2
19.090	6.675E-4	4.580E-2
19.098	6.020E-4	4.548E-2
19.107	4.472E-4	4.508E-2
19.115	2.624E-4	4.462E-2
19.124	7.386E-5	4.421E-2
19.132	-1.277E-4	4.386E-2
19.140	-3.250E-4	4.359E-2
19.149	-4.416E-4	4.345E-2
19.157	-5.217E-4	4.344E-2
19.165	-5.246E-4	4.361E-2
19.174	-4.693E-4	4.389E-2
19.182	-3.309E-4	4.426E-2
19.191	-1.525E-4	4.468E-2
19.199	1.568E-6	4.513E-2
19.207	2.092E-4	4.552E-2
19.216	4.102E-4	4.579E-2
19.224	6.036E-4	4.594E-2
19.232	7.107E-4	4.595E-2
19.241	7.618E-4	4.581E-2
19.249	7.191E-4	4.553E-2
19.258	6.249E-4	4.516E-2
19.266	4.757E-4	4.477E-2
19.274	2.676E-4	4.434E-2
19.283	3.764E-5	4.395E-2
19.291	-1.891E-4	4.365E-2
19.299	-3.875E-4	4.348E-2
19.308	-5.545E-4	4.345E-2
19.316	-6.302E-4	4.357E-2
19.325	-6.538E-4	4.382E-2
19.333	-6.139E-4	4.416E-2
19.341	-4.779E-4	4.455E-2
19.350	-2.904E-4	4.496E-2
19.358	-5.181E-5	4.534E-2
19.366	1.918E-4	4.563E-2
19.375	4.294E-4	4.583E-2
19.383	6.317E-4	4.591E-2
19.392	7.601E-4	4.581E-2
19.400	8.100E-4	4.557E-2
19.408	8.127E-4	4.523E-2
19.417	7.001E-4	4.484E-2
19.425	5.204E-4	4.442E-2
19.433	2.628E-4	4.406E-2
19.442	-2.975E-7	4.377E-2
19.450	-2.521E-4	4.361E-2
19.459	-4.739E-4	4.357E-2
19.467	-6.397E-4	4.364E-2
19.475	-6.997E-4	4.386E-2
19.484	-7.133E-4	4.414E-2
19.492	-6.646E-4	4.451E-2
19.500	-4.895E-4	4.490E-2
19.509	-2.598E-4	4.527E-2
19.517	9.006E-6	4.556E-2
19.526	2.711E-4	4.574E-2
19.534	5.175E-4	4.580E-2
19.542	7.158E-4	4.572E-2
19.551	8.486E-4	4.554E-2
19.559	9.044E-4	4.525E-2
19.567	8.448E-4	4.490E-2
19.576	6.964E-4	4.456E-2
19.584	4.647E-4	4.420E-2
19.593	1.876E-4	4.394E-2
19.601	-8.837E-5	4.373E-2
19.609	-3.442E-4	4.366E-2
19.618	-5.671E-4	4.368E-2
19.626	-7.344E-4	4.385E-2
19.635	-7.613E-4	4.410E-2
19.643	-7.543E-4	4.444E-2
19.651	-6.152E-4	4.480E-2
19.660	-4.192E-4	4.513E-2
19.668	-1.522E-4	4.545E-2
19.676	1.432E-4	4.567E-2
19.685	4.600E-4	4.574E-2
19.693	7.344E-4	4.572E-2
19.702	9.166E-4	4.556E-2
19.710	1.052E-3	4.531E-2
19.718	1.067E-3	4.500E-2
19.727	9.526E-4	4.467E-2
19.735	7.363E-4	4.436E-2
19.743	4.391E-4	4.408E-2
19.752	1.269E-4	4.389E-2
19.760	-2.077E-4	4.379E-2
19.769	-5.095E-4	4.382E-2
19.777	-7.394E-4	4.393E-2
19.785	-8.703E-4	4.414E-2
19.794	-9.134E-4	4.440E-2
19.802	-8.415E-4	4.470E-2
19.810	-6.841E-4	4.501E-2
19.819	-4.050E-4	4.528E-2
19.827	-8.630E-5	4.547E-2
19.836	2.689E-4	4.557E-2
19.844	6.081E-4	4.555E-2
19.852	8.867E-4	4.544E-2
19.861	1.076E-3	4.526E-2
19.869	1.149E-3	4.501E-2
19.877	1.097E-3	4.473E-2
19.886	9.209E-4	4.446E-2
19.894	6.518E-4	4.424E-2
19.903	3.177E-4	4.406E-2
19.911	-6.279E-5	4.395E-2
19.919	-4.001E-4	4.392E-2
19.928	-7.292E-4	4.399E-2
19.936	-9.332E-4	4.417E-2
19.944	-1.019E-3	4.438E-2
19.953	-9.851E-4	4.462E-2
19.961	-8.049E-4	4.488E-2
19.970	-5.531E-4	4.509E-2
19.978	-2.134E-4	4.526E-2
19.986	1.581E-4	4.538E-2
19.995	5.574E-4	4.542E-2
20.003	8.596E-4	4.537E-2
20.011	1.109E-3	4.525E-2
20.020	1.284E-3	4.503E-2
20.028	1.301E-3	4.480E-2
20.037	1.154E-3	4.456E-2
20.045	8.997E-4	4.433E-2
20.053	5.890E-4	4.415E-2
20.062	1.944E-4	4.405E-2
20.070	-1.997E-4	4.405E-2
20.078	-5.484E-4	4.409E-2
20.087	-8.068E-4	4.422E-2
20.095	-9.768E-4	4.442E-2
20.104	-9.892E-4	4.460E-2
20.112	-9.238E-4	4.481E-2
20.120	-7.120E-4	4.499E-2
20.129	-3.791E-4	4.518E-2
20.137	-2.451E-5	4.527E-2
20.145	3.926E-4	4.527E-2
20.154	7.869E-4	4.524E-2
20.162	1.077E-3	4.516E-2
20.171	1.306E-3	4.502E-2
20.179	1.360E-3	4.483E-2
20.187	1.316E-3	4.464E-2
20.196	1.099E-3	4.445E-2
20.204	8.062E-4	4.433E-2
20.212	3.805E-4	4.425E-2
20.221	-3.295E-5	4.424E-2
20.229	-4.364E-4	4.429E-2
20.238	-7.673E-4	4.436E-2
20.246	-9.889E-4	4.449E-2
20.254	-1.085E-3	4.465E-2
20.263	-1.048E-3	4.479E-2
20.271	-9.219E-4	4.494E-2
20.279	-6.381E-4	4.505E-2
20.288	-2.596E-4	4.515E-2
20.296	1.602E-4	4.519E-2
20.305	5.994E-4	4.520E-2
20.313	9.603E-4	4.512E-2
20.321	1.230E-3	4.500E-2
20.330	1.334E-3	4.487E-2
20.338	1.340E-3	4.473E-2
20.347	1.192E-3	4.459E-2
20.355	8.954E-4	4.449E-2
20.363	5.160E-4	4.444E-2
20.372	8.252E-5	4.444E-2
20.380	-3.470E-4	4.448E-2
20.388	-7.247E-4	4.454E-2
20.397	-1.002E-3	4.461E-2
20.405	-1.163E-3	4.472E-2
20.414	-1.183E-3	4.482E-2
20.422	-1.039E-3	4.492E-2
20.430	-7.814E-4	4.501E-2
20.439	-4.268E-4	4.505E-2
20.447	-1.793E-5	4.504E-2
20.455	4.282E-4	4.503E-2
20.464	8.431E-4	4.500E-2
20.472	1.161E-3	4.495E-2
20.481	1.352E-3	4.487E-2
20.489	1.416E-3	4.478E-2
20.497	1.319E-3	4.473E-2
20.506	1.088E-3	4.466E-2
20.514	7.322E-4	4.458E-2
20.522	3.046E-4	4.457E-2
20.531	-1.492E-4	4.457E-2
20.539	-5.751E-4	4.459E-2
20.548	-9.025E-4	4.459E-2
20.556	-1.134E-3	4.466E-2
20.564	-1.219E-3	4.476E-2
20.573	-1.152E-3	4.480E-2
20.581	-9.589E-4	4.481E-2
20.589	-6.281E-4	4.482E-2
20.598	-2.378E-4	4.481E-2
20.606	2.059E-4	4.480E-2
20.615	6.384E-4	4.477E-2
20.623	1.029E-3	4.476E-2
20.631	1.254E-3	4.476E-2
20.640	1.358E-3	4.473E-2
20.648	1.326E-3	4.474E-2
20.656	1.145E-3	4.474E-2
20.665	8.331E-4	4.475E-2
20.673	4.460E-4	4.476E-2
20.682	1.141E-5	4.477E-2
20.690	-4.174E-4	4.478E-2
20.698	-8.018E-4	4.479E-2
20.707	-1.040E-3	4.479E-2
20.715	-1.187E-3	4.479E-2
20.723	-1.182E-3	4.478E-2
20.732	-1.013E-3	4.477E-2
20.740	-7.418E-4	4.475E-2
20.749	-3.389E-4	4.474E-2
20.757	8.636E-5	4.474E-2
20.765	4.949E-4	4.474E-2
20.774	8.801E-4	4.474E-2
20.782	1.188E-3	4.475E-2
20.790	1.355E-3	4.478E-2
20.799	1.392E-3	4.481E-2
20.807	1.283E-3	4.480E-2
20.816	1.049E-3	4.486E-2
20.824	6.756E-4	4.490E-2
20.832	2.485E-4	4.496E-2
20.841	-1.926E-4	4.499E-2
20.849	-5.759E-4	4.498E-2
20.857	-8.994E-4	4.499E-2
20.866	-1.094E-3	4.488E-2
20.874	-1.148E-3	4.479E-2
20.883	-1.095E-3	4.473E-2
20.891	-8.929E-4	4.466E-2
20.899	-5.799E-4	4.457E-2
20.908	-2.009E-4	4.456E-2
20.916	2.247E-4	4.455E-2
20.924	6.478E-4	4.454E-2
20.933	9.960E-4	4.458E-2
20.941	1.203E-3	4.464E-2
20.950	1.297E-3	4.474E-2
20.958	1.254E-3	4.484E-2
20.966	1.045E-3	4.493E-2
20.975	7.359E-4	4.501E-2
20.983	3.252E-4	4.504E-2
20.991	-9.490E-5	4.503E-2
21.000	-4.852E-4	4.503E-2
21.008	-8.173E-4	4.498E-2
21.017	-1.084E-3	4.488E-2
21.025	-1.201E-3	4.475E-2
21.033	-1.169E-3	4.462E-2
21.042	-1.009E-3	4.450E-2
21.050	-7.228E-4	4.439E-2
21.059	-3.379E-4	4.432E-2
21.067	8.562E-5	4.432E-2
21.075	4.660E-4	4.432E-2
21.084	8.319E-4	4.439E-2
21.092	1.115E-3	4.451E-2
21.100	1.277E-3	4.467E-2
21.109	1.299E-3	4.483E-2
21.117	1.171E-3	4.497E-2
21.126	8.939E-4	4.509E-2
21.134	5.750E-4	4.517E-2
21.142	1.443E-4	4.523E-2
21.151	-2.404E-4	4.520E-2
21.159	-5.862E-4	4.510E-2
21.167	-8.926E-4	4.497E-2
21.176	-1.052E-3	4.480E-2
21.184	-1.098E-3	4.461E-2
21.193	-1.022E-3	4.444E-2
21.201	-7.880E-4	4.433E-2
21.209	-4.654E-4	4.421E-2
21.218	-8.568E-5	4.423E-2
21.226	3.133E-4	4.425E-2
21.234	6.557E-4	4.434E-2
21.243	9.512E-4	4.450E-2
21.251	1.136E-3	4.469E-2
21.260	1.208E-3	4.490E-2
21.268	1.128E-3	4.510E-2
21.276	9.336E-4	4.526E-2
21.285	6.467E-4	4.537E-2
21.293	2.875E-4	4.545E-2
21.301	-8.747E-5	4.545E-2
21.310	-4.285E-4	4.532E-2
21.318	-7.332E-4	4.514E-2
21.327	-9.299E-4	4.497E-2
21.335	-1.007E-3	4.474E-2
21.343	-9.668E-4	4.453E-2
21.352	-7.962E-4	4.434E-2
21.360	-5.415E-4	4.418E-2
21.368	-2.101E-4	4.410E-2
21.377	1.520E-4	4.410E-2
21.385	5.041E-4	4.420E-2
21.394	8.170E-4	4.440E-2
21.402	1.063E-3	4.459E-2
21.410	1.162E-3	4.482E-2
21.419	1.144E-3	4.505E-2
21.427	1.050E-3	4.527E-2
21.435	8.291E-4	4.544E-2
21.444	5.336E-4	4.550E-2
21.452	1.700E-4	4.549E-2
21.461	-1.602E-4	4.540E-2
21.469	-4.860E-4	4.523E-2
21.477	-7.191E-4	4.500E-2
21.486	-8.288E-4	4.474E-2
21.494	-8.849E-4	4.448E-2
21.502	-8.007E-4	4.426E-2
21.511	-6.038E-4	4.409E-2
21.519	-3.385E-4	4.398E-2
21.528	-3.092E-5	4.401E-2
21.536	3.005E-4	4.412E-2
21.544	5.975E-4	4.430E-2
21.553	8.463E-4	4.455E-2
21.561	1.041E-3	4.482E-2
21.569	1.094E-3	4.508E-2
21.578	1.060E-3	4.534E-2
21.586	8.812E-4	4.550E-2
21.595	6.518E-4	4.561E-2
21.603	3.744E-4	4.565E-2
21.611	6.537E-5	4.554E-2
21.620	-2.499E-4	4.535E-2
21.628	-4.989E-4	4.505E-2
21.636	-6.717E-4	4.477E-2
21.645	-7.349E-4	4.448E-2
21.653	-7.277E-4	4.419E-2
21.662	-5.928E-4	4.395E-2
21.670	-4.169E-4	4.382E-2
21.678	-1.756E-4	4.382E-2
21.687	1.173E-4	4.389E-2
21.695	3.994E-4	4.408E-2
21.703	6.503E-4	4.434E-2
21.712	8.468E-4	4.464E-2
21.720	9.529E-4	4.496E-2
21.729	9.338E-4	4.526E-2
21.737	8.495E-4	4.549E-2
21.745	6.773E-4	4.564E-2
21.754	4.465E-4	4.570E-2
21.762	1.856E-4	4.564E-2
21.771	-6.964E-5	4.546E-2
21.779	-2.965E-4	4.519E-2
21.787	-4.989E-4	4.486E-2
21.796	-5.947E-4	4.451E-2
21.804	-6.763E-4	4.421E-2
21.812	-6.182E-4	4.397E-2
21.821	-5.120E-4	4.384E-2
21.829	-2.988E-4	4.379E-2
21.838	-5.960E-5	4.385E-2
21.846	1.912E-4	4.405E-2
21.854	4.308E-4	4.433E-2
21.863	6.387E-4	4.464E-2
21.871	8.042E-4	4.498E-2
21.879	8.298E-4	4.531E-2
21.888	8.321E-4	4.556E-2
21.896	7.228E-4	4.572E-2
21.905	5.771E-4	4.578E-2
21.913	3.395E-4	4.571E-2
21.921	7.931E-5	4.554E-2
21.930	-1.664E-4	4.526E-2
21.938	-3.704E-4	4.493E-2
21.946	-5.294E-4	4.458E-2
21.955	-6.197E-4	4.423E-2
21.963	-6.472E-4	4.395E-2
21.972	-5.774E-4	4.373E-2
21.980	-4.365E-4	4.363E-2
21.988	-2.583E-4	4.366E-2
21.997	-5.470E-5	4.383E-2
22.005	1.729E-4	4.410E-2
22.013	3.798E-4	4.445E-2
22.022	5.752E-4	4.482E-2
22.030	6.453E-4	4.518E-2
22.039	6.878E-4	4.550E-2
22.047	6.820E-4	4.571E-2
22.055	5.808E-4	4.581E-2
22.064	4.398E-4	4.576E-2
22.072	2.563E-4	4.561E-2
22.080	5.713E-5	4.537E-2
22.089	-1.517E-4	4.504E-2
22.097	-3.216E-4	4.467E-2
22.106	-4.340E-4	4.432E-2
22.114	-5.012E-4	4.398E-2
22.122	-4.994E-4	4.379E-2
22.131	-4.442E-4	4.367E-2
22.139	-3.361E-4	4.366E-2
22.147	-1.634E-4	4.382E-2
22.156	-1.422E-5	4.407E-2
22.164	1.720E-4	4.441E-2
22.173	3.618E-4	4.477E-2
22.181	5.071E-4	4.514E-2
22.189	5.965E-4	4.549E-2
22.198	6.315E-4	4.573E-2
22.206	6.389E-4	4.588E-2
22.214	5.902E-4	4.590E-2
22.223	4.457E-4	4.576E-2
22.231	2.936E-4	4.551E-2
22.240	1.323E-4	4.517E-2
22.248	-5.053E-5	4.479E-2
22.256	-1.852E-4	4.440E-2
22.265	-3.050E-4	4.404E-2
22.273	-3.346E-4	4.381E-2
22.281	-3.220E-4	4.364E-2
22.290	-2.898E-4	4.363E-2
22.298	-2.337E-4	4.373E-2
22.307	-7.800E-5	4.394E-2
22.315	5.792E-5	4.427E-2
22.323	2.033E-4	4.463E-2
22.332	3.817E-4	4.501E-2
22.340	4.966E-4	4.539E-2
22.348	6.082E-4	4.568E-2
22.357	6.493E-4	4.585E-2
22.365	6.499E-4	4.591E-2
22.374	6.153E-4	4.580E-2
22.382	4.861E-4	4.555E-2
22.390	3.711E-4	4.523E-2
22.399	1.942E-4	4.485E-2
22.407	2.033E-5	4.444E-2
22.415	-9.789E-5	4.410E-2
22.424	-2.319E-4	4.382E-2
22.432	-2.987E-4	4.364E-2
22.441	-3.067E-4	4.361E-2
22.449	-2.879E-4	4.366E-2
22.457	-2.553E-4	4.388E-2
22.466	-9.832E-5	4.418E-2
22.474	1.410E-5	4.454E-2
22.483	1.867E-4	4.493E-2
22.491	3.660E-4	4.529E-2
22.499	4.790E-4	4.558E-2
22.508	6.136E-4	4.575E-2
22.516	6.660E-4	4.582E-2
22.524	6.704E-4	4.578E-2
22.533	6.451E-4	4.557E-2
22.541	5.687E-4	4.526E-2
22.550	3.971E-4	4.490E-2
22.558	2.182E-4	4.453E-2
22.566	5.290E-5	4.417E-2
22.575	-9.666E-5	4.386E-2
22.583	-2.490E-4	4.365E-2
22.591	-3.128E-4	4.359E-2
22.600	-3.424E-4	4.364E-2
22.608	-3.223E-4	4.382E-2
22.617	-2.711E-4	4.410E-2
22.625	-1.666E-4	4.446E-2
22.633	-4.445E-5	4.483E-2
22.642	1.579E-4	4.520E-2
22.650	3.444E-4	4.551E-2
22.658	4.587E-4	4.572E-2
22.667	6.124E-4	4.582E-2
22.675	6.771E-4	4.579E-2
22.684	6.977E-4	4.563E-2
22.692	6.594E-4	4.540E-2
22.700	6.011E-4	4.505E-2
22.709	4.272E-4	4.467E-2
22.717	2.451E-4	4.434E-2
22.725	5.437E-5	4.404E-2
22.734	-1.229E-4	4.382E-2
22.742	-3.177E-4	4.370E-2
22.751	-4.266E-4	4.369E-2
22.759	-5.061E-4	4.384E-2
22.767	-5.030E-4	4.409E-2
22.776	-4.035E-4	4.442E-2
22.784	-2.934E-4	4.476E-2
22.792	-9.763E-5	4.511E-2
22.801	1.248E-4	4.541E-2
22.809	3.476E-4	4.566E-2
22.818	5.365E-4	4.577E-2
22.826	6.543E-4	4.575E-2
22.834	7.632E-4	4.563E-2
22.843	7.805E-4	4.542E-2
22.851	6.910E-4	4.514E-2
22.859	5.979E-4	4.480E-2
22.868	4.174E-4	4.442E-2
22.876	2.082E-4	4.410E-2
22.885	-2.411E-5	4.387E-2
22.893	-2.362E-4	4.375E-2
22.901	-4.015E-4	4.375E-2
22.910	-5.509E-4	4.388E-2
22.918	-5.783E-4	4.409E-2
22.926	-5.537E-4	4.437E-2
22.935	-4.461E-4	4.471E-2
22.943	-2.854E-4	4.503E-2
22.952	-6.792E-5	4.531E-2
22.960	1.715E-4	4.553E-2
22.968	4.108E-4	4.567E-2
22.977	6.384E-4	4.568E-2
22.985	8.213E-4	4.563E-2
22.993	8.888E-4	4.546E-2
23.002	8.902E-4	4.520E-2
23.010	8.467E-4	4.486E-2
23.019	6.695E-4	4.454E-2
23.027	4.459E-4	4.425E-2
23.035	1.959E-4	4.403E-2
23.044	-5.204E-5	4.389E-2
23.052	-2.814E-4	4.385E-2
23.060	-4.908E-4	4.390E-2
23.069	-5.820E-4	4.408E-2
23.077	-6.370E-4	4.433E-2
23.086	-6.407E-4	4.462E-2
23.094	-5.052E-4	4.492E-2
23.102	-2.851E-4	4.522E-2
23.111	-3.783E-5	4.546E-2
23.119	2.386E-4	4.560E-2
23.127	4.981E-4	4.566E-2
23.136	7.139E-4	4.563E-2
23.144	8.641E-4	4.548E-2
23.153	9.354E-4	4.524E-2
23.161	8.932E-4	4.497E-2
23.169	7.952E-4	4.468E-2
23.178	5.777E-4	4.441E-2
23.186	2.756E-4	4.415E-2
23.195	-2.330E-5	4.403E-2
23.203	-2.920E-4	4.397E-2
23.211	-5.316E-4	4.405E-2
23.220	-7.160E-4	4.415E-2
23.228	-7.926E-4	4.437E-2
23.236	-7.778E-4	4.460E-2
23.245	-6.716E-4	4.487E-2
23.253	-4.924E-4	4.509E-2
23.262	-2.275E-4	4.529E-2
23.270	6.725E-5	4.544E-2
23.278	3.599E-4	4.548E-2
23.287	6.498E-4	4.548E-2
23.295	8.707E-4	4.535E-2
23.303	1.042E-3	4.515E-2
23.312	1.063E-3	4.494E-2
23.320	9.980E-4	4.470E-2
23.329	8.129E-4	4.448E-2
23.337	5.804E-4	4.427E-2
23.345	2.544E-4	4.413E-2
23.354	-6.576E-5	4.407E-2
23.362	-3.349E-4	4.409E-2
23.370	-5.682E-4	4.418E-2
23.379	-7.369E-4	4.433E-2
23.387	-7.486E-4	4.454E-2
23.396	-7.355E-4	4.478E-2
23.404	-5.551E-4	4.500E-2
23.412	-2.973E-4	4.520E-2
23.421	-1.486E-5	4.533E-2
23.429	3.361E-4	4.538E-2
23.437	6.319E-4	4.541E-2
23.446	8.899E-4	4.531E-2
23.454	1.099E-3	4.517E-2
23.463	1.163E-3	4.500E-2
23.471	1.126E-3	4.478E-2
23.479	9.782E-4	4.456E-2
23.488	7.184E-4	4.437E-2
23.496	4.026E-4	4.426E-2
23.504	6.118E-5	4.419E-2
23.513	-2.820E-4	4.416E-2
23.521	-5.603E-4	4.422E-2
23.530	-7.712E-4	4.436E-2
23.538	-8.831E-4	4.453E-2
23.546	-9.039E-4	4.473E-2
23.555	-7.718E-4	4.493E-2
23.563	-5.402E-4	4.507E-2
23.571	-2.406E-4	4.520E-2
23.580	1.263E-4	4.526E-2
23.588	4.697E-4	4.526E-2
23.597	8.160E-4	4.521E-2
23.605	1.072E-3	4.509E-2
23.613	1.212E-3	4.495E-2
23.622	1.209E-3	4.479E-2
23.630	1.096E-3	4.461E-2
23.638	8.769E-4	4.449E-2
23.647	6.072E-4	4.437E-2
23.655	2.388E-4	4.431E-2
23.664	-1.082E-4	4.431E-2
23.672	-4.590E-4	4.435E-2
23.680	-7.377E-4	4.444E-2
23.689	-9.100E-4	4.457E-2
23.697	-9.379E-4	4.472E-2
23.705	-8.930E-4	4.485E-2
23.714	-7.187E-4	4.497E-2
23.722	-4.333E-4	4.506E-2
23.731	-7.941E-5	4.510E-2
23.739	3.011E-4	4.507E-2
23.747	6.382E-4	4.506E-2
23.756	9.335E-4	4.497E-2
23.764	1.131E-3	4.488E-2
23.772	1.229E-3	4.475E-2
23.781	1.149E-3	4.463E-2
23.789	9.717E-4	4.452E-2
23.798	6.760E-4	4.446E-2
23.806	3.271E-4	4.442E-2
23.814	-6.143E-5	4.439E-2
23.823	-4.165E-4	4.439E-2
23.831	-7.446E-4	4.445E-2
23.840	-9.544E-4	4.456E-2
23.848	-1.039E-3	4.464E-2
23.856	-1.005E-3	4.473E-2
23.865	-8.295E-4	4.481E-2
23.873	-6.040E-4	4.485E-2
23.881	-2.859E-4	4.490E-2
23.890	9.976E-5	4.493E-2
23.898	4.509E-4	4.495E-2
23.907	8.017E-4	4.491E-2
23.915	1.031E-3	4.485E-2
23.923	1.150E-3	4.478E-2
23.932	1.154E-3	4.472E-2
23.940	1.032E-3	4.467E-2
23.948	7.479E-4	4.467E-2
23.957	4.159E-4	4.463E-2
23.965	2.945E-5	4.460E-2
23.974	-3.392E-4	4.460E-2
23.982	-6.694E-4	4.463E-2
23.990	-9.272E-4	4.465E-2
23.999	-1.098E-3	4.463E-2
24.007	-1.118E-3	4.471E-2
24.015	-1.032E-3	4.477E-2
24.024	-7.896E-4	4.479E-2
24.032	-4.695E-4	4.479E-2
24.041	-9.657E-5	4.478E-2
24.049	3.019E-4	4.478E-2
24.057	6.523E-4	4.476E-2
24.066	9.530E-4	4.475E-2
24.074	1.136E-3	4.474E-2
24.082	1.191E-3	4.473E-2
24.091	1.123E-3	4.473E-2
24.099	9.200E-4	4.474E-2
24.108	6.261E-4	4.475E-2
24.116	2.570E-4	4.476E-2
24.124	-1.330E-4	4.478E-2
24.133	-5.105E-4	4.479E-2
24.141	-7.960E-4	4.479E-2
24.149	-9.869E-4	4.479E-2
24.158	-1.033E-3	4.479E-2
24.166	-9.969E-4	4.478E-2
24.175	-7.972E-4	4.476E-2
24.183	-5.256E-4	4.475E-2
24.191	-1.747E-4	4.473E-2
24.200	1.985E-4	4.474E-2
24.208	5.946E-4	4.475E-2
24.216	9.073E-4	4.474E-2
24.225	1.139E-3	4.476E-2
24.233	1.276E-3	4.477E-2
24.242	1.287E-3	4.480E-2
24.250	1.113E-3	4.484E-2
24.258	8.571E-4	4.483E-2
24.267	5.258E-4	4.488E-2
24.275	1.439E-4	4.489E-2
24.283	-2.365E-4	4.486E-2
24.292	-5.595E-4	4.484E-2
24.300	-7.783E-4	4.479E-2
24.309	-9.377E-4	4.478E-2
24.317	-9.474E-4	4.470E-2
24.325	-8.084E-4	4.465E-2
24.334	-5.632E-4	4.457E-2
24.342	-2.482E-4	4.452E-2
24.350	1.216E-4	4.450E-2
24.359	4.798E-4	4.451E-2
24.367	8.379E-4	4.453E-2
24.376	1.107E-3	4.457E-2
24.384	1.289E-3	4.464E-2
24.392	1.320E-3	4.472E-2
24.401	1.214E-3	4.481E-2
24.409	9.758E-4	4.490E-2
24.417	6.625E-4	4.499E-2
24.426	3.092E-4	4.502E-2
24.434	-7.334E-5	4.502E-2
24.443	-4.246E-4	4.500E-2
24.451	-7.179E-4	4.495E-2
24.459	-8.985E-4	4.484E-2
24.468	-9.340E-4	4.473E-2
24.476	-9.048E-4	4.461E-2
24.484	-7.351E-4	4.452E-2
24.493	-4.622E-4	4.444E-2
24.501	-1.078E-4	4.440E-2
24.510	2.427E-4	4.438E-2
24.518	6.031E-4	4.437E-2
24.526	8.916E-4	4.449E-2
24.535	1.096E-3	4.459E-2
24.543	1.168E-3	4.472E-2
24.552	1.139E-3	4.487E-2
24.560	9.704E-4	4.498E-2
24.568	6.992E-4	4.507E-2
24.577	3.820E-4	4.512E-2
24.585	3.361E-5	4.511E-2
24.593	-2.993E-4	4.505E-2
24.602	-5.706E-4	4.496E-2
24.610	-7.732E-4	4.485E-2
24.619	-8.796E-4	4.468E-2
24.627	-8.951E-4	4.454E-2
24.635	-7.673E-4	4.441E-2
24.644	-5.364E-4	4.429E-2
24.652	-2.369E-4	4.423E-2
24.660	1.227E-4	4.424E-2
24.669	4.444E-4	4.427E-2
24.677	7.425E-4	4.438E-2
24.686	9.575E-4	4.452E-2
24.694	1.087E-3	4.471E-2
24.702	1.102E-3	4.489E-2
24.711	1.038E-3	4.507E-2
24.719	7.801E-4	4.520E-2
24.727	4.930E-4	4.529E-2
24.736	1.632E-4	4.529E-2
24.744	-1.409E-4	4.525E-2
24.753	-4.570E-4	4.516E-2
24.761	-7.038E-4	4.501E-2
24.769	-8.365E-4	4.482E-2
24.778	-8.797E-4	4.459E-2
24.786	-8.550E-4	4.440E-2
24.794	-6.945E-4	4.424E-2
24.803	-4.505E-4	4.414E-2
24.811	-1.596E-4	4.410E-2
24.820	1.567E-4	4.410E-2
24.828	4.577E-4	4.424E-2
24.836	7.020E-4	4.444E-2
24.845	8.790E-4	4.464E-2
24.853	9.421E-4	4.485E-2
24.861	8.977E-4	4.505E-2
24.870	7.377E-4	4.523E-2
24.878	5.155E-4	4.534E-2
24.887	2.299E-4	4.538E-2
24.895	-5.657E-5	4.535E-2
24.903	-3.211E-4	4.523E-2
24.912	-5.499E-4	4.505E-2
24.920	-7.185E-4	4.482E-2
24.928	-7.582E-4	4.457E-2
24.937	-7.556E-4	4.434E-2
24.945	-6.742E-4	4.414E-2
24.954	-4.688E-4	4.401E-2
24.962	-2.288E-4	4.397E-2
24.970	5.286E-5	4.402E-2
24.979	3.187E-4	4.414E-2
24.987	5.586E-4	4.432E-2
24.995	7.093E-4	4.455E-2
25.004	8.380E-4	4.479E-2
25.012	8.646E-4	4.503E-2
25.021	7.939E-4	4.525E-2
25.029	6.143E-4	4.541E-2
25.037	3.991E-4	4.549E-2
25.046	1.478E-4	4.547E-2
25.054	-9.922E-5	4.537E-2
25.062	-3.147E-4	4.521E-2
25.071	-5.147E-4	4.498E-2
25.079	-6.183E-4	4.471E-2
25.088	-6.497E-4	4.445E-2
25.096	-6.342E-4	4.424E-2
25.104	-5.216E-4	4.408E-2
25.113	-3.060E-4	4.400E-2
25.121	-6.373E-5	4.403E-2
25.129	1.952E-4	4.413E-2
25.138	4.320E-4	4.432E-2
25.146	6.418E-4	4.456E-2
25.155	8.040E-4	4.483E-2
25.163	8.281E-4	4.509E-2
25.171	8.282E-4	4.532E-2
25.180	7.155E-4	4.550E-2
25.188	5.540E-4	4.560E-2
25.196	3.111E-4	4.563E-2
25.205	6.050E-5	4.552E-2
25.213	-1.835E-4	4.532E-2
25.222	-3.830E-4	4.504E-2
25.230	-5.482E-4	4.476E-2
25.238	-5.918E-4	4.448E-2
25.247	-6.365E-4	4.421E-2
25.255	-5.691E-4	4.403E-2
25.264	-4.032E-4	4.391E-2
25.272	-2.329E-4	4.389E-2
25.280	-2.124E-5	4.397E-2
25.289	1.966E-4	4.416E-2
25.297	4.010E-4	4.442E-2
25.305	5.656E-4	4.471E-2
25.314	6.443E-4	4.502E-2
25.322	6.765E-4	4.529E-2
25.331	6.416E-4	4.551E-2
25.339	5.354E-4	4.565E-2
25.347	3.681E-4	4.569E-2
25.356	1.968E-4	4.561E-2
25.364	-5.239E-6	4.545E-2
25.372	-1.917E-4	4.519E-2
25.381	-3.490E-4	4.487E-2
25.389	-4.809E-4	4.453E-2
25.398	-5.192E-4	4.425E-2
25.406	-5.068E-4	4.403E-2
25.414	-4.249E-4	4.389E-2
25.423	-3.060E-4	4.384E-2
25.431	-1.182E-4	4.390E-2
25.439	2.789E-5	4.408E-2
25.448	2.060E-4	4.434E-2
25.456	3.799E-4	4.463E-2
25.465	5.170E-4	4.496E-2
25.473	5.812E-4	4.526E-2
25.481	6.111E-4	4.550E-2
25.490	6.054E-4	4.568E-2
25.498	4.898E-4	4.572E-2
25.506	3.607E-4	4.568E-2
25.515	1.916E-4	4.549E-2
25.523	2.122E-5	4.525E-2
25.532	-1.194E-4	4.493E-2
25.540	-2.883E-4	4.459E-2
25.548	-3.336E-4	4.428E-2
25.557	-3.535E-4	4.402E-2
25.565	-3.813E-4	4.386E-2
25.573	-3.342E-4	4.380E-2
25.582	-2.188E-4	4.386E-2
25.590	-8.531E-5	4.401E-2
25.599	1.115E-4	4.428E-2
25.607	2.209E-4	4.459E-2
25.615	3.660E-4	4.493E-2
25.624	4.773E-4	4.526E-2
25.632	5.456E-4	4.552E-2
25.640	5.310E-4	4.570E-2
25.649	5.062E-4	4.576E-2
25.657	4.023E-4	4.572E-2
25.666	2.835E-4	4.556E-2
25.674	1.387E-4	4.530E-2
25.682	7.725E-6	4.499E-2
25.691	-1.342E-4	4.463E-2
25.699	-2.678E-4	4.429E-2
25.707	-3.368E-4	4.402E-2
25.716	-3.571E-4	4.384E-2
25.724	-3.869E-4	4.374E-2
25.733	-3.432E-4	4.379E-2
25.741	-2.357E-4	4.392E-2
25.749	-1.050E-4	4.414E-2
25.758	4.448E-5	4.447E-2
25.766	1.677E-4	4.482E-2
25.774	3.061E-4	4.513E-2
25.783	3.997E-4	4.546E-2
25.791	4.754E-4	4.568E-2
25.800	4.729E-4	4.577E-2
25.808	4.714E-4	4.575E-2
25.816	4.141E-4	4.563E-2
25.825	3.162E-4	4.542E-2
25.833	1.837E-4	4.512E-2
25.841	4.465E-5	4.476E-2
25.850	-1.038E-4	4.441E-2
25.858	-2.182E-4	4.409E-2
25.867	-3.007E-4	4.386E-2
25.875	-3.305E-4	4.375E-2
25.883	-3.184E-4	4.377E-2
25.892	-2.846E-4	4.389E-2
25.900	-2.139E-4	4.410E-2
25.908	-9.195E-5	4.438E-2
25.917	3.237E-5	4.473E-2
25.925	1.709E-4	4.506E-2
25.934	3.320E-4	4.535E-2
25.942	4.052E-4	4.556E-2
25.950	5.018E-4	4.568E-2
25.959	5.035E-4	4.569E-2
25.967	5.183E-4	4.562E-2
25.976	4.491E-4	4.544E-2
25.984	3.675E-4	4.516E-2
25.992	2.492E-4	4.483E-2
26.001	1.145E-4	4.449E-2
26.009	-6.200E-5	4.418E-2
26.017	-1.849E-4	4.392E-2
26.026	-2.998E-4	4.379E-2
26.034	-3.450E-4	4.377E-2
26.043	-3.349E-4	4.385E-2
26.051	-3.114E-4	4.405E-2
26.059	-2.560E-4	4.434E-2
26.068	-1.056E-4	4.464E-2
26.076	5.998E-6	4.498E-2
26.084	1.727E-4	4.527E-2
26.093	3.510E-4	4.550E-2
26.101	4.658E-4	4.567E-2
26.110	6.004E-4	4.569E-2
26.118	6.503E-4	4.566E-2
26.126	6.501E-4	4.548E-2
26.135	6.203E-4	4.524E-2
26.143	5.074E-4	4.493E-2
26.151	3.782E-4	4.459E-2
26.160	2.000E-4	4.429E-2
26.168	1.988E-5	4.405E-2
26.177	-1.043E-4	4.388E-2
26.185	-2.516E-4	4.383E-2
26.193	-3.027E-4	4.388E-2
26.202	-3.288E-4	4.405E-2
26.210	-3.117E-4	4.430E-2
26.218	-2.407E-4	4.459E-2
26.227	-8.940E-5	4.491E-2
26.235	4.112E-5	4.522E-2
26.244	2.070E-4	4.547E-2
26.252	3.997E-4	4.566E-2
26.260	5.825E-4	4.571E-2
26.269	6.776E-4	4.569E-2
26.277	7.268E-4	4.552E-2
26.285	7.124E-4	4.528E-2
26.294	6.536E-4	4.500E-2
26.302	5.438E-4	4.470E-2
26.311	3.664E-4	4.439E-2
26.319	1.741E-4	4.412E-2
26.327	-2.809E-5	4.395E-2
26.336	-2.175E-4	4.386E-2
26.344	-3.219E-4	4.387E-2
26.352	-4.509E-4	4.400E-2
26.361	-4.846E-4	4.425E-2
26.369	-4.818E-4	4.453E-2
26.378	-3.166E-4	4.483E-2
26.386	-1.540E-4	4.508E-2
26.394	-2.527E-6	4.531E-2
26.403	2.025E-4	4.549E-2
26.411	4.082E-4	4.557E-2
26.419	6.119E-4	4.554E-2
26.428	7.219E-4	4.543E-2
26.436	7.820E-4	4.523E-2
26.445	7.382E-4	4.498E-2
26.453	6.385E-4	4.470E-2
26.461	4.919E-4	4.443E-2
26.470	2.726E-4	4.422E-2
26.478	4.177E-5	4.407E-2
26.486	-1.952E-4	4.396E-2
26.495	-3.886E-4	4.394E-2
26.503	-5.553E-4	4.404E-2
26.512	-6.494E-4	4.423E-2
26.520	-6.537E-4	4.449E-2
26.528	-5.768E-4	4.477E-2
26.537	-4.092E-4	4.502E-2
26.545	-2.279E-4	4.525E-2
26.553	-5.618E-6	4.545E-2
26.562	2.292E-4	4.554E-2
26.570	4.556E-4	4.552E-2
26.579	6.425E-4	4.543E-2
26.587	7.605E-4	4.527E-2
26.595	7.660E-4	4.504E-2
26.604	7.142E-4	4.479E-2
26.612	5.859E-4	4.454E-2
26.620	4.076E-4	4.431E-2
26.629	1.773E-4	4.413E-2
26.637	-8.053E-5	4.403E-2
26.646	-2.960E-4	4.404E-2
26.654	-4.985E-4	4.410E-2
26.662	-6.285E-4	4.426E-2
26.671	-7.037E-4	4.448E-2
26.679	-6.988E-4	4.473E-2
26.688	-5.614E-4	4.498E-2
26.696	-3.338E-4	4.520E-2
26.704	-8.524E-5	4.535E-2
26.713	1.827E-4	4.549E-2
26.721	4.417E-4	4.549E-2
26.729	6.722E-4	4.545E-2
26.738	8.513E-4	4.530E-2
26.746	9.242E-4	4.508E-2
26.755	9.164E-4	4.486E-2
26.763	8.340E-4	4.461E-2
26.771	6.484E-4	4.440E-2
26.780	4.032E-4	4.423E-2
26.788	1.466E-4	4.413E-2
26.796	-1.121E-4	4.410E-2
26.805	-3.346E-4	4.414E-2
26.813	-5.305E-4	4.426E-2
26.822	-6.643E-4	4.444E-2
26.830	-6.862E-4	4.465E-2
26.838	-6.169E-4	4.483E-2
26.847	-4.799E-4	4.500E-2
26.855	-2.435E-4	4.517E-2
26.863	3.492E-5	4.528E-2
26.872	3.329E-4	4.528E-2
26.880	5.917E-4	4.527E-2
26.889	8.281E-4	4.517E-2
26.897	9.637E-4	4.501E-2
26.905	1.013E-3	4.483E-2
26.914	9.186E-4	4.464E-2
26.922	7.618E-4	4.446E-2
26.930	5.083E-4	4.433E-2
26.939	2.069E-4	4.424E-2
26.947	-8.835E-5	4.422E-2
26.956	-3.463E-4	4.428E-2
26.964	-5.686E-4	4.435E-2
26.972	-7.328E-4	4.449E-2
26.981	-7.597E-4	4.466E-2
26.989	-7.512E-4	4.481E-2
26.997	-5.772E-4	4.496E-2
27.006	-3.263E-4	4.507E-2
27.014	-5.422E-5	4.517E-2
27.023	2.378E-4	4.523E-2
27.031	5.543E-4	4.523E-2
27.039	8.120E-4	4.512E-2
27.048	1.003E-3	4.504E-2
27.056	1.082E-3	4.490E-2
27.064	1.083E-3	4.478E-2
27.073	9.470E-4	4.462E-2
27.081	7.040E-4	4.450E-2
27.090	4.160E-4	4.442E-2
27.098	1.318E-4	4.436E-2
27.106	-1.976E-4	4.436E-2
27.115	-4.932E-4	4.440E-2
27.123	-7.086E-4	4.450E-2
27.131	-7.953E-4	4.461E-2
27.140	-7.819E-4	4.474E-2
27.148	-7.084E-4	4.486E-2
27.157	-5.046E-4	4.496E-2
27.165	-2.306E-4	4.502E-2
27.173	9.014E-5	4.505E-2
27.182	3.933E-4	4.504E-2
27.190	6.899E-4	4.501E-2
27.198	9.159E-4	4.493E-2
27.207	1.079E-3	4.483E-2
27.215	1.111E-3	4.473E-2
27.224	1.061E-3	4.462E-2
27.232	8.632E-4	4.454E-2
27.240	6.146E-4	4.451E-2
27.249	2.768E-4	4.448E-2
27.257	-6.392E-5	4.450E-2
27.265	-3.370E-4	4.454E-2
27.274	-5.979E-4	4.459E-2
27.282	-7.843E-4	4.466E-2
27.291	-7.773E-4	4.479E-2
27.299	-7.583E-4	4.484E-2
27.307	-5.767E-4	4.491E-2
27.316	-2.975E-4	4.494E-2
27.324	-1.624E-5	4.501E-2
27.332	3.389E-4	4.500E-2
27.341	6.352E-4	4.500E-2
27.349	8.870E-4	4.494E-2
27.358	1.097E-3	4.486E-2
27.366	1.158E-3	4.479E-2
27.374	1.120E-3	4.475E-2
27.383	9.646E-4	4.471E-2
27.391	7.061E-4	4.472E-2
27.400	3.993E-4	4.468E-2
27.408	6.152E-5	4.471E-2
27.416	-2.803E-4	4.475E-2
27.425	-5.523E-4	4.479E-2
27.433	-7.564E-4	4.482E-2
27.441	-8.500E-4	4.481E-2
27.450	-8.700E-4	4.485E-2
27.458	-7.515E-4	4.485E-2
27.467	-5.194E-4	4.485E-2
27.475	-2.239E-4	4.483E-2
27.483	1.258E-4	4.481E-2
27.492	4.582E-4	4.480E-2
27.500	7.602E-4	4.477E-2
27.508	9.737E-4	4.476E-2
27.517	1.092E-3	4.474E-2
27.525	1.102E-3	4.474E-2
27.534	1.043E-3	4.475E-2
27.542	8.275E-4	4.476E-2
27.550	5.591E-4	4.476E-2
27.559	1.859E-4	4.478E-2
27.567	-1.328E-4	4.479E-2
27.575	-4.712E-4	4.479E-2
27.584	-7.183E-4	4.480E-2
27.592	-8.464E-4	4.479E-2
27.601	-8.863E-4	4.479E-2
27.609	-8.366E-4	4.478E-2
27.617	-6.800E-4	4.476E-2
27.626	-4.080E-4	4.475E-2
27.634	-9.210E-5	4.473E-2
27.642	2.479E-4	4.474E-2
27.651	5.752E-4	4.474E-2
27.659	8.126E-4	4.475E-2
27.668	9.983E-4	4.476E-2
27.676	1.060E-3	4.477E-2
27.684	1.014E-3	4.481E-2
27.693	8.305E-4	4.484E-2
27.701	5.977E-4	4.483E-2
27.709	2.910E-4	4.488E-2
27.718	-5.810E-5	4.488E-2
27.726	-3.581E-4	4.485E-2
27.735	-6.696E-4	4.483E-2
27.743	-8.477E-4	4.479E-2
27.751	-9.347E-4	4.478E-2
27.760	-9.310E-4	4.470E-2
27.768	-7.612E-4	4.464E-2
27.776	-5.157E-4	4.457E-2
27.785	-2.197E-4	4.453E-2
27.793	1.119E-4	4.452E-2
27.802	4.166E-4	4.453E-2
27.810	6.993E-4	4.455E-2
27.818	9.048E-4	4.459E-2
27.827	1.017E-3	4.465E-2
27.835	9.804E-4	4.472E-2
27.843	8.659E-4	4.481E-2
27.852	6.486E-4	4.486E-2
27.860	3.752E-4	4.492E-2
27.869	5.984E-5	4.497E-2
27.877	-2.628E-4	4.498E-2
27.885	-5.391E-4	4.495E-2
27.894	-7.460E-4	4.491E-2
27.902	-8.481E-4	4.482E-2
27.910	-8.800E-4	4.473E-2
27.919	-7.968E-4	4.462E-2
27.927	-5.804E-4	4.453E-2
27.936	-3.282E-4	4.448E-2
27.944	-2.357E-5	4.446E-2
27.952	2.962E-4	4.448E-2
27.961	5.908E-4	4.452E-2
27.969	8.340E-4	4.460E-2
27.977	1.005E-3	4.471E-2
27.986	1.024E-3	4.482E-2
27.994	9.151E-4	4.496E-2
28.003	7.360E-4	4.505E-2
28.011	4.805E-4	4.511E-2
28.019	1.826E-4	4.514E-2
28.028	-1.146E-4	4.517E-2
28.036	-3.679E-4	4.511E-2
28.045	-6.393E-4	4.501E-2
28.053	-7.953E-4	4.490E-2
28.061	-7.913E-4	4.479E-2
28.070	-7.701E-4	4.463E-2
28.078	-6.101E-4	4.451E-2
28.086	-3.952E-4	4.439E-2
28.095	-1.443E-4	4.433E-2
28.103	1.424E-4	4.432E-2
28.112	4.363E-4	4.436E-2
28.120	6.846E-4	4.448E-2
28.128	8.625E-4	4.461E-2
28.137	9.488E-4	4.476E-2
28.145	9.150E-4	4.493E-2
28.153	8.016E-4	4.506E-2
28.162	5.844E-4	4.519E-2
28.170	3.302E-4	4.525E-2
28.179	2.111E-5	4.525E-2
28.187	-2.590E-4	4.521E-2
28.195	-4.954E-4	4.508E-2
28.204	-6.797E-4	4.493E-2
28.212	-7.704E-4	4.478E-2
28.220	-7.564E-4	4.458E-2
28.229	-6.544E-4	4.442E-2
28.237	-4.876E-4	4.429E-2
28.246	-2.539E-4	4.424E-2
28.254	1.665E-5	4.424E-2
28.262	2.846E-4	4.427E-2
28.271	5.266E-4	4.441E-2
28.279	6.984E-4	4.456E-2
28.287	8.270E-4	4.474E-2
28.296	8.510E-4	4.494E-2
28.304	8.141E-4	4.511E-2
28.313	6.681E-4	4.525E-2
28.321	4.462E-4	4.532E-2
28.329	1.939E-4	4.531E-2
28.338	-6.671E-5	4.525E-2
28.346	-2.921E-4	4.515E-2
28.354	-4.901E-4	4.499E-2
28.363	-5.927E-4	4.479E-2
28.371	-6.387E-4	4.456E-2
28.380	-6.498E-4	4.437E-2
28.388	-5.260E-4	4.422E-2
28.396	-3.166E-4	4.412E-2
28.405	-7.431E-5	4.410E-2
28.413	1.777E-4	4.413E-2
28.421	4.215E-4	4.427E-2
28.430	6.348E-4	4.446E-2
28.438	8.079E-4	4.470E-2
28.447	8.286E-4	4.494E-2
28.455	8.342E-4	4.516E-2
28.463	7.228E-4	4.533E-2
28.472	5.636E-4	4.544E-2
28.480	3.122E-4	4.547E-2
28.488	6.083E-5	4.543E-2
28.497	-1.817E-4	4.531E-2
28.505	-3.748E-4	4.510E-2
28.514	-5.528E-4	4.486E-2
28.522	-6.095E-4	4.459E-2
28.530	-6.385E-4	4.435E-2
28.539	-5.617E-4	4.416E-2
28.547	-4.002E-4	4.404E-2
28.555	-2.363E-4	4.401E-2
28.564	-1.665E-5	4.406E-2
28.572	2.054E-4	4.417E-2
28.581	4.105E-4	4.434E-2
28.589	5.858E-4	4.457E-2
28.597	6.870E-4	4.481E-2
28.606	6.908E-4	4.504E-2
28.614	6.561E-4	4.526E-2
28.622	5.626E-4	4.540E-2
28.631	3.702E-4	4.547E-2
28.639	1.840E-4	4.546E-2
28.648	-1.951E-5	4.534E-2
28.656	-2.012E-4	4.513E-2
28.664	-3.489E-4	4.492E-2
28.673	-4.924E-4	4.466E-2
28.681	-5.023E-4	4.442E-2
28.689	-5.026E-4	4.417E-2
28.698	-4.011E-4	4.402E-2
28.706	-2.880E-4	4.396E-2
28.715	-9.929E-5	4.394E-2
28.723	1.162E-4	4.405E-2
28.731	3.136E-4	4.425E-2
28.740	4.487E-4	4.452E-2
28.748	5.887E-4	4.479E-2
28.757	6.460E-4	4.504E-2
28.765	6.506E-4	4.527E-2
28.773	6.134E-4	4.545E-2
28.782	4.933E-4	4.552E-2
28.790	3.516E-4	4.551E-2
28.798	1.776E-4	4.541E-2
28.807	-6.965E-6	4.524E-2
28.815	-1.385E-4	4.500E-2
28.824	-2.868E-4	4.472E-2
28.832	-3.277E-4	4.445E-2
28.840	-3.171E-4	4.422E-2
28.849	-3.021E-4	4.407E-2
28.857	-2.405E-4	4.396E-2
28.865	-9.023E-5	4.392E-2
28.874	3.987E-5	4.403E-2
28.882	1.916E-4	4.422E-2
28.891	3.704E-4	4.449E-2
28.899	4.787E-4	4.479E-2
28.907	5.993E-4	4.505E-2
28.916	6.413E-4	4.529E-2
28.924	6.390E-4	4.548E-2
28.932	5.998E-4	4.560E-2
28.941	4.619E-4	4.564E-2
28.949	3.588E-4	4.554E-2
28.958	1.991E-4	4.535E-2
28.966	3.355E-5	4.508E-2
28.974	-7.602E-5	4.478E-2
28.983	-1.937E-4	4.449E-2
28.991	-2.468E-4	4.423E-2
28.999	-2.834E-4	4.405E-2
29.008	-2.609E-4	4.391E-2
29.016	-1.822E-4	4.387E-2
29.025	-7.440E-5	4.393E-2
29.033	4.019E-5	4.410E-2
29.041	1.713E-4	4.435E-2
29.050	3.038E-4	4.463E-2
29.058	4.016E-4	4.492E-2
29.066	4.754E-4	4.522E-2
29.075	5.179E-4	4.544E-2
29.083	4.914E-4	4.559E-2
29.092	4.634E-4	4.563E-2
29.100	3.646E-4	4.558E-2
29.108	2.484E-4	4.541E-2
29.117	1.376E-4	4.519E-2
29.125	1.158E-5	4.489E-2
29.133	-9.417E-5	4.461E-2
29.142	-1.731E-4	4.431E-2
29.150	-2.545E-4	4.408E-2
29.159	-2.833E-4	4.392E-2
29.167	-2.645E-4	4.387E-2
29.175	-2.078E-4	4.391E-2
29.184	-1.058E-4	4.407E-2
29.192	-6.364E-6	4.431E-2
29.200	1.390E-4	4.459E-2
29.209	2.479E-4	4.488E-2
29.217	3.690E-4	4.516E-2
29.226	4.334E-4	4.542E-2
29.234	4.788E-4	4.559E-2
29.242	4.696E-4	4.565E-2
29.251	4.576E-4	4.565E-2
29.259	3.848E-4	4.549E-2
29.267	3.037E-4	4.526E-2
29.276	1.697E-4	4.498E-2
29.284	5.838E-5	4.469E-2
29.293	-6.757E-5	4.439E-2
29.301	-1.363E-4	4.413E-2
29.309	-2.449E-4	4.395E-2
29.318	-2.827E-4	4.387E-2
29.326	-2.763E-4	4.388E-2
29.334	-2.288E-4	4.403E-2
29.343	-1.447E-4	4.427E-2
29.351	-7.471E-5	4.455E-2
29.360	6.037E-5	4.483E-2
29.368	1.676E-4	4.512E-2
29.376	2.866E-4	4.540E-2
29.385	3.689E-4	4.558E-2
29.393	4.357E-4	4.565E-2
29.401	4.430E-4	4.566E-2
29.410	4.450E-4	4.552E-2
29.418	3.965E-4	4.529E-2
29.427	3.340E-4	4.501E-2
29.435	1.779E-4	4.473E-2
29.443	6.941E-5	4.443E-2
29.452	-6.508E-5	4.419E-2
29.460	-1.696E-4	4.400E-2
29.469	-2.677E-4	4.390E-2
29.477	-3.118E-4	4.390E-2
29.485	-3.053E-4	4.402E-2
29.494	-2.673E-4	4.422E-2
29.502	-1.873E-4	4.451E-2
29.510	-9.205E-5	4.480E-2
29.519	5.301E-5	4.507E-2
29.527	1.686E-4	4.531E-2
29.536	3.070E-4	4.549E-2
29.544	3.955E-4	4.559E-2
29.552	4.672E-4	4.563E-2
29.561	5.151E-4	4.552E-2
29.569	4.933E-4	4.533E-2
29.577	4.244E-4	4.506E-2
29.586	3.457E-4	4.477E-2
29.594	1.862E-4	4.449E-2
29.603	5.255E-5	4.424E-2
29.611	-1.062E-4	4.407E-2
29.619	-2.089E-4	4.394E-2
29.628	-3.146E-4	4.391E-2
29.636	-3.436E-4	4.397E-2
29.644	-3.287E-4	4.417E-2
29.653	-3.096E-4	4.439E-2
29.661	-2.088E-4	4.467E-2
29.670	-8.121E-5	4.498E-2
29.678	6.890E-5	4.523E-2
29.686	1.974E-4	4.543E-2
29.695	3.713E-4	4.554E-2
29.703	4.913E-4	4.553E-2
29.711	6.003E-4	4.547E-2
29.720	6.332E-4	4.530E-2
29.728	6.334E-4	4.506E-2
29.737	5.872E-4	4.480E-2
29.745	4.419E-4	4.452E-2
29.753	2.860E-4	4.429E-2
29.762	1.286E-4	4.408E-2
29.770	-4.905E-5	4.397E-2
29.778	-1.974E-4	4.395E-2
29.787	-2.969E-4	4.401E-2
29.795	-3.311E-4	4.414E-2
29.804	-3.240E-4	4.436E-2
29.812	-2.956E-4	4.460E-2
29.820	-1.915E-4	4.486E-2
29.829	-5.055E-5	4.508E-2
29.837	1.484E-4	4.527E-2
29.845	3.273E-4	4.540E-2
29.854	4.568E-4	4.544E-2
29.862	6.208E-4	4.545E-2
29.871	6.852E-4	4.528E-2
29.879	7.054E-4	4.507E-2
29.887	6.649E-4	4.483E-2
29.896	6.013E-4	4.458E-2
29.904	4.286E-4	4.434E-2
29.912	2.373E-4	4.412E-2
29.921	4.582E-5	4.401E-2
29.929	-1.393E-4	4.397E-2
29.938	-3.159E-4	4.404E-2
29.946	-4.394E-4	4.414E-2
29.954	-5.073E-4	4.432E-2
29.963	-5.023E-4	4.456E-2
29.971	-3.670E-4	4.479E-2
29.979	-2.708E-4	4.502E-2
29.988	-7.967E-5	4.522E-2
29.996	1.476E-4	4.535E-2
30.005	3.738E-4	4.540E-2
30.013	5.811E-4	4.542E-2
30.021	6.992E-4	4.529E-2
30.030	7.642E-4	4.510E-2
30.038	7.728E-4	4.489E-2
30.046	6.760E-4	4.463E-2
30.055	5.559E-4	4.439E-2
30.063	3.441E-4	4.421E-2
30.072	9.608E-5	4.410E-2
30.080	-1.561E-4	4.404E-2
30.088	-3.595E-4	4.406E-2
30.097	-5.348E-4	4.415E-2
30.105	-6.473E-4	4.431E-2
30.113	-6.758E-4	4.451E-2
30.122	-6.702E-4	4.474E-2
30.130	-4.877E-4	4.496E-2
30.139	-2.999E-4	4.515E-2
30.147	-7.148E-5	4.528E-2
30.155	1.764E-4	4.532E-2
30.164	4.165E-4	4.530E-2
30.172	6.130E-4	4.523E-2
30.181	7.412E-4	4.508E-2
30.189	7.880E-4	4.490E-2
30.197	7.276E-4	4.474E-2
30.206	6.197E-4	4.454E-2
30.214	4.405E-4	4.436E-2
30.222	2.096E-4	4.425E-2
30.231	-3.269E-5	4.419E-2
30.239	-2.599E-4	4.416E-2
30.248	-4.512E-4	4.422E-2
30.256	-6.131E-4	4.435E-2
30.264	-6.953E-4	4.452E-2
30.273	-6.960E-4	4.471E-2
30.281	-5.757E-4	4.492E-2
30.289	-3.834E-4	4.506E-2
30.298	-1.845E-4	4.518E-2
30.306	4.640E-5	4.525E-2
30.315	2.847E-4	4.525E-2
30.323	5.014E-4	4.524E-2
30.331	6.826E-4	4.508E-2
30.340	7.671E-4	4.495E-2
30.348	7.564E-4	4.478E-2
30.356	6.752E-4	4.461E-2
30.365	5.043E-4	4.447E-2
30.373	2.630E-4	4.436E-2
30.382	2.566E-6	4.430E-2
30.390	-2.550E-4	4.430E-2
30.398	-4.822E-4	4.434E-2
30.407	-6.904E-4	4.442E-2
30.415	-7.797E-4	4.453E-2
30.423	-7.634E-4	4.470E-2
30.432	-7.392E-4	4.484E-2
30.440	-5.464E-4	4.497E-2
30.449	-3.006E-4	4.507E-2
30.457	-4.242E-5	4.512E-2
30.465	2.331E-4	4.510E-2
30.474	4.963E-4	4.508E-2
30.482	7.013E-4	4.497E-2
30.490	8.373E-4	4.486E-2
30.499	8.984E-4	4.473E-2
30.507	8.560E-4	4.461E-2
30.516	7.283E-4	4.449E-2
30.524	4.964E-4	4.439E-2
30.532	2.229E-4	4.434E-2
30.541	-5.288E-5	4.432E-2
30.549	-3.155E-4	4.435E-2
30.557	-5.348E-4	4.441E-2
30.566	-6.827E-4	4.450E-2
30.574	-7.468E-4	4.461E-2
30.583	-7.415E-4	4.473E-2
30.591	-5.883E-4	4.484E-2
30.599	-3.940E-4	4.490E-2
30.608	-1.717E-4	4.498E-2
30.616	1.150E-4	4.500E-2
30.624	3.744E-4	4.500E-2
30.633	6.370E-4	4.495E-2
30.641	8.322E-4	4.486E-2
30.650	9.379E-4	4.476E-2
30.658	9.195E-4	4.468E-2
30.666	8.183E-4	4.461E-2
30.675	6.393E-4	4.454E-2
30.683	3.937E-4	4.453E-2
30.691	1.249E-4	4.451E-2
30.700	-1.592E-4	4.452E-2
30.708	-4.440E-4	4.456E-2
30.717	-6.426E-4	4.462E-2
30.725	-7.651E-4	4.470E-2
30.733	-7.568E-4	4.478E-2
30.742	-6.910E-4	4.484E-2
30.750	-5.074E-4	4.488E-2
30.758	-2.577E-4	4.486E-2
30.767	2.970E-5	4.488E-2
30.775	3.220E-4	4.485E-2
30.784	5.872E-4	4.483E-2
30.792	8.275E-4	4.474E-2
30.800	9.612E-4	4.471E-2
30.809	9.957E-4	4.466E-2
30.817	9.067E-4	4.464E-2
30.825	7.303E-4	4.458E-2
30.834	4.827E-4	4.457E-2
30.842	1.903E-4	4.456E-2
30.851	-9.276E-5	4.457E-2
30.859	-3.397E-4	4.459E-2
30.867	-5.578E-4	4.463E-2
30.876	-7.171E-4	4.464E-2
30.884	-7.611E-4	4.463E-2
30.893	-7.469E-4	4.466E-2
30.901	-5.523E-4	4.468E-2
30.909	-3.054E-4	4.472E-2
30.918	-3.937E-5	4.473E-2
30.926	2.451E-4	4.474E-2
30.934	5.439E-4	4.475E-2
30.943	7.654E-4	4.473E-2
30.951	9.139E-4	4.471E-2
30.960	1.004E-3	4.471E-2
30.968	9.522E-4	4.472E-2
30.976	8.173E-4	4.473E-2
30.985	6.215E-4	4.474E-2
30.993	3.676E-4	4.475E-2
31.001	7.847E-5	4.478E-2
31.010	-2.377E-4	4.479E-2
31.018	-4.929E-4	4.480E-2
31.027	-6.799E-4	4.480E-2
31.035	-7.735E-4	4.480E-2
31.043	-7.613E-4	4.479E-2
31.052	-6.492E-4	4.478E-2
31.060	-4.702E-4	4.475E-2
31.068	-2.110E-4	4.475E-2
31.077	8.479E-5	4.474E-2
31.085	3.636E-4	4.474E-2
31.094	6.389E-4	4.475E-2
31.102	8.480E-4	4.475E-2
31.110	9.779E-4	4.476E-2
31.119	9.748E-4	4.477E-2
31.127	8.698E-4	4.481E-2
31.135	6.953E-4	4.483E-2
31.144	4.464E-4	4.482E-2
31.152	1.599E-4	4.487E-2
31.161	-1.081E-4	4.486E-2
31.169	-3.425E-4	4.484E-2
31.177	-5.562E-4	4.482E-2
31.186	-6.952E-4	4.477E-2
31.194	-7.106E-4	4.475E-2
31.202	-6.755E-4	4.469E-2
31.211	-5.168E-4	4.466E-2
31.219	-2.782E-4	4.462E-2
31.228	-1.310E-5	4.458E-2
31.236	2.738E-4	4.456E-2
31.244	5.597E-4	4.456E-2
31.253	7.507E-4	4.458E-2
31.261	8.816E-4	4.462E-2
31.269	9.424E-4	4.468E-2
31.278	8.896E-4	4.478E-2
31.286	7.609E-4	4.484E-2
31.295	5.233E-4	4.486E-2
31.303	2.422E-4	4.493E-2
31.311	-4.771E-5	4.496E-2
31.320	-3.080E-4	4.497E-2
31.328	-5.294E-4	4.495E-2
31.336	-6.769E-4	4.488E-2
31.345	-7.493E-4	4.478E-2
31.353	-7.423E-4	4.469E-2
31.362	-6.099E-4	4.462E-2
31.370	-4.138E-4	4.453E-2
31.378	-1.900E-4	4.449E-2
31.387	8.667E-5	4.450E-2
31.395	3.487E-4	4.451E-2
31.403	6.127E-4	4.454E-2
31.412	8.112E-4	4.462E-2
31.420	8.954E-4	4.473E-2
31.429	9.009E-4	4.482E-2
31.437	8.283E-4	4.494E-2
31.445	6.419E-4	4.503E-2
31.454	4.100E-4	4.506E-2
31.462	1.538E-4	4.508E-2
31.470	-9.221E-5	4.504E-2
31.479	-3.099E-4	4.500E-2
31.487	-5.097E-4	4.494E-2
31.496	-6.059E-4	4.482E-2
31.504	-6.419E-4	4.471E-2
31.512	-5.809E-4	4.458E-2
31.521	-4.572E-4	4.448E-2
31.529	-2.457E-4	4.441E-2
31.537	-5.987E-6	4.436E-2
31.546	2.617E-4	4.436E-2
31.554	4.946E-4	4.440E-2
31.563	6.792E-4	4.451E-2
31.571	8.151E-4	4.463E-2
31.579	8.617E-4	4.476E-2
31.588	8.284E-4	4.492E-2
31.596	6.863E-4	4.503E-2
31.605	4.852E-4	4.513E-2
31.613	2.328E-4	4.520E-2
31.621	-2.834E-5	4.520E-2
31.630	-2.616E-4	4.513E-2
31.638	-4.532E-4	4.504E-2
31.646	-5.762E-4	4.490E-2
31.655	-6.131E-4	4.476E-2
31.663	-6.339E-4	4.459E-2
31.672	-5.131E-4	4.446E-2
31.680	-3.129E-4	4.437E-2
31.688	-8.239E-5	4.431E-2
31.697	1.631E-4	4.432E-2
31.705	4.065E-4	4.436E-2
31.713	6.309E-4	4.449E-2
31.722	7.825E-4	4.465E-2
31.730	8.333E-4	4.479E-2
31.739	8.401E-4	4.498E-2
31.747	7.335E-4	4.511E-2
31.755	5.899E-4	4.522E-2
31.764	3.862E-4	4.527E-2
31.772	1.651E-4	4.526E-2
31.780	-5.976E-5	4.520E-2
31.789	-2.618E-4	4.506E-2
31.797	-4.241E-4	4.491E-2
31.806	-5.173E-4	4.475E-2
31.814	-5.159E-4	4.456E-2
31.822	-4.603E-4	4.438E-2
31.831	-2.980E-4	4.427E-2
31.839	-9.818E-5	4.421E-2
31.847	1.272E-4	4.423E-2
31.856	3.580E-4	4.431E-2
31.864	5.644E-4	4.442E-2
31.873	6.776E-4	4.457E-2
31.881	7.804E-4	4.477E-2
31.889	7.867E-4	4.498E-2
31.898	6.972E-4	4.515E-2
31.906	6.010E-4	4.529E-2
31.914	4.265E-4	4.536E-2
31.923	2.289E-4	4.541E-2
31.931	1.476E-5	4.534E-2
31.940	-1.749E-4	4.521E-2
31.948	-3.278E-4	4.503E-2
31.956	-4.397E-4	4.481E-2
31.965	-4.658E-4	4.458E-2
31.973	-4.725E-4	4.438E-2
31.981	-3.660E-4	4.422E-2
31.990	-2.635E-4	4.415E-2
31.998	-7.843E-5	4.411E-2
32.007	1.350E-4	4.416E-2
32.015	3.475E-4	4.428E-2
32.023	5.098E-4	4.449E-2
32.032	6.227E-4	4.472E-2
32.040	6.745E-4	4.496E-2
32.048	6.709E-4	4.516E-2
32.057	6.227E-4	4.532E-2
32.065	4.882E-4	4.544E-2
32.074	3.205E-4	4.545E-2
32.082	1.363E-4	4.542E-2
32.090	-4.561E-5	4.529E-2
32.099	-2.163E-4	4.508E-2
32.107	-3.112E-4	4.484E-2
32.115	-3.427E-4	4.459E-2
32.124	-3.265E-4	4.436E-2
32.132	-2.873E-4	4.417E-2
32.141	-2.288E-4	4.406E-2
32.149	-7.467E-5	4.405E-2
32.157	9.514E-5	4.409E-2
32.166	2.143E-4	4.421E-2
32.174	3.900E-4	4.442E-2
32.182	5.076E-4	4.462E-2
32.191	5.975E-4	4.485E-2
32.199	6.314E-4	4.506E-2
32.208	6.273E-4	4.524E-2
32.216	5.653E-4	4.538E-2
32.224	4.070E-4	4.542E-2
32.233	2.602E-4	4.543E-2
32.241	1.281E-4	4.530E-2
32.250	-4.129E-5	4.510E-2
32.258	-1.433E-4	4.485E-2
32.266	-2.771E-4	4.458E-2
32.275	-2.783E-4	4.435E-2
32.283	-2.855E-4	4.414E-2
32.291	-2.617E-4	4.401E-2
32.300	-1.514E-4	4.396E-2
32.308	-6.418E-5	4.398E-2
32.317	1.087E-4	4.411E-2
32.325	2.003E-4	4.430E-2
32.333	3.494E-4	4.454E-2
32.342	4.419E-4	4.479E-2
32.350	5.079E-4	4.503E-2
32.358	5.156E-4	4.525E-2
32.367	4.795E-4	4.541E-2
32.375	4.112E-4	4.547E-2
32.384	3.124E-4	4.547E-2
32.392	1.678E-4	4.536E-2
32.400	5.305E-5	4.521E-2
32.409	-7.990E-5	4.499E-2
32.417	-1.939E-4	4.473E-2
32.425	-2.594E-4	4.448E-2
32.434	-2.606E-4	4.427E-2
32.442	-2.846E-4	4.410E-2
32.451	-2.435E-4	4.403E-2
32.459	-1.638E-4	4.406E-2
32.467	-7.590E-5	4.414E-2
32.476	5.755E-5	4.432E-2
32.484	1.589E-4	4.455E-2
32.492	2.708E-4	4.482E-2
32.501	3.559E-4	4.505E-2
32.509	4.191E-4	4.527E-2
32.518	4.375E-4	4.546E-2
32.526	4.224E-4	4.553E-2
32.534	4.099E-4	4.551E-2
32.543	3.023E-4	4.543E-2
32.551	1.772E-4	4.525E-2
32.559	9.148E-5	4.502E-2
32.568	-5.181E-5	4.475E-2
32.576	-1.119E-4	4.450E-2
32.585	-1.262E-4	4.428E-2
32.593	-2.361E-4	4.409E-2
32.601	-2.431E-4	4.400E-2
32.610	-2.085E-4	4.402E-2
32.618	-1.555E-4	4.410E-2
32.626	-9.503E-5	4.427E-2
32.635	2.187E-5	4.451E-2
32.643	1.349E-4	4.479E-2
32.652	2.324E-4	4.504E-2
32.660	3.202E-4	4.527E-2
32.668	3.664E-4	4.545E-2
32.677	3.973E-4	4.555E-2
32.685	4.061E-4	4.553E-2
32.693	4.059E-4	4.548E-2
32.702	3.180E-4	4.529E-2
32.710	2.021E-4	4.506E-2
32.719	1.257E-4	4.480E-2
32.727	1.509E-5	4.453E-2
32.735	-7.869E-5	4.429E-2
32.744	-9.561E-5	4.410E-2
32.752	-1.540E-4	4.399E-2
32.760	-2.059E-4	4.398E-2
32.769	-2.076E-4	4.406E-2
32.777	-1.543E-4	4.420E-2
32.786	-1.151E-4	4.447E-2
32.794	-3.446E-6	4.472E-2
32.802	1.241E-4	4.501E-2
32.811	2.210E-4	4.525E-2
32.819	3.335E-4	4.544E-2
32.827	3.702E-4	4.555E-2
32.836	4.081E-4	4.554E-2
32.844	4.171E-4	4.551E-2
32.853	4.143E-4	4.536E-2
32.861	3.753E-4	4.518E-2
32.869	2.853E-4	4.495E-2
32.878	1.676E-4	4.468E-2
32.886	7.048E-5	4.446E-2
32.894	-6.285E-5	4.425E-2
32.903	-1.572E-4	4.413E-2
32.911	-2.123E-4	4.407E-2
32.920	-2.535E-4	4.410E-2
32.928	-2.525E-4	4.422E-2
32.936	-2.053E-4	4.446E-2
32.945	-1.363E-4	4.471E-2
32.953	-6.244E-5	4.499E-2
32.962	7.065E-5	4.523E-2
32.970	1.712E-4	4.544E-2
32.978	2.811E-4	4.556E-2
32.987	3.605E-4	4.560E-2
32.995	4.026E-4	4.562E-2
33.003	4.505E-4	4.549E-2
33.012	4.279E-4	4.528E-2
33.020	3.828E-4	4.504E-2
33.029	2.876E-4	4.478E-2
33.037	1.616E-4	4.453E-2
33.045	5.076E-5	4.431E-2
33.054	-8.624E-5	4.415E-2
33.062	-1.728E-4	4.408E-2
33.070	-2.702E-4	4.409E-2
33.079	-3.034E-4	4.418E-2
33.087	-2.870E-4	4.435E-2
33.096	-2.531E-4	4.457E-2
33.104	-1.352E-4	4.481E-2
33.112	-5.858E-5	4.504E-2
33.121	1.133E-4	4.526E-2
33.129	2.004E-4	4.542E-2
33.137	3.402E-4	4.549E-2
33.146	4.151E-4	4.548E-2
33.154	4.757E-4	4.538E-2
33.163	4.923E-4	4.523E-2
33.171	4.575E-4	4.501E-2
33.179	3.870E-4	4.478E-2
33.188	2.753E-4	4.454E-2
33.196	1.318E-4	4.433E-2
33.204	-9.474E-6	4.415E-2
33.213	-1.424E-4	4.408E-2
33.221	-2.808E-4	4.408E-2
33.230	-3.300E-4	4.413E-2
33.238	-3.527E-4	4.431E-2
33.246	-3.865E-4	4.452E-2
33.255	-3.410E-4	4.476E-2
33.263	-2.021E-4	4.499E-2
33.271	-7.783E-5	4.521E-2
33.280	1.144E-4	4.535E-2
33.288	2.345E-4	4.543E-2
33.297	3.765E-4	4.544E-2
33.305	4.979E-4	4.539E-2
33.313	5.553E-4	4.525E-2
33.322	5.312E-4	4.503E-2
33.330	4.737E-4	4.481E-2
33.338	3.746E-4	4.458E-2
33.347	2.358E-4	4.437E-2
33.355	6.253E-5	4.421E-2
33.364	-1.099E-4	4.414E-2
33.372	-2.495E-4	4.411E-2
33.380	-3.513E-4	4.416E-2
33.389	-4.689E-4	4.429E-2
33.397	-4.828E-4	4.448E-2
33.405	-4.783E-4	4.472E-2
33.414	-3.665E-4	4.494E-2
33.422	-2.375E-4	4.511E-2
33.431	-6.522E-5	4.525E-2
33.439	1.316E-4	4.533E-2
33.447	3.240E-4	4.533E-2
33.456	4.620E-4	4.528E-2
33.464	5.735E-4	4.516E-2
33.472	6.010E-4	4.500E-2
33.481	6.034E-4	4.480E-2
33.489	5.377E-4	4.460E-2
33.498	3.829E-4	4.440E-2
33.506	2.099E-4	4.426E-2
33.514	1.828E-5	4.416E-2
33.523	-1.820E-4	4.412E-2
33.531	-3.455E-4	4.416E-2
33.539	-4.548E-4	4.427E-2
33.548	-5.174E-4	4.442E-2
33.556	-5.122E-4	4.458E-2
33.565	-4.455E-4	4.477E-2
33.573	-3.099E-4	4.496E-2
33.581	-1.098E-4	4.511E-2
33.590	1.187E-4	4.520E-2
33.598	3.369E-4	4.523E-2
33.606	4.742E-4	4.523E-2
33.615	6.257E-4	4.512E-2
33.623	7.153E-4	4.496E-2
33.632	7.237E-4	4.480E-2
33.640	6.604E-4	4.462E-2
33.648	5.516E-4	4.445E-2
33.657	3.556E-4	4.434E-2
33.665	1.601E-4	4.425E-2
33.674	-5.822E-5	4.424E-2
33.682	-2.491E-4	4.428E-2
33.690	-3.981E-4	4.434E-2
33.699	-5.298E-4	4.448E-2
33.707	-5.518E-4	4.464E-2
33.715	-5.244E-4	4.479E-2
33.724	-3.430E-4	4.495E-2
33.732	-1.927E-4	4.505E-2
33.741	-9.009E-6	4.516E-2
33.749	2.152E-4	4.522E-2
33.757	4.318E-4	4.522E-2
33.766	6.275E-4	4.512E-2
33.774	7.606E-4	4.499E-2
33.782	8.164E-4	4.486E-2
33.791	8.147E-4	4.470E-2
33.799	6.972E-4	4.457E-2
33.808	5.344E-4	4.446E-2
33.816	3.006E-4	4.439E-2
33.824	4.806E-5	4.433E-2
33.833	-1.914E-4	4.434E-2
33.841	-3.877E-4	4.439E-2
33.849	-5.586E-4	4.450E-2
33.858	-6.145E-4	4.461E-2
33.866	-6.403E-4	4.474E-2
33.875	-5.556E-4	4.487E-2
33.883	-3.616E-4	4.497E-2
33.891	-1.827E-4	4.503E-2
33.900	3.329E-5	4.507E-2
33.908	2.610E-4	4.506E-2
33.916	4.780E-4	4.502E-2
33.925	6.492E-4	4.492E-2
33.933	7.373E-4	4.482E-2
33.942	7.339E-4	4.471E-2
33.950	6.700E-4	4.460E-2
33.958	5.091E-4	4.451E-2
33.967	2.816E-4	4.447E-2
33.975	3.511E-5	4.444E-2
33.983	-2.167E-4	4.447E-2
33.992	-4.464E-4	4.453E-2
34.000	-6.324E-4	4.458E-2
34.009	-7.387E-4	4.469E-2
34.017	-7.471E-4	4.480E-2
34.025	-7.245E-4	4.489E-2
34.034	-5.316E-4	4.496E-2
34.042	-3.165E-4	4.502E-2
34.050	-6.879E-5	4.503E-2
34.059	1.918E-4	4.502E-2
34.067	4.367E-4	4.502E-2
34.076	6.404E-4	4.494E-2
34.084	7.838E-4	4.485E-2
34.092	8.214E-4	4.477E-2
34.101	8.146E-4	4.470E-2
34.109	6.882E-4	4.463E-2
34.117	4.992E-4	4.459E-2
34.126	2.456E-4	4.456E-2
34.134	-2.145E-5	4.453E-2
34.143	-2.669E-4	4.456E-2
34.151	-4.703E-4	4.460E-2
34.159	-6.206E-4	4.465E-2
34.168	-7.022E-4	4.471E-2
34.176	-6.996E-4	4.476E-2
34.184	-5.739E-4	4.485E-2
34.193	-3.552E-4	4.488E-2
34.201	-1.575E-4	4.485E-2
34.210	7.685E-5	4.484E-2
34.218	3.219E-4	4.482E-2
34.226	5.288E-4	4.480E-2
34.235	6.865E-4	4.472E-2
34.243	7.558E-4	4.470E-2
34.251	7.450E-4	4.465E-2
34.260	6.604E-4	4.459E-2
34.268	4.807E-4	4.456E-2
34.277	2.451E-4	4.456E-2
34.285	-6.599E-6	4.456E-2
34.293	-2.579E-4	4.458E-2
34.302	-4.819E-4	4.461E-2
34.310	-6.756E-4	4.463E-2
34.318	-7.545E-4	4.465E-2
34.327	-7.466E-4	4.463E-2
34.335	-7.127E-4	4.467E-2
34.344	-5.061E-4	4.472E-2
34.352	-2.794E-4	4.474E-2
34.360	-2.835E-5	4.474E-2
34.369	2.338E-4	4.474E-2
34.377	4.774E-4	4.475E-2
34.386	6.766E-4	4.471E-2
34.394	8.032E-4	4.472E-2
34.402	8.184E-4	4.473E-2
34.411	7.739E-4	4.473E-2
34.419	6.244E-4	4.474E-2
34.427	4.160E-4	4.475E-2
34.436	1.761E-4	4.476E-2
34.444	-8.482E-5	4.480E-2
34.453	-3.023E-4	4.480E-2
34.461	-5.028E-4	4.480E-2
34.469	-6.334E-4	4.480E-2
34.478	-7.014E-4	4.480E-2
34.486	-6.958E-4	4.479E-2
34.494	-5.378E-4	4.478E-2
34.503	-3.204E-4	4.476E-2
34.511	-7.021E-5	4.476E-2
34.520	1.939E-4	4.473E-2
34.528	4.409E-4	4.474E-2
34.536	6.619E-4	4.475E-2
34.545	8.337E-4	4.475E-2
34.553	8.903E-4	4.477E-2
34.561	8.728E-4	4.478E-2
34.570	7.864E-4	4.481E-2
34.578	5.892E-4	4.483E-2
34.587	3.663E-4	4.482E-2
34.595	1.267E-4	4.485E-2
34.603	-1.142E-4	4.485E-2
34.612	-3.142E-4	4.483E-2
34.620	-4.990E-4	4.481E-2
34.628	-5.502E-4	4.477E-2
34.637	-5.399E-4	4.475E-2
34.645	-4.782E-4	4.471E-2
34.654	-2.820E-4	4.467E-2
34.662	-6.003E-5	4.465E-2
34.670	1.855E-4	4.459E-2
34.679	4.295E-4	4.458E-2
34.687	6.581E-4	4.457E-2
34.695	8.461E-4	4.460E-2
34.704	9.186E-4	4.464E-2
34.712	9.175E-4	4.468E-2
34.721	8.641E-4	4.477E-2
34.729	6.914E-4	4.482E-2
34.737	4.653E-4	4.483E-2
34.746	2.137E-4	4.487E-2
34.754	-3.860E-5	4.488E-2
34.762	-2.627E-4	4.486E-2
34.771	-4.580E-4	4.480E-2
34.779	-5.540E-4	4.475E-2
34.788	-5.589E-4	4.470E-2
34.796	-5.367E-4	4.461E-2
34.804	-3.438E-4	4.454E-2
34.813	-1.622E-4	4.449E-2
34.821	4.234E-5	4.446E-2
34.829	2.712E-4	4.448E-2
34.838	4.895E-4	4.450E-2
34.846	6.669E-4	4.455E-2
34.855	8.190E-4	4.463E-2
34.863	8.675E-4	4.472E-2
34.871	8.511E-4	4.482E-2
34.880	7.166E-4	4.492E-2
34.888	5.360E-4	4.500E-2
34.896	2.880E-4	4.501E-2
34.905	2.580E-5	4.503E-2
34.913	-2.099E-4	4.502E-2
34.922	-3.935E-4	4.498E-2
34.930	-5.532E-4	4.488E-2
34.938	-6.006E-4	4.476E-2
34.947	-6.308E-4	4.465E-2
34.955	-5.178E-4	4.453E-2
34.963	-3.360E-4	4.447E-2
34.972	-1.083E-4	4.441E-2
34.980	1.388E-4	4.437E-2
34.989	3.791E-4	4.439E-2
34.997	6.033E-4	4.443E-2
35.005	7.321E-4	4.457E-2
35.014	8.045E-4	4.469E-2
35.022	7.881E-4	4.482E-2
35.030	6.810E-4	4.495E-2
35.039	5.586E-4	4.504E-2
35.047	3.197E-4	4.506E-2
35.056	8.099E-5	4.509E-2
35.064	-1.677E-4	4.505E-2
35.072	-3.550E-4	4.499E-2
35.081	-5.175E-4	4.489E-2
35.089	-6.213E-4	4.479E-2
35.098	-6.575E-4	4.464E-2
35.106	-6.103E-4	4.450E-2
35.114	-4.790E-4	4.438E-2
35.123	-2.837E-4	4.431E-2
35.131	-7.305E-5	4.430E-2
35.139	1.631E-4	4.432E-2
35.148	3.691E-4	4.437E-2
35.156	5.442E-4	4.450E-2
35.165	6.363E-4	4.465E-2
35.173	6.808E-4	4.478E-2
35.181	6.374E-4	4.493E-2
35.190	5.422E-4	4.505E-2
35.198	3.678E-4	4.515E-2
35.206	1.871E-4	4.518E-2
35.215	-1.798E-5	4.520E-2
35.223	-2.016E-4	4.512E-2
35.232	-3.588E-4	4.499E-2
35.240	-4.916E-4	4.482E-2
35.248	-5.334E-4	4.465E-2
35.257	-5.187E-4	4.447E-2
35.265	-4.008E-4	4.435E-2
35.273	-2.861E-4	4.427E-2
35.282	-9.220E-5	4.425E-2
35.290	1.240E-4	4.427E-2
35.299	3.267E-4	4.435E-2
35.307	4.558E-4	4.448E-2
35.315	5.904E-4	4.465E-2
35.324	6.533E-4	4.480E-2
35.332	6.539E-4	4.498E-2
35.340	6.109E-4	4.512E-2
35.349	4.771E-4	4.522E-2
35.357	3.215E-4	4.523E-2
35.366	1.292E-4	4.524E-2
35.374	-5.120E-5	4.519E-2
35.382	-2.018E-4	4.504E-2
35.391	-3.149E-4	4.488E-2
35.399	-3.508E-4	4.469E-2
35.407	-3.976E-4	4.453E-2
35.416	-3.624E-4	4.435E-2
35.424	-3.054E-4	4.424E-2
35.433	-1.484E-4	4.419E-2
35.441	-1.188E-5	4.417E-2
35.449	1.680E-4	4.423E-2
35.458	3.452E-4	4.439E-2
35.466	4.392E-4	4.455E-2
35.474	5.284E-4	4.475E-2
35.483	5.331E-4	4.496E-2
35.491	5.006E-4	4.514E-2
35.500	4.169E-4	4.528E-2
35.508	2.914E-4	4.532E-2
35.516	1.371E-4	4.530E-2
35.525	-3.915E-6	4.524E-2
35.533	-1.622E-4	4.510E-2
35.541	-2.877E-4	4.491E-2
35.550	-3.739E-4	4.473E-2
35.558	-4.468E-4	4.454E-2
35.567	-4.443E-4	4.434E-2
35.575	-3.780E-4	4.420E-2
35.583	-2.727E-4	4.414E-2
35.592	-1.602E-4	4.412E-2
35.600	-1.457E-5	4.418E-2
35.608	1.377E-4	4.431E-2
35.617	2.669E-4	4.451E-2
35.625	3.791E-4	4.473E-2
35.634	4.444E-4	4.495E-2
35.642	4.567E-4	4.515E-2
35.650	4.195E-4	4.531E-2
35.659	3.495E-4	4.539E-2
35.667	2.462E-4	4.542E-2
35.675	1.283E-4	4.537E-2
35.684	1.452E-6	4.526E-2
35.692	-1.095E-4	4.505E-2
35.701	-2.011E-4	4.482E-2
35.709	-2.755E-4	4.459E-2
35.717	-2.775E-4	4.438E-2
35.726	-2.743E-4	4.421E-2
35.734	-2.105E-4	4.413E-2
35.742	-1.068E-4	4.410E-2
35.751	-1.062E-6	4.413E-2
35.759	1.375E-4	4.427E-2
35.768	2.513E-4	4.448E-2
35.776	3.697E-4	4.472E-2
35.784	4.331E-4	4.496E-2
35.793	4.739E-4	4.517E-2
35.801	4.637E-4	4.534E-2
35.810	4.185E-4	4.544E-2
35.818	3.717E-4	4.545E-2
35.826	2.603E-4	4.544E-2
35.835	1.572E-4	4.529E-2
35.843	4.321E-5	4.509E-2
35.851	-6.886E-5	4.486E-2
35.860	-1.084E-4	4.461E-2
35.868	-1.577E-4	4.437E-2
35.877	-1.951E-4	4.418E-2
35.885	-2.048E-4	4.406E-2
35.893	-1.477E-4	4.403E-2
35.902	-1.041E-4	4.408E-2
35.910	3.089E-6	4.419E-2
35.918	1.278E-4	4.435E-2
35.927	2.095E-4	4.457E-2
35.935	3.224E-4	4.480E-2
35.944	3.665E-4	4.502E-2
35.952	4.049E-4	4.522E-2
35.960	4.138E-4	4.535E-2
35.969	3.961E-4	4.535E-2
35.977	3.911E-4	4.533E-2
35.985	2.621E-4	4.521E-2
35.994	1.676E-4	4.504E-2
36.002	9.532E-5	4.481E-2
36.011	-4.555E-5	4.458E-2
36.019	-8.799E-5	4.434E-2
36.027	-8.518E-5	4.415E-2
36.036	-8.784E-5	4.401E-2
36.044	-9.053E-5	4.398E-2
36.052	-5.985E-5	4.403E-2
36.061	-2.383E-5	4.413E-2
36.069	5.829E-5	4.430E-2
36.078	1.534E-4	4.454E-2
36.086	2.199E-4	4.477E-2
36.094	3.210E-4	4.500E-2
36.103	3.662E-4	4.521E-2
36.111	4.058E-4	4.535E-2
36.119	4.172E-4	4.545E-2
36.128	4.175E-4	4.546E-2
36.136	4.060E-4	4.533E-2
36.145	3.042E-4	4.516E-2
36.153	1.924E-4	4.497E-2
36.161	1.399E-4	4.475E-2
36.170	2.272E-5	4.452E-2
36.178	-4.227E-5	4.431E-2
36.186	-5.713E-5	4.415E-2
36.195	-9.707E-5	4.407E-2
36.203	-8.722E-5	4.408E-2
36.212	-6.507E-5	4.415E-2
36.220	-3.322E-5	4.432E-2
36.228	7.775E-6	4.452E-2
36.237	1.378E-4	4.476E-2
36.245	2.046E-4	4.500E-2
36.253	2.957E-4	4.522E-2
36.262	3.609E-4	4.537E-2
36.270	4.167E-4	4.548E-2
36.279	4.240E-4	4.548E-2
36.287	4.285E-4	4.541E-2
36.295	4.093E-4	4.525E-2
36.304	3.665E-4	4.504E-2
36.312	2.599E-4	4.480E-2
36.320	1.759E-4	4.457E-2
36.329	7.621E-5	4.434E-2
36.337	-2.782E-5	4.417E-2
36.346	-7.026E-5	4.407E-2
36.354	-1.068E-4	4.407E-2
36.362	-1.028E-4	4.412E-2
36.371	-7.916E-5	4.429E-2
36.379	-4.355E-5	4.449E-2
36.387	2.003E-6	4.473E-2
36.396	1.305E-4	4.497E-2
36.404	2.099E-4	4.518E-2
36.413	3.122E-4	4.535E-2
36.421	3.873E-4	4.543E-2
36.429	4.375E-4	4.545E-2
36.438	4.443E-4	4.545E-2
36.446	4.598E-4	4.526E-2
36.455	4.300E-4	4.505E-2
36.463	3.867E-4	4.483E-2
36.471	2.824E-4	4.459E-2
36.480	1.681E-4	4.436E-2
36.488	5.887E-5	4.418E-2
36.496	-6.083E-5	4.407E-2
36.505	-1.038E-4	4.406E-2
36.513	-1.677E-4	4.410E-2
36.522	-2.194E-4	4.423E-2
36.530	-2.117E-4	4.443E-2
36.538	-1.817E-4	4.467E-2
36.547	-8.798E-5	4.493E-2
36.555	2.098E-5	4.512E-2
36.563	1.516E-4	4.527E-2
36.572	2.626E-4	4.537E-2
36.580	3.705E-4	4.544E-2
36.589	4.319E-4	4.542E-2
36.597	4.760E-4	4.529E-2
36.605	4.752E-4	4.509E-2
36.614	4.290E-4	4.489E-2
36.622	3.709E-4	4.465E-2
36.630	2.507E-4	4.441E-2
36.639	1.363E-4	4.424E-2
36.647	-6.745E-6	4.413E-2
36.656	-9.640E-5	4.408E-2
36.664	-2.016E-4	4.412E-2
36.672	-2.658E-4	4.423E-2
36.681	-2.881E-4	4.439E-2
36.689	-2.716E-4	4.457E-2
36.697	-2.114E-4	4.479E-2
36.706	-7.527E-5	4.498E-2
36.714	6.552E-5	4.517E-2
36.723	1.766E-4	4.528E-2
36.731	3.419E-4	4.532E-2
36.739	4.157E-4	4.529E-2
36.748	4.909E-4	4.520E-2
36.756	5.424E-4	4.503E-2
36.764	5.048E-4	4.485E-2
36.773	4.278E-4	4.466E-2
36.781	3.345E-4	4.445E-2
36.790	1.742E-4	4.430E-2
36.798	2.829E-5	4.418E-2
36.806	-1.201E-4	4.411E-2
36.815	-2.662E-4	4.412E-2
36.823	-3.650E-4	4.420E-2
36.831	-4.411E-4	4.435E-2
36.840	-4.487E-4	4.453E-2
36.848	-4.209E-4	4.474E-2
36.857	-2.970E-4	4.493E-2
36.865	-1.811E-4	4.508E-2
36.873	-1.148E-5	4.521E-2
36.882	1.565E-4	4.526E-2
36.890	2.948E-4	4.525E-2
36.898	4.219E-4	4.520E-2
36.907	4.970E-4	4.506E-2
36.915	4.984E-4	4.489E-2
36.924	4.667E-4	4.475E-2
36.932	3.866E-4	4.457E-2
36.940	2.456E-4	4.441E-2
36.949	8.353E-5	4.429E-2
36.957	-9.638E-5	4.424E-2
36.965	-2.402E-4	4.426E-2
36.974	-3.515E-4	4.432E-2
36.982	-4.727E-4	4.443E-2
36.991	-5.034E-4	4.459E-2
36.999	-4.910E-4	4.477E-2
37.007	-4.026E-4	4.495E-2
37.016	-2.727E-4	4.507E-2
37.024	-8.944E-5	4.519E-2
37.032	9.824E-5	4.525E-2
37.041	2.488E-4	4.525E-2
37.049	4.156E-4	4.522E-2
37.058	5.207E-4	4.509E-2
37.066	5.823E-4	4.495E-2
37.074	5.975E-4	4.480E-2
37.083	5.400E-4	4.463E-2
37.091	3.940E-4	4.449E-2
37.099	2.235E-4	4.438E-2
37.108	3.894E-5	4.432E-2
37.116	-1.574E-4	4.431E-2
37.125	-3.299E-4	4.435E-2
37.133	-4.316E-4	4.444E-2
37.141	-5.102E-4	4.457E-2
37.150	-5.113E-4	4.474E-2
37.158	-4.442E-4	4.486E-2
37.167	-3.193E-4	4.499E-2
37.175	-1.438E-4	4.507E-2
37.183	1.793E-5	4.513E-2
37.192	2.111E-4	4.517E-2
37.200	3.994E-4	4.518E-2
37.208	5.589E-4	4.506E-2
37.217	6.355E-4	4.496E-2
37.225	6.636E-4	4.482E-2
37.234	6.254E-4	4.470E-2
37.242	5.156E-4	4.458E-2
37.250	3.478E-4	4.450E-2
37.259	1.662E-4	4.446E-2
37.267	-4.140E-5	4.447E-2
37.275	-2.293E-4	4.451E-2
37.284	-3.659E-4	4.456E-2
37.292	-5.084E-4	4.465E-2
37.301	-5.438E-4	4.476E-2
37.309	-5.279E-4	4.486E-2
37.317	-3.717E-4	4.498E-2
37.326	-2.352E-4	4.504E-2
37.334	-5.352E-5	4.507E-2
37.342	1.701E-4	4.506E-2
37.351	3.835E-4	4.503E-2
37.359	5.904E-4	4.499E-2
37.368	7.000E-4	4.491E-2
37.376	7.658E-4	4.481E-2
37.384	7.231E-4	4.472E-2
37.393	6.241E-4	4.462E-2
37.401	4.756E-4	4.454E-2
37.409	2.713E-4	4.453E-2
37.418	4.178E-5	4.450E-2
37.426	-1.825E-4	4.452E-2
37.435	-3.651E-4	4.456E-2
37.443	-5.278E-4	4.462E-2
37.451	-5.882E-4	4.473E-2
37.460	-6.229E-4	4.481E-2
37.468	-5.478E-4	4.488E-2
37.476	-3.894E-4	4.494E-2
37.485	-2.264E-4	4.499E-2
37.493	4.123E-6	4.500E-2
37.502	2.259E-4	4.500E-2
37.510	4.412E-4	4.499E-2
37.518	5.981E-4	4.489E-2
37.527	7.032E-4	4.484E-2
37.535	7.061E-4	4.476E-2
37.543	6.497E-4	4.470E-2
37.552	5.226E-4	4.464E-2
37.560	3.044E-4	4.460E-2
37.569	6.253E-5	4.458E-2
37.577	-1.861E-4	4.457E-2
37.585	-3.862E-4	4.459E-2
37.594	-5.478E-4	4.463E-2
37.602	-6.651E-4	4.468E-2
37.610	-6.951E-4	4.476E-2
37.619	-6.616E-4	4.479E-2
37.627	-5.028E-4	4.485E-2
37.636	-3.079E-4	4.486E-2
37.644	-8.026E-5	4.484E-2
37.652	1.701E-4	4.483E-2
37.661	3.974E-4	4.480E-2
37.669	5.952E-4	4.477E-2
37.677	7.260E-4	4.472E-2
37.686	7.647E-4	4.470E-2
37.694	7.121E-4	4.466E-2
37.703	6.079E-4	4.466E-2
37.711	4.331E-4	4.462E-2
37.719	2.151E-4	4.460E-2
37.728	-1.797E-5	4.460E-2
37.736	-2.352E-4	4.462E-2
37.744	-4.182E-4	4.463E-2
37.753	-5.671E-4	4.465E-2
37.761	-6.194E-4	4.465E-2
37.770	-6.326E-4	4.464E-2
37.778	-5.229E-4	4.465E-2
37.786	-3.291E-4	4.465E-2
37.795	-1.157E-4	4.462E-2
37.803	1.368E-4	4.460E-2
37.811	3.812E-4	4.458E-2
37.820	6.108E-4	4.458E-2
37.828	7.462E-4	4.454E-2
37.837	8.157E-4	4.455E-2
37.845	8.408E-4	4.454E-2
37.853	7.546E-4	4.455E-2
37.862	6.024E-4	4.455E-2
37.870	3.943E-4	4.456E-2
37.879	1.715E-4	4.456E-2
37.887	-5.583E-5	4.461E-2
37.895	-2.671E-4	4.461E-2
37.904	-4.319E-4	4.461E-2
37.912	-5.266E-4	4.460E-2
37.920	-5.268E-4	4.460E-2
37.929	-4.880E-4	4.459E-2
37.937	-3.038E-4	4.458E-2
37.946	-1.013E-4	4.456E-2
37.954	1.339E-4	4.455E-2
37.962	3.752E-4	4.454E-2
37.971	6.061E-4	4.455E-2
37.979	7.594E-4	4.455E-2
37.987	8.556E-4	4.455E-2
37.996	8.801E-4	4.457E-2
38.004	8.436E-4	4.457E-2
38.013	7.000E-4	4.462E-2
38.021	5.033E-4	4.463E-2
38.029	2.588E-4	4.462E-2
38.038	8.751E-6	4.467E-2
38.046	-2.131E-4	4.472E-2
38.054	-3.631E-4	4.473E-2
38.063	-5.291E-4	4.473E-2
38.071	-5.529E-4	4.471E-2
38.080	-5.359E-4	4.472E-2
38.088	-3.633E-4	4.467E-2
38.096	-2.442E-4	4.464E-2
38.105	-4.348E-5	4.458E-2
38.113	1.874E-4	4.456E-2
38.121	4.141E-4	4.456E-2
38.130	6.165E-4	4.456E-2
38.138	7.411E-4	4.459E-2
38.147	8.089E-4	4.463E-2
38.155	7.493E-4	4.467E-2
38.163	6.415E-4	4.476E-2
38.172	4.796E-4	4.482E-2
38.180	2.678E-4	4.482E-2
38.188	3.718E-5	4.486E-2
38.197	-1.914E-4	4.485E-2
38.205	-3.758E-4	4.482E-2
38.214	-5.306E-4	4.477E-2
38.222	-6.072E-4	4.472E-2
38.230	-6.267E-4	4.468E-2
38.239	-5.402E-4	4.461E-2
38.247	-3.930E-4	4.454E-2
38.255	-2.154E-4	4.450E-2
38.264	2.188E-6	4.449E-2
38.272	2.195E-4	4.450E-2
38.281	4.160E-4	4.452E-2
38.289	5.754E-4	4.457E-2
38.297	6.462E-4	4.467E-2
38.306	6.645E-4	4.477E-2
38.314	6.187E-4	4.485E-2
38.322	4.887E-4	4.492E-2
38.331	2.941E-4	4.500E-2
38.339	7.340E-5	4.501E-2
38.348	-1.547E-4	4.502E-2
38.356	-3.343E-4	4.500E-2
38.364	-4.721E-4	4.496E-2
38.373	-5.629E-4	4.485E-2
38.381	-5.700E-4	4.475E-2
38.389	-5.405E-4	4.464E-2
38.398	-3.638E-4	4.455E-2
38.406	-2.343E-4	4.450E-2
38.415	-4.807E-5	4.448E-2
38.423	1.704E-4	4.449E-2
38.431	3.776E-4	4.454E-2
38.440	5.632E-4	4.458E-2
38.448	6.364E-4	4.469E-2
38.456	6.842E-4	4.480E-2
38.465	6.525E-4	4.492E-2
38.473	5.865E-4	4.503E-2
38.482	4.236E-4	4.506E-2
38.490	2.375E-4	4.505E-2
38.498	4.039E-5	4.508E-2
38.507	-1.472E-4	4.503E-2
38.515	-3.238E-4	4.498E-2
38.523	-4.193E-4	4.488E-2
38.532	-4.894E-4	4.474E-2
38.540	-4.848E-4	4.461E-2
38.549	-3.933E-4	4.450E-2
38.557	-2.805E-4	4.443E-2
38.565	-9.495E-5	4.435E-2
38.574	1.164E-4	4.434E-2
38.582	3.121E-4	4.436E-2
38.591	4.519E-4	4.443E-2
38.599	5.897E-4	4.457E-2
38.607	6.531E-4	4.471E-2
38.616	6.582E-4	4.484E-2
38.624	6.181E-4	4.497E-2
38.632	4.965E-4	4.506E-2
38.641	3.384E-4	4.510E-2
38.649	1.402E-4	4.509E-2
38.658	-4.708E-5	4.506E-2
38.666	-1.962E-4	4.498E-2
38.674	-3.119E-4	4.486E-2
38.683	-3.481E-4	4.472E-2
38.691	-4.129E-4	4.457E-2
38.699	-4.131E-4	4.443E-2
38.708	-3.016E-4	4.434E-2
38.716	-1.637E-4	4.429E-2
38.725	-1.587E-5	4.429E-2
38.733	1.647E-4	4.432E-2
38.741	3.393E-4	4.440E-2
38.750	4.415E-4	4.452E-2
38.758	5.280E-4	4.469E-2
38.766	5.409E-4	4.485E-2
38.775	4.975E-4	4.498E-2
38.783	4.235E-4	4.509E-2
38.792	2.850E-4	4.518E-2
38.800	1.364E-4	4.520E-2
38.808	-1.292E-5	4.520E-2
38.817	-1.760E-4	4.509E-2
38.825	-2.890E-4	4.497E-2
38.833	-3.857E-4	4.480E-2
38.842	-4.435E-4	4.462E-2
38.850	-4.473E-4	4.447E-2
38.859	-3.942E-4	4.435E-2
38.867	-2.722E-4	4.428E-2
38.875	-1.463E-4	4.425E-2
38.884	-9.013E-6	4.430E-2
38.892	1.488E-4	4.436E-2
38.900	2.776E-4	4.451E-2
38.909	3.951E-4	4.468E-2
38.917	4.527E-4	4.486E-2
38.926	4.608E-4	4.502E-2
38.934	4.223E-4	4.515E-2
38.942	3.359E-4	4.527E-2
38.951	1.945E-4	4.526E-2
38.959	4.838E-5	4.526E-2
38.967	-8.446E-5	4.518E-2
38.976	-1.979E-4	4.504E-2
38.984	-2.898E-4	4.486E-2
38.993	-3.383E-4	4.468E-2
39.001	-3.289E-4	4.452E-2
39.009	-3.068E-4	4.436E-2
39.018	-2.058E-4	4.426E-2
39.026	-1.070E-4	4.422E-2
39.034	1.215E-5	4.427E-2
39.043	1.493E-4	4.435E-2
39.051	2.822E-4	4.449E-2
39.060	3.825E-4	4.468E-2
39.068	4.460E-4	4.487E-2
39.076	4.723E-4	4.503E-2
39.085	4.547E-4	4.521E-2
39.093	4.035E-4	4.530E-2
39.101	3.477E-4	4.533E-2
39.110	2.236E-4	4.530E-2
39.118	1.315E-4	4.522E-2
39.127	-3.049E-6	4.507E-2
39.135	-9.645E-5	4.490E-2
39.143	-1.270E-4	4.474E-2
39.152	-2.206E-4	4.455E-2
39.160	-2.286E-4	4.436E-2
39.168	-1.901E-4	4.425E-2
39.177	-1.237E-4	4.418E-2
39.185	-7.430E-5	4.415E-2
39.194	4.194E-5	4.423E-2
39.202	1.481E-4	4.437E-2
39.210	2.510E-4	4.455E-2
39.219	3.327E-4	4.476E-2
39.227	3.655E-4	4.497E-2
39.235	3.976E-4	4.515E-2
39.244	3.937E-4	4.528E-2
39.252	3.641E-4	4.534E-2
39.261	3.008E-4	4.531E-2
39.269	1.828E-4	4.525E-2
39.277	1.099E-4	4.511E-2
39.286	-3.287E-5	4.492E-2
39.294	-9.478E-5	4.474E-2
39.303	-1.252E-4	4.454E-2
39.311	-1.915E-4	4.435E-2
39.319	-2.068E-4	4.422E-2
39.328	-1.901E-4	4.415E-2
39.336	-1.450E-4	4.412E-2
39.344	-8.597E-5	4.417E-2
39.353	1.730E-5	4.430E-2
39.361	1.152E-4	4.449E-2
39.370	1.580E-4	4.472E-2
39.378	2.435E-4	4.494E-2
39.386	2.864E-4	4.512E-2
39.395	2.774E-4	4.525E-2
39.403	2.592E-4	4.532E-2
39.411	2.198E-4	4.531E-2
39.420	2.050E-4	4.528E-2
39.428	1.170E-4	4.513E-2
39.437	4.532E-5	4.498E-2
39.445	-4.448E-5	4.479E-2
39.453	-1.120E-4	4.457E-2
39.462	-1.407E-4	4.437E-2
39.470	-1.713E-4	4.421E-2
39.478	-2.035E-4	4.412E-2
39.487	-2.059E-4	4.410E-2
39.495	-1.804E-4	4.414E-2
39.504	-1.218E-4	4.427E-2
39.512	-5.647E-5	4.446E-2
39.520	1.727E-5	4.469E-2
39.529	1.068E-4	4.493E-2
39.537	1.578E-4	4.510E-2
39.545	2.162E-4	4.525E-2
39.554	2.346E-4	4.535E-2
39.562	2.342E-4	4.535E-2
39.571	2.305E-4	4.538E-2
39.579	1.929E-4	4.525E-2
39.587	1.267E-4	4.506E-2
39.596	6.221E-5	4.485E-2
39.604	-2.231E-5	4.462E-2
39.612	-8.876E-5	4.441E-2
39.621	-1.056E-4	4.423E-2
39.629	-1.022E-4	4.413E-2
39.638	-1.212E-4	4.410E-2
39.646	-1.511E-4	4.411E-2
39.654	-1.486E-4	4.423E-2
39.663	-1.088E-4	4.441E-2
39.671	-2.729E-5	4.459E-2
39.679	6.129E-5	4.480E-2
39.688	1.340E-4	4.500E-2
39.696	2.118E-4	4.518E-2
39.705	2.380E-4	4.529E-2
39.713	2.967E-4	4.533E-2
39.721	2.805E-4	4.530E-2
39.730	2.711E-4	4.520E-2
39.738	2.262E-4	4.503E-2
39.746	1.709E-4	4.484E-2
39.755	1.250E-4	4.461E-2
39.763	4.787E-5	4.440E-2
39.772	-5.463E-5	4.422E-2
39.780	-8.311E-5	4.412E-2
39.788	-1.319E-4	4.407E-2
39.797	-1.914E-4	4.408E-2
39.805	-2.077E-4	4.418E-2
39.813	-1.947E-4	4.432E-2
39.822	-1.629E-4	4.451E-2
39.830	-1.022E-4	4.474E-2
39.839	6.641E-6	4.495E-2
39.847	1.036E-4	4.514E-2
39.855	1.729E-4	4.527E-2
39.864	2.429E-4	4.531E-2
39.872	2.750E-4	4.529E-2
39.880	2.660E-4	4.521E-2
39.889	2.607E-4	4.507E-2
39.897	2.304E-4	4.488E-2
39.906	1.837E-4	4.468E-2
39.914	9.931E-5	4.449E-2
39.922	-1.605E-5	4.432E-2
39.931	-1.033E-4	4.420E-2
39.939	-1.697E-4	4.415E-2
39.947	-2.404E-4	4.414E-2
39.956	-2.675E-4	4.420E-2
39.964	-2.634E-4	4.435E-2
39.973	-2.377E-4	4.453E-2
39.981	-2.068E-4	4.475E-2
39.989	-1.016E-4	4.495E-2
39.998	1.236E-5	4.512E-2
40.006	1.244E-4	4.524E-2
40.015	2.337E-4	4.529E-2
40.023	3.087E-4	4.528E-2
40.031	3.274E-4	4.523E-2
40.040	3.306E-4	4.510E-2
40.048	3.126E-4	4.492E-2
40.056	2.434E-4	4.476E-2
40.065	1.883E-4	4.456E-2
40.073	9.063E-5	4.438E-2
40.082	-3.894E-5	4.426E-2
40.090	-1.659E-4	4.419E-2
40.098	-2.555E-4	4.415E-2
40.107	-2.931E-4	4.420E-2
40.115	-3.287E-4	4.434E-2
40.123	-3.090E-4	4.450E-2
40.132	-2.552E-4	4.470E-2
40.140	-1.900E-4	4.489E-2
40.149	-9.238E-5	4.506E-2
40.157	5.183E-5	4.520E-2
40.165	1.633E-4	4.527E-2
40.174	2.777E-4	4.528E-2
40.182	3.698E-4	4.526E-2
40.190	4.264E-4	4.513E-2
40.199	4.527E-4	4.500E-2
40.207	4.300E-4	4.481E-2
40.216	3.732E-4	4.464E-2
40.224	2.720E-4	4.447E-2
40.232	1.425E-4	4.435E-2
40.241	1.099E-5	4.428E-2
40.249	-1.045E-4	4.426E-2
40.257	-2.053E-4	4.431E-2
40.266	-2.700E-4	4.439E-2
40.274	-3.065E-4	4.452E-2
40.283	-2.830E-4	4.469E-2
40.291	-2.222E-4	4.486E-2
40.299	-1.002E-4	4.502E-2
40.308	6.456E-6	4.514E-2
40.316	1.594E-4	4.524E-2
40.324	3.184E-4	4.525E-2
40.333	4.072E-4	4.524E-2
40.341	5.034E-4	4.515E-2
40.350	5.506E-4	4.503E-2
40.358	5.214E-4	4.487E-2
40.366	4.507E-4	4.470E-2
40.375	3.635E-4	4.456E-2
40.383	2.343E-4	4.443E-2
40.391	9.686E-5	4.437E-2
40.400	-8.392E-5	4.433E-2
40.408	-1.959E-4	4.434E-2
40.417	-3.087E-4	4.440E-2
40.425	-3.377E-4	4.452E-2
40.433	-3.254E-4	4.468E-2
40.442	-3.038E-4	4.483E-2
40.450	-1.928E-4	4.498E-2
40.458	-7.101E-5	4.508E-2
40.467	1.142E-4	4.515E-2
40.475	2.188E-4	4.522E-2
40.484	3.768E-4	4.521E-2
40.492		4.513E-2
40.500		4.504E-2
40.509		4.491E-2
40.517		4.480E-2
40.525		4.464E-2
40.534		4.452E-2
40.542		4.445E-2
40.551		4.447E-2
40.559		4.447E-2
40.567		4.454E-2
40.576		4.461E-2
40.584		4.474E-2
40.592		4.485E-2
40.601		4.498E-2
40.609		4.507E-2
40.618		4.511E-2
40.626		4.513E-2
40.634		4.516E-2
40.643		4.515E-2
40.651		4.505E-2
40.660		4.494E-2
40.668		4.482E-2
40.676		4.471E-2
40.685		4.460E-2
40.693		4.454E-2
40.701		4.453E-2
40.710		4.453E-2
40.718		4.456E-2
40.727		4.460E-2
40.735		4.471E-2
40.743		4.482E-2
40.752		4.493E-2
40.760		4.502E-2
40.768		4.506E-2
40.777		4.507E-2
40.785		4.505E-2
40.794		4.502E-2
40.802		4.498E-2
40.810		4.486E-2
40.819		4.477E-2
40.827		4.468E-2
40.835		4.459E-2
40.844		4.454E-2
40.852		4.454E-2
40.861		4.453E-2
40.869		4.455E-2
40.877		4.459E-2
40.886		4.468E-2
40.894		4.478E-2
40.902		4.484E-2
40.911		4.490E-2
40.919		4.499E-2
40.928		4.500E-2
40.936		4.501E-2
40.944		4.499E-2
40.953		4.499E-2
40.961		4.486E-2
40.969		4.479E-2
40.978		4.473E-2
40.986		4.467E-2
40.995		4.463E-2
41.003		4.461E-2
41.011		4.459E-2
41.020		4.459E-2
41.028		4.462E-2
41.036		4.467E-2
41.045		4.476E-2
41.053		4.480E-2
41.062		4.480E-2
41.070		4.486E-2
41.078		4.486E-2
41.087		4.484E-2
41.095		4.481E-2
41.103		4.477E-2
41.112		4.477E-2
41.120		4.471E-2
41.129		4.468E-2
41.137		4.468E-2
41.145		4.469E-2
41.154		4.470E-2
41.162		4.472E-2
41.170		4.474E-2
41.179		4.479E-2
41.187		4.480E-2
41.196		4.482E-2
41.204		4.483E-2
41.212		4.481E-2
41.221		4.482E-2
41.229		4.482E-2
41.237		4.480E-2
41.246		4.478E-2
41.254		4.477E-2
41.263		4.476E-2
41.271		4.474E-2
41.279		4.474E-2
41.288		4.474E-2
41.296		4.475E-2
41.304		4.476E-2
41.313		4.476E-2
41.321		4.477E-2
41.330		4.481E-2
41.338		4.480E-2
41.346		4.480E-2
41.355		4.480E-2
41.363		4.480E-2
41.372		4.479E-2
41.380		4.477E-2
41.388		4.476E-2
41.397		4.475E-2
41.405		4.474E-2
41.413		4.475E-2
41.422		4.475E-2
41.430		4.475E-2
41.439		4.477E-2
41.447		4.477E-2
41.455		4.481E-2
41.464		4.482E-2
41.472		4.481E-2
41.480		4.484E-2
41.489		4.483E-2
41.497		4.481E-2
41.506		4.479E-2
41.514		4.477E-2
41.522		4.476E-2
41.531		4.471E-2
41.539		4.468E-2
41.547		4.466E-2
41.556		4.469E-2
41.564		4.471E-2
41.573		4.473E-2
41.581		4.478E-2
41.589		4.481E-2
41.598		4.483E-2
41.606		4.487E-2
41.614		4.490E-2
41.623		4.494E-2
41.631		4.499E-2
41.640		4.499E-2
41.648		4.498E-2
41.656		4.493E-2
41.665		4.488E-2
41.673		4.481E-2
41.681		4.473E-2
41.690		4.468E-2
41.698		4.465E-2
41.707		4.460E-2
41.715		4.459E-2
41.723		4.458E-2
41.732		4.463E-2
41.740		4.472E-2
41.748		4.480E-2
41.757		4.486E-2
41.765		4.492E-2
41.774		4.499E-2
41.782		4.499E-2
41.790		4.500E-2
41.799		4.497E-2
41.807		4.492E-2
41.815		4.484E-2
41.824		4.474E-2
41.832		4.466E-2
41.841		4.460E-2
41.849		4.454E-2
41.857		4.453E-2
41.866		4.454E-2
41.874		4.457E-2
41.882		4.461E-2
41.891		4.473E-2
41.899		4.482E-2
41.908		4.492E-2
41.916		4.501E-2
41.924		4.505E-2
41.933		4.504E-2
41.941		4.503E-2
41.949		4.500E-2
41.958		4.495E-2
41.966		4.484E-2
41.975		4.473E-2
41.983		4.461E-2
41.991		4.452E-2
42.000		4.448E-2
42.008		4.444E-2
42.016		4.449E-2
42.025		4.454E-2
42.033		4.460E-2
42.042		4.473E-2
42.050		4.483E-2
42.058		4.496E-2
42.067		4.504E-2
42.075		4.509E-2
42.084		4.508E-2
42.092		4.507E-2
42.100		4.502E-2
42.109		4.497E-2
42.117		4.484E-2
42.125		4.472E-2
42.134		4.459E-2
42.142		4.448E-2
42.151		4.439E-2
42.159		4.433E-2
42.167		4.433E-2
42.176		4.438E-2
42.184		4.448E-2
42.192		4.461E-2
42.201		4.474E-2
42.209		4.488E-2
42.218		4.498E-2
42.226		4.508E-2
42.234		4.513E-2
42.243		4.516E-2
42.251		4.511E-2
42.259		4.500E-2
42.268		4.488E-2
42.276		4.472E-2
42.285		4.458E-2
42.293		4.445E-2
42.301		4.436E-2
42.310		4.431E-2
42.318		4.430E-2
42.326		4.434E-2
42.335		4.445E-2
42.343		4.458E-2
42.352		4.475E-2
42.360		4.492E-2
42.368		4.504E-2
42.377		4.516E-2
42.385		4.524E-2
42.393		4.524E-2
42.402		4.522E-2
42.410		4.509E-2
42.419		4.497E-2
42.427		4.480E-2
42.435		4.462E-2
42.444		4.448E-2
42.452		4.436E-2
42.460		4.430E-2
42.469		4.429E-2
42.477		4.432E-2
42.486		4.441E-2
42.494		4.453E-2
42.502		4.472E-2
42.511		4.488E-2
42.519		4.501E-2
42.527		4.515E-2
42.536		4.525E-2
42.544		4.526E-2
42.553		4.525E-2
42.561		4.514E-2
42.569		4.501E-2
42.578		4.483E-2
42.586		4.465E-2
42.594		4.447E-2
42.603		4.435E-2
42.611		4.425E-2
42.620		4.425E-2
42.628		4.429E-2
42.636		4.437E-2
42.645		4.450E-2
42.653		4.469E-2
42.661		4.487E-2
42.670		4.503E-2
42.678		4.517E-2
42.687		4.527E-2
42.695		4.529E-2
42.703		4.528E-2
42.712		4.518E-2
42.720		4.504E-2
42.728		4.486E-2
42.737		4.467E-2
