#multi:
	mass A	mass B	
t	x	x	
0.000	-4.464E-3	4.470E-2
0.008	-4.498E-3	4.472E-2
0.017	-4.447E-3	4.473E-2
0.025	-4.378E-3	4.474E-2
0.034	-4.300E-3	4.473E-2
0.042	-4.165E-3	4.473E-2
0.050	-4.040E-3	4.473E-2
0.059	-3.815E-3	4.473E-2
0.067	-3.544E-3	4.472E-2
0.076	-3.139E-3	4.472E-2
0.084	-2.582E-3	4.472E-2
0.092	-1.743E-3	4.472E-2
0.101	-7.629E-4	4.472E-2
0.109	3.767E-4	4.472E-2
0.117	1.404E-3	4.477E-2
0.126	2.243E-3	4.482E-2
0.134	2.879E-3	4.492E-2
0.143	3.066E-3	4.499E-2
0.151	2.813E-3	4.507E-2
0.159	2.135E-3	4.515E-2
0.168	1.134E-3	4.520E-2
0.176	1.187E-4	4.520E-2
0.185	-9.955E-4	4.519E-2
0.193	-1.960E-3	4.513E-2
0.201	-2.690E-3	4.502E-2
0.210	-3.176E-3	4.490E-2
0.218	-3.377E-3	4.475E-2
0.227	-3.163E-3	4.460E-2
0.235	-2.798E-3	4.449E-2
0.243	-2.139E-3	4.441E-2
0.252	-1.209E-3	4.438E-2
0.260	-1.456E-4	4.440E-2
0.268	8.964E-4	4.449E-2
0.277	1.888E-3	4.463E-2
0.285	2.512E-3	4.480E-2
0.294	2.889E-3	4.499E-2
0.302	2.868E-3	4.519E-2
0.310	2.408E-3	4.539E-2
0.319	1.629E-3	4.556E-2
0.327	5.982E-4	4.563E-2
0.336	-4.052E-4	4.564E-2
0.344	-1.408E-3	4.556E-2
0.352	-2.296E-3	4.539E-2
0.361	-2.910E-3	4.515E-2
0.369	-3.172E-3	4.489E-2
0.378	-3.159E-3	4.461E-2
0.386	-2.900E-3	4.437E-2
0.394	-2.341E-3	4.420E-2
0.403	-1.558E-3	4.405E-2
0.411	-5.594E-4	4.404E-2
0.419	4.468E-4	4.409E-2
0.428	1.375E-3	4.427E-2
0.436	2.205E-3	4.454E-2
0.445	2.674E-3	4.487E-2
0.453	2.851E-3	4.521E-2
0.461	2.614E-3	4.555E-2
0.470	1.980E-3	4.582E-2
0.478	1.111E-3	4.599E-2
0.487	1.241E-4	4.605E-2
0.495	-8.828E-4	4.596E-2
0.503	-1.742E-3	4.572E-2
0.512	-2.453E-3	4.539E-2
0.520	-2.901E-3	4.500E-2
0.529	-3.042E-3	4.457E-2
0.537	-2.900E-3	4.418E-2
0.545	-2.493E-3	4.387E-2
0.554	-1.861E-3	4.364E-2
0.562	-1.034E-3	4.356E-2
0.570	-8.319E-5	4.363E-2
0.579	8.799E-4	4.383E-2
0.587	1.731E-3	4.419E-2
0.596	2.337E-3	4.462E-2
0.604	2.635E-3	4.511E-2
0.612	2.538E-3	4.558E-2
0.621	2.162E-3	4.595E-2
0.629	1.447E-3	4.620E-2
0.638	5.245E-4	4.631E-2
0.646	-3.633E-4	4.626E-2
0.654	-1.263E-3	4.604E-2
0.663	-2.005E-3	4.567E-2
0.671	-2.510E-3	4.518E-2
0.680	-2.870E-3	4.466E-2
0.688	-2.873E-3	4.414E-2
0.696	-2.593E-3	4.374E-2
0.705	-2.107E-3	4.344E-2
0.713	-1.414E-3	4.331E-2
0.721	-5.399E-4	4.332E-2
0.730	3.590E-4	4.358E-2
0.738	1.223E-3	4.398E-2
0.747	1.934E-3	4.448E-2
0.755	2.323E-3	4.503E-2
0.763	2.421E-3	4.559E-2
0.772	2.205E-3	4.610E-2
0.780	1.710E-3	4.647E-2
0.789	9.894E-4	4.666E-2
0.797	1.347E-4	4.662E-2
0.805	-7.314E-4	4.638E-2
0.814	-1.486E-3	4.596E-2
0.822	-2.133E-3	4.541E-2
0.831	-2.484E-3	4.477E-2
0.839	-2.643E-3	4.414E-2
0.847	-2.489E-3	4.361E-2
0.856	-2.153E-3	4.319E-2
0.864	-1.561E-3	4.294E-2
0.872	-8.519E-4	4.291E-2
0.881	-2.090E-5	4.311E-2
0.889	7.915E-4	4.353E-2
0.898	1.495E-3	4.410E-2
0.906	2.009E-3	4.474E-2
0.914	2.234E-3	4.543E-2
0.923	2.208E-3	4.603E-2
0.931	1.898E-3	4.653E-2
0.940	1.284E-3	4.681E-2
0.948	5.828E-4	4.685E-2
0.956	-1.799E-4	4.665E-2
0.965	-9.929E-4	4.623E-2
0.973	-1.586E-3	4.566E-2
0.982	-2.122E-3	4.495E-2
0.990	-2.418E-3	4.423E-2
0.998	-2.423E-3	4.357E-2
1.007	-2.203E-3	4.306E-2
1.015	-1.787E-3	4.275E-2
1.023	-1.224E-3	4.270E-2
1.032	-5.249E-4	4.285E-2
1.040	1.809E-4	4.326E-2
1.049	8.813E-4	4.386E-2
1.057	1.471E-3	4.457E-2
1.065	1.822E-3	4.528E-2
1.074	1.955E-3	4.603E-2
1.082	1.796E-3	4.663E-2
1.091	1.467E-3	4.700E-2
1.099	8.789E-4	4.713E-2
1.107	1.983E-4	4.698E-2
1.116	-4.630E-4	4.658E-2
1.124	-1.103E-3	4.599E-2
1.133	-1.687E-3	4.523E-2
1.141	-2.037E-3	4.443E-2
1.149	-2.218E-3	4.369E-2
1.158	-2.172E-3	4.308E-2
1.166	-1.899E-3	4.267E-2
1.174	-1.505E-3	4.248E-2
1.183	-9.641E-4	4.258E-2
1.191	-3.069E-4	4.295E-2
1.200	3.359E-4	4.356E-2
1.208	9.033E-4	4.431E-2
1.216	1.349E-3	4.512E-2
1.225	1.594E-3	4.593E-2
1.233	1.664E-3	4.659E-2
1.242	1.462E-3	4.707E-2
1.250	1.068E-3	4.728E-2
1.258	5.894E-4	4.721E-2
1.267	1.714E-5	4.686E-2
1.275	-6.006E-4	4.627E-2
1.284	-1.100E-3	4.550E-2
1.292	-1.536E-3	4.465E-2
1.300	-1.781E-3	4.380E-2
1.309	-1.883E-3	4.308E-2
1.317	-1.797E-3	4.258E-2
1.326	-1.526E-3	4.235E-2
1.334	-1.140E-3	4.240E-2
1.342	-6.668E-4	4.273E-2
1.351	-1.200E-4	4.332E-2
1.359	4.250E-4	4.412E-2
1.367	8.767E-4	4.497E-2
1.376	1.265E-3	4.580E-2
1.384	1.483E-3	4.657E-2
1.393	1.496E-3	4.713E-2
1.401	1.304E-3	4.747E-2
1.409	9.645E-4	4.748E-2
1.418	4.753E-4	4.719E-2
1.426	-5.951E-5	4.663E-2
1.435	-5.832E-4	4.586E-2
1.443	-1.041E-3	4.497E-2
1.451	-1.404E-3	4.407E-2
1.460	-1.656E-3	4.325E-2
1.468	-1.717E-3	4.267E-2
1.477	-1.643E-3	4.233E-2
1.485	-1.447E-3	4.230E-2
1.493	-1.061E-3	4.257E-2
1.502	-5.906E-4	4.312E-2
1.510	-1.107E-4	4.385E-2
1.518	3.742E-4	4.472E-2
1.527	8.061E-4	4.559E-2
1.535	1.086E-3	4.643E-2
1.544	1.287E-3	4.706E-2
1.552	1.290E-3	4.746E-2
1.560	1.135E-3	4.755E-2
1.569	8.245E-4	4.731E-2
1.577	4.076E-4	4.679E-2
1.586	-4.216E-5	4.607E-2
1.594	-5.196E-4	4.520E-2
1.602	-9.628E-4	4.426E-2
1.611	-1.289E-3	4.338E-2
1.619	-1.509E-3	4.271E-2
1.628	-1.553E-3	4.228E-2
1.636	-1.498E-3	4.219E-2
1.644	-1.290E-3	4.237E-2
1.653	-1.007E-3	4.284E-2
1.661	-5.659E-4	4.358E-2
1.669	-1.249E-4	4.443E-2
1.678	3.407E-4	4.533E-2
1.686	7.584E-4	4.619E-2
1.695	1.058E-3	4.688E-2
1.703	1.265E-3	4.735E-2
1.711	1.287E-3	4.752E-2
1.720	1.135E-3	4.737E-2
1.728	8.694E-4	4.698E-2
1.737	5.341E-4	4.630E-2
1.745	1.159E-4	4.547E-2
1.753	-3.361E-4	4.452E-2
1.762	-7.814E-4	4.361E-2
1.770	-1.115E-3	4.286E-2
1.779	-1.336E-3	4.238E-2
1.787	-1.502E-3	4.217E-2
1.795	-1.491E-3	4.227E-2
1.804	-1.298E-3	4.268E-2
1.812	-1.027E-3	4.335E-2
1.820	-6.060E-4	4.417E-2
1.829	-1.539E-4	4.507E-2
1.837	2.859E-4	4.597E-2
1.846	6.430E-4	4.670E-2
1.854	1.016E-3	4.728E-2
1.862	1.241E-3	4.753E-2
1.871	1.299E-3	4.747E-2
1.879	1.227E-3	4.710E-2
1.888	1.003E-3	4.650E-2
1.896	6.353E-4	4.570E-2
1.904	1.724E-4	4.478E-2
1.913	-2.930E-4	4.385E-2
1.921	-7.543E-4	4.307E-2
1.930	-1.103E-3	4.251E-2
1.938	-1.416E-3	4.227E-2
1.946	-1.537E-3	4.232E-2
1.955	-1.524E-3	4.263E-2
1.963	-1.341E-3	4.322E-2
1.971	-1.090E-3	4.403E-2
1.980	-7.365E-4	4.488E-2
1.988	-2.834E-4	4.575E-2
1.997	1.776E-4	4.655E-2
2.005	6.160E-4	4.711E-2
2.013	1.032E-3	4.744E-2
2.022	1.277E-3	4.748E-2
2.030	1.350E-3	4.720E-2
2.039	1.282E-3	4.668E-2
2.047	1.035E-3	4.599E-2
2.055	6.296E-4	4.513E-2
2.064	1.558E-4	4.426E-2
2.072	-3.450E-4	4.343E-2
2.081	-8.135E-4	4.287E-2
2.089	-1.245E-3	4.249E-2
2.097	-1.528E-3	4.239E-2
2.106	-1.697E-3	4.262E-2
2.114	-1.704E-3	4.312E-2
2.122	-1.522E-3	4.380E-2
2.131	-1.224E-3	4.464E-2
2.139	-7.952E-4	4.548E-2
2.148	-2.985E-4	4.622E-2
2.156	2.531E-4	4.685E-2
2.164	7.515E-4	4.724E-2
2.173	1.129E-3	4.734E-2
2.181	1.458E-3	4.714E-2
2.190	1.512E-3	4.673E-2
2.198	1.468E-3	4.610E-2
2.206	1.122E-3	4.531E-2
2.215	6.535E-4	4.448E-2
2.223	1.272E-4	4.368E-2
2.232	-4.479E-4	4.308E-2
2.240	-1.028E-3	4.267E-2
2.248	-1.470E-3	4.254E-2
2.257	-1.763E-3	4.266E-2
2.265	-1.930E-3	4.307E-2
2.273	-1.925E-3	4.368E-2
2.282	-1.701E-3	4.445E-2
2.290	-1.298E-3	4.524E-2
2.299	-7.955E-4	4.595E-2
2.307	-2.181E-4	4.655E-2
2.315	3.754E-4	4.700E-2
2.324	9.884E-4	4.719E-2
2.332	1.426E-3	4.708E-2
2.341	1.690E-3	4.673E-2
2.349	1.736E-3	4.619E-2
2.357	1.547E-3	4.548E-2
2.366	1.204E-3	4.470E-2
2.374	6.126E-4	4.393E-2
2.383	-1.368E-5	4.333E-2
2.391	-6.498E-4	4.290E-2
2.399	-1.279E-3	4.270E-2
2.408	-1.736E-3	4.274E-2
2.416	-2.013E-3	4.307E-2
2.424	-2.159E-3	4.358E-2
2.433	-2.018E-3	4.424E-2
2.441	-1.731E-3	4.495E-2
2.450	-1.266E-3	4.564E-2
2.458	-6.880E-4	4.624E-2
2.466	-2.253E-5	4.671E-2
2.475	6.184E-4	4.696E-2
2.483	1.257E-3	4.697E-2
2.492	1.713E-3	4.671E-2
2.500	1.957E-3	4.627E-2
2.508	1.964E-3	4.566E-2
2.517	1.641E-3	4.497E-2
2.525	1.100E-3	4.428E-2
2.534	4.594E-4	4.367E-2
2.542	-2.870E-4	4.327E-2
2.550	-9.948E-4	4.304E-2
2.559	-1.570E-3	4.304E-2
2.567	-2.056E-3	4.326E-2
2.576	-2.324E-3	4.368E-2
2.584	-2.361E-3	4.425E-2
2.592	-2.211E-3	4.487E-2
2.601	-1.769E-3	4.549E-2
2.609	-1.223E-3	4.603E-2
2.617	-5.302E-4	4.647E-2
2.626	2.309E-4	4.674E-2
2.634	9.481E-4	4.676E-2
2.643	1.519E-3	4.660E-2
2.651	1.940E-3	4.625E-2
2.659	2.078E-3	4.577E-2
2.668	1.942E-3	4.519E-2
2.676	1.521E-3	4.459E-2
2.685	8.684E-4	4.406E-2
2.693	1.282E-4	4.360E-2
2.701	-6.366E-4	4.334E-2
2.710	-1.332E-3	4.328E-2
2.718	-1.935E-3	4.340E-2
2.727	-2.359E-3	4.370E-2
2.735	-2.505E-3	4.417E-2
2.743	-2.473E-3	4.470E-2
2.752	-2.163E-3	4.523E-2
2.760	-1.637E-3	4.570E-2
2.768	-9.766E-4	4.609E-2
2.777	-1.636E-4	4.635E-2
2.785	6.276E-4	4.642E-2
2.794	1.368E-3	4.632E-2
2.802	1.937E-3	4.606E-2
2.810	2.220E-3	4.568E-2
2.819	2.221E-3	4.521E-2
2.827	1.948E-3	4.470E-2
2.836	1.373E-3	4.423E-2
2.844	5.976E-4	4.384E-2
2.852	-2.606E-4	4.359E-2
2.861	-1.068E-3	4.351E-2
2.869	-1.760E-3	4.356E-2
2.878	-2.261E-3	4.378E-2
2.886	-2.640E-3	4.411E-2
2.894	-2.669E-3	4.450E-2
2.903	-2.458E-3	4.495E-2
2.911	-1.988E-3	4.537E-2
2.919	-1.372E-3	4.571E-2
2.928	-5.769E-4	4.594E-2
2.936	3.096E-4	4.606E-2
2.945	1.105E-3	4.604E-2
2.953	1.795E-3	4.586E-2
2.961	2.227E-3	4.559E-2
2.970	2.416E-3	4.524E-2
2.978	2.241E-3	4.482E-2
2.987	1.762E-3	4.449E-2
2.995	1.058E-3	4.416E-2
3.003	1.754E-4	4.396E-2
3.012	-7.280E-4	4.385E-2
3.020	-1.511E-3	4.384E-2
3.029	-2.176E-3	4.398E-2
3.037	-2.637E-3	4.423E-2
3.045	-2.805E-3	4.451E-2
3.054	-2.701E-3	4.487E-2
3.062	-2.383E-3	4.518E-2
3.070	-1.763E-3	4.545E-2
3.079	-1.025E-3	4.565E-2
3.087	-1.335E-4	4.577E-2
3.096	7.722E-4	4.579E-2
3.104	1.564E-3	4.569E-2
3.112	2.188E-3	4.552E-2
3.121	2.482E-3	4.529E-2
3.129	2.455E-3	4.503E-2
3.138	2.149E-3	4.474E-2
3.146	1.512E-3	4.449E-2
3.154	6.424E-4	4.430E-2
3.163	-2.764E-4	4.421E-2
3.171	-1.200E-3	4.421E-2
3.180	-1.942E-3	4.426E-2
3.188	-2.475E-3	4.440E-2
3.196	-2.791E-3	4.460E-2
3.205	-2.832E-3	4.483E-2
3.213	-2.623E-3	4.505E-2
3.221	-2.143E-3	4.524E-2
3.230	-1.467E-3	4.538E-2
3.238	-5.847E-4	4.546E-2
3.247	3.473E-4	4.544E-2
3.255	1.227E-3	4.543E-2
3.263	1.974E-3	4.534E-2
3.272	2.432E-3	4.520E-2
3.280	2.597E-3	4.505E-2
3.289	2.379E-3	4.492E-2
3.297	1.834E-3	4.477E-2
3.305	1.055E-3	4.466E-2
3.314	1.355E-4	4.461E-2
3.322	-7.868E-4	4.459E-2
3.331	-1.613E-3	4.462E-2
3.339	-2.288E-3	4.468E-2
3.347	-2.720E-3	4.473E-2
3.356	-2.901E-3	4.481E-2
3.364	-2.742E-3	4.490E-2
3.372	-2.411E-3	4.497E-2
3.381	-1.751E-3	4.503E-2
3.389	-1.003E-3	4.508E-2
3.398	-7.844E-5	4.511E-2
3.406	8.391E-4	4.512E-2
3.414	1.677E-3	4.512E-2
3.423	2.219E-3	4.511E-2
3.431	2.525E-3	4.509E-2
3.440	2.449E-3	4.503E-2
3.448	2.065E-3	4.498E-2
3.456	1.363E-3	4.496E-2
3.465	5.087E-4	4.493E-2
3.473	-4.736E-4	4.491E-2
3.482	-1.332E-3	4.491E-2
3.490	-2.070E-3	4.490E-2
3.498	-2.646E-3	4.489E-2
3.507	-2.916E-3	4.489E-2
3.515	-2.899E-3	4.485E-2
3.523	-2.619E-3	4.484E-2
3.532	-2.103E-3	4.481E-2
3.540	-1.387E-3	4.477E-2
3.549	-5.426E-4	4.475E-2
3.557	3.639E-4	4.474E-2
3.565	1.269E-3	4.477E-2
3.574	1.962E-3	4.483E-2
3.582	2.411E-3	4.493E-2
3.591	2.493E-3	4.502E-2
3.599	2.232E-3	4.509E-2
3.607	1.714E-3	4.517E-2
3.616	8.960E-4	4.520E-2
3.624	-2.417E-5	4.521E-2
3.633	-9.444E-4	4.518E-2
3.641	-1.732E-3	4.514E-2
3.649	-2.364E-3	4.503E-2
3.658	-2.716E-3	4.491E-2
3.666	-2.860E-3	4.476E-2
3.674	-2.691E-3	4.461E-2
3.683	-2.247E-3	4.450E-2
3.691	-1.650E-3	4.443E-2
3.700	-8.385E-4	4.440E-2
3.708	7.168E-5	4.441E-2
3.716	9.387E-4	4.450E-2
3.725	1.705E-3	4.463E-2
3.733	2.223E-3	4.480E-2
3.742	2.452E-3	4.497E-2
3.750	2.407E-3	4.516E-2
3.758	1.985E-3	4.536E-2
3.767	1.297E-3	4.548E-2
3.775	4.414E-4	4.554E-2
3.784	-4.600E-4	4.556E-2
3.792	-1.283E-3	4.545E-2
3.800	-1.966E-3	4.530E-2
3.809	-2.452E-3	4.511E-2
3.817	-2.686E-3	4.488E-2
3.826	-2.667E-3	4.462E-2
3.834	-2.388E-3	4.440E-2
3.842	-1.862E-3	4.424E-2
3.851	-1.196E-3	4.414E-2
3.859	-3.578E-4	4.417E-2
3.867	4.906E-4	4.424E-2
3.876	1.283E-3	4.443E-2
3.884	1.936E-3	4.469E-2
3.893	2.269E-3	4.496E-2
3.901	2.329E-3	4.525E-2
3.909	2.031E-3	4.554E-2
3.918	1.518E-3	4.577E-2
3.926	7.806E-4	4.591E-2
3.935	-6.250E-5	4.591E-2
3.943	-8.608E-4	4.584E-2
3.951	-1.560E-3	4.562E-2
3.960	-2.143E-3	4.534E-2
3.968	-2.473E-3	4.498E-2
3.977	-2.566E-3	4.461E-2
3.985	-2.429E-3	4.428E-2
3.993	-1.997E-3	4.401E-2
4.002	-1.447E-3	4.382E-2
4.010	-7.359E-4	4.377E-2
4.018	1.109E-4	4.385E-2
4.027	8.777E-4	4.407E-2
4.035	1.551E-3	4.437E-2
4.044	1.993E-3	4.476E-2
4.052	2.193E-3	4.516E-2
4.060	2.117E-3	4.557E-2
4.069	1.705E-3	4.590E-2
4.077	1.087E-3	4.610E-2
4.086	3.492E-4	4.616E-2
4.094	-4.528E-4	4.609E-2
4.102	-1.201E-3	4.587E-2
4.111	-1.776E-3	4.553E-2
4.119	-2.212E-3	4.512E-2
4.128	-2.429E-3	4.467E-2
4.136	-2.399E-3	4.421E-2
4.144	-2.131E-3	4.384E-2
4.153	-1.667E-3	4.359E-2
4.161	-1.041E-3	4.350E-2
4.169	-3.154E-4	4.356E-2
4.178	4.244E-4	4.378E-2
4.186	1.092E-3	4.414E-2
4.195	1.636E-3	4.462E-2
4.203	1.938E-3	4.513E-2
4.211	1.966E-3	4.561E-2
4.220	1.746E-3	4.604E-2
4.228	1.297E-3	4.635E-2
4.237	6.465E-4	4.650E-2
4.245	-6.278E-5	4.645E-2
4.253	-7.798E-4	4.622E-2
4.262	-1.391E-3	4.588E-2
4.270	-1.891E-3	4.537E-2
4.279	-2.210E-3	4.483E-2
4.287	-2.243E-3	4.430E-2
4.295	-2.109E-3	4.380E-2
4.304	-1.770E-3	4.347E-2
4.312	-1.268E-3	4.331E-2
4.320	-6.260E-4	4.333E-2
4.329	8.362E-5	4.353E-2
4.337	7.345E-4	4.391E-2
4.346	1.272E-3	4.444E-2
4.354	1.693E-3	4.501E-2
4.362	1.854E-3	4.557E-2
4.371	1.753E-3	4.609E-2
4.379	1.479E-3	4.648E-2
4.388	1.003E-3	4.671E-2
4.396	3.806E-4	4.672E-2
4.404	-2.751E-4	4.654E-2
4.413	-8.741E-4	4.614E-2
4.421	-1.443E-3	4.561E-2
4.430	-1.782E-3	4.499E-2
4.438	-1.974E-3	4.433E-2
4.446	-1.966E-3	4.375E-2
4.455	-1.746E-3	4.334E-2
4.463	-1.387E-3	4.309E-2
4.471	-9.196E-4	4.305E-2
4.480	-3.408E-4	4.324E-2
4.488	2.973E-4	4.362E-2
4.497	8.415E-4	4.417E-2
4.505	1.291E-3	4.480E-2
4.513	1.544E-3	4.542E-2
4.522	1.614E-3	4.601E-2
4.530	1.483E-3	4.651E-2
4.539	1.126E-3	4.681E-2
4.547	6.286E-4	4.686E-2
4.555	1.077E-4	4.668E-2
4.564	-4.730E-4	4.633E-2
4.572	-1.011E-3	4.581E-2
4.581	-1.426E-3	4.514E-2
4.589	-1.722E-3	4.446E-2
4.597	-1.786E-3	4.381E-2
4.606	-1.733E-3	4.329E-2
4.614	-1.506E-3	4.295E-2
4.622	-1.117E-3	4.285E-2
4.631	-6.509E-4	4.295E-2
4.639	-1.502E-4	4.331E-2
4.648	3.709E-4	4.385E-2
4.656	8.321E-4	4.452E-2
4.664	1.221E-3	4.521E-2
4.673	1.393E-3	4.587E-2
4.681	1.368E-3	4.645E-2
4.690	1.228E-3	4.684E-2
4.698	8.615E-4	4.698E-2
4.706	4.251E-4	4.687E-2
4.715	-6.537E-5	4.653E-2
4.723	-5.628E-4	4.600E-2
4.732	-1.008E-3	4.533E-2
4.740	-1.307E-3	4.461E-2
4.748	-1.519E-3	4.389E-2
4.757	-1.545E-3	4.333E-2
4.765	-1.483E-3	4.291E-2
4.773	-1.259E-3	4.271E-2
4.782	-9.174E-4	4.278E-2
4.790	-5.196E-4	4.312E-2
4.799	-6.235E-5	4.364E-2
4.807	3.773E-4	4.432E-2
4.815	7.950E-4	4.504E-2
4.824	1.051E-3	4.572E-2
4.832	1.242E-3	4.635E-2
4.841	1.250E-3	4.681E-2
4.849	1.059E-3	4.702E-2
4.857	7.790E-4	4.700E-2
4.866	3.769E-4	4.670E-2
4.874	-6.154E-5	4.621E-2
4.883	-4.978E-4	4.556E-2
4.891	-8.518E-4	4.480E-2
4.899	-1.156E-3	4.403E-2
4.908	-1.317E-3	4.335E-2
4.916	-1.373E-3	4.288E-2
4.924	-1.291E-3	4.263E-2
4.933	-1.080E-3	4.263E-2
4.941	-7.945E-4	4.289E-2
4.950	-3.802E-4	4.338E-2
4.958	2.178E-5	4.406E-2
4.966	3.782E-4	4.480E-2
4.975	7.332E-4	4.555E-2
4.983	9.603E-4	4.624E-2
4.992	1.040E-3	4.679E-2
5.000	1.045E-3	4.708E-2
5.008	8.879E-4	4.707E-2
5.017	6.151E-4	4.683E-2
5.025	3.258E-4	4.636E-2
5.034	-8.525E-5	4.571E-2
5.042	-4.613E-4	4.495E-2
5.050	-8.197E-4	4.416E-2
5.059	-1.068E-3	4.347E-2
5.067	-1.255E-3	4.293E-2
5.076	-1.284E-3	4.260E-2
5.084	-1.240E-3	4.256E-2
5.092	-1.052E-3	4.278E-2
5.101	-7.988E-4	4.324E-2
5.109	-4.386E-4	4.387E-2
5.117	-9.704E-5	4.464E-2
5.126	3.102E-4	4.544E-2
5.134	6.114E-4	4.612E-2
5.143	8.458E-4	4.669E-2
5.151	1.026E-3	4.707E-2
5.159	1.036E-3	4.718E-2
5.168	9.167E-4	4.702E-2
5.176	6.605E-4	4.659E-2
5.185	3.597E-4	4.599E-2
5.193	6.771E-6	4.527E-2
5.201	-3.676E-4	4.444E-2
5.210	-7.249E-4	4.372E-2
5.218	-1.024E-3	4.311E-2
5.227	-1.217E-3	4.272E-2
5.235	-1.284E-3	4.259E-2
5.243	-1.259E-3	4.270E-2
5.252	-1.076E-3	4.309E-2
5.260	-8.203E-4	4.368E-2
5.268	-5.253E-4	4.444E-2
5.277	-1.281E-4	4.524E-2
5.285	2.395E-4	4.594E-2
5.294	5.701E-4	4.654E-2
5.302	8.212E-4	4.697E-2
5.310	1.028E-3	4.716E-2
5.319	1.039E-3	4.706E-2
5.327	1.016E-3	4.671E-2
5.336	8.054E-4	4.616E-2
5.344	4.985E-4	4.545E-2
5.352	1.152E-4	4.468E-2
5.361	-2.995E-4	4.392E-2
5.369	-6.335E-4	4.329E-2
5.378	-9.760E-4	4.287E-2
5.386	-1.216E-3	4.266E-2
5.394	-1.288E-3	4.270E-2
5.403	-1.269E-3	4.301E-2
5.411	-1.155E-3	4.355E-2
5.419	-9.308E-4	4.425E-2
5.428	-5.741E-4	4.501E-2
5.436	-1.725E-4	4.571E-2
5.445	2.123E-4	4.633E-2
5.453	5.830E-4	4.680E-2
5.461	8.703E-4	4.703E-2
5.470	1.064E-3	4.703E-2
5.478	1.118E-3	4.673E-2
5.487	1.048E-3	4.623E-2
5.495	8.197E-4	4.561E-2
5.503	5.392E-4	4.489E-2
5.512	1.259E-4	4.415E-2
5.520	-3.176E-4	4.352E-2
5.529	-7.502E-4	4.305E-2
5.537	-1.070E-3	4.281E-2
5.545	-1.290E-3	4.282E-2
5.554	-1.461E-3	4.305E-2
5.562	-1.462E-3	4.352E-2
5.570	-1.276E-3	4.415E-2
5.579	-1.014E-3	4.487E-2
5.587	-5.916E-4	4.560E-2
5.596	-1.461E-4	4.620E-2
5.604	3.260E-4	4.664E-2
5.612	7.501E-4	4.693E-2
5.621	1.053E-3	4.697E-2
5.629	1.282E-3	4.679E-2
5.638	1.318E-3	4.637E-2
5.646	1.243E-3	4.579E-2
5.654	9.778E-4	4.514E-2
5.663	5.644E-4	4.443E-2
5.671	1.020E-4	4.378E-2
5.680	-3.683E-4	4.328E-2
5.688	-8.249E-4	4.300E-2
5.696	-1.233E-3	4.293E-2
5.705	-1.487E-3	4.309E-2
5.713	-1.591E-3	4.345E-2
5.721	-1.549E-3	4.403E-2
5.730	-1.314E-3	4.467E-2
5.738	-1.003E-3	4.535E-2
5.747	-5.516E-4	4.596E-2
5.755	-6.789E-5	4.642E-2
5.763	4.295E-4	4.674E-2
5.772	8.772E-4	4.683E-2
5.780	1.274E-3	4.671E-2
5.789	1.483E-3	4.636E-2
5.797	1.514E-3	4.586E-2
5.805	1.317E-3	4.526E-2
5.814	9.947E-4	4.459E-2
5.822	5.367E-4	4.401E-2
5.831	-1.119E-5	4.350E-2
5.839	-5.683E-4	4.318E-2
5.847	-1.060E-3	4.306E-2
5.856	-1.464E-3	4.314E-2
5.864	-1.712E-3	4.342E-2
5.872	-1.763E-3	4.386E-2
5.881	-1.685E-3	4.444E-2
5.889	-1.425E-3	4.505E-2
5.898	-1.014E-3	4.564E-2
5.906	-4.967E-4	4.612E-2
5.914	9.605E-5	4.646E-2
5.923	6.456E-4	4.661E-2
5.931	1.127E-3	4.656E-2
5.940	1.499E-3	4.628E-2
5.948	1.670E-3	4.587E-2
5.956	1.559E-3	4.535E-2
5.965	1.296E-3	4.477E-2
5.973	8.436E-4	4.419E-2
5.982	3.205E-4	4.374E-2
5.990	-3.209E-4	4.339E-2
5.998	-9.072E-4	4.324E-2
6.007	-1.447E-3	4.330E-2
6.015	-1.785E-3	4.352E-2
6.023	-1.984E-3	4.387E-2
6.032	-1.974E-3	4.434E-2
6.040	-1.754E-3	4.486E-2
6.049	-1.407E-3	4.542E-2
6.057	-8.936E-4	4.586E-2
6.065	-3.113E-4	4.619E-2
6.074	3.405E-4	4.635E-2
6.082	9.219E-4	4.634E-2
6.091	1.419E-3	4.615E-2
6.099	1.706E-3	4.581E-2
6.107	1.771E-3	4.539E-2
6.116	1.615E-3	4.490E-2
6.124	1.246E-3	4.442E-2
6.133	6.678E-4	4.400E-2
6.141	2.460E-5	4.365E-2
6.149	-6.374E-4	4.348E-2
6.158	-1.272E-3	4.349E-2
6.166	-1.749E-3	4.362E-2
6.174	-2.028E-3	4.391E-2
6.183	-2.149E-3	4.432E-2
6.191	-2.023E-3	4.475E-2
6.200	-1.736E-3	4.520E-2
6.208	-1.258E-3	4.561E-2
6.216	-6.281E-4	4.590E-2
6.225	8.054E-5	4.609E-2
6.233	7.564E-4	4.612E-2
6.242	1.356E-3	4.603E-2
6.250	1.773E-3	4.579E-2
6.258	1.989E-3	4.544E-2
6.267	1.965E-3	4.502E-2
6.275	1.656E-3	4.461E-2
6.284	1.086E-3	4.424E-2
6.292	4.336E-4	4.395E-2
6.300	-3.023E-4	4.378E-2
6.309	-1.017E-3	4.375E-2
6.317	-1.557E-3	4.381E-2
6.326	-1.983E-3	4.401E-2
6.334	-2.210E-3	4.430E-2
6.342	-2.201E-3	4.467E-2
6.351	-1.974E-3	4.504E-2
6.359	-1.571E-3	4.537E-2
6.367	-1.031E-3	4.565E-2
6.376	-3.338E-4	4.583E-2
6.384	3.808E-4	4.588E-2
6.393	1.071E-3	4.584E-2
6.401	1.635E-3	4.565E-2
6.409	1.965E-3	4.540E-2
6.418	2.032E-3	4.510E-2
6.426	1.859E-3	4.478E-2
6.435	1.409E-3	4.448E-2
6.443	7.758E-4	4.423E-2
6.451	4.959E-5	4.406E-2
6.460	-7.653E-4	4.400E-2
6.468	-1.447E-3	4.404E-2
6.477	-1.978E-3	4.417E-2
6.485	-2.289E-3	4.441E-2
6.493	-2.452E-3	4.467E-2
6.502	-2.325E-3	4.494E-2
6.510	-1.980E-3	4.518E-2
6.518	-1.452E-3	4.540E-2
6.527	-7.919E-4	4.556E-2
6.535	-2.963E-5	4.564E-2
6.544	7.461E-4	4.563E-2
6.552	1.370E-3	4.551E-2
6.560	1.839E-3	4.537E-2
6.569	2.030E-3	4.516E-2
6.577	1.969E-3	4.494E-2
6.586	1.662E-3	4.472E-2
6.594	1.058E-3	4.452E-2
6.602	3.380E-4	4.441E-2
6.611	-4.328E-4	4.434E-2
6.619	-1.224E-3	4.432E-2
6.628	-1.813E-3	4.439E-2
6.636	-2.269E-3	4.451E-2
6.644	-2.538E-3	4.469E-2
6.653	-2.557E-3	4.486E-2
6.661	-2.273E-3	4.503E-2
6.669	-1.805E-3	4.515E-2
6.678	-1.197E-3	4.525E-2
6.686	-4.111E-4	4.531E-2
6.695	3.243E-4	4.534E-2
6.703	1.059E-3	4.532E-2
6.711	1.666E-3	4.520E-2
6.720	1.972E-3	4.511E-2
6.728	2.043E-3	4.498E-2
6.737	1.836E-3	4.487E-2
6.745	1.328E-3	4.475E-2
6.753	6.349E-4	4.470E-2
6.762	-1.353E-4	4.465E-2
6.770	-8.831E-4	4.466E-2
6.779	-1.613E-3	4.468E-2
6.787	-2.169E-3	4.472E-2
6.795	-2.483E-3	4.476E-2
6.804	-2.565E-3	4.482E-2
6.812	-2.426E-3	4.492E-2
6.820	-2.012E-3	4.497E-2
6.829	-1.442E-3	4.501E-2
6.837	-7.441E-4	4.502E-2
6.846	7.160E-5	4.501E-2
6.854	8.258E-4	4.499E-2
6.862	1.498E-3	4.498E-2
6.871	1.961E-3	4.494E-2
6.879	2.176E-3	4.492E-2
6.888	2.058E-3	4.492E-2
6.896	1.689E-3	4.492E-2
6.904	1.063E-3	4.492E-2
6.913	3.361E-4	4.492E-2
6.921	-4.849E-4	4.491E-2
6.930	-1.249E-3	4.491E-2
6.938	-1.810E-3	4.491E-2
6.946	-2.250E-3	4.490E-2
6.955	-2.454E-3	4.490E-2
6.963	-2.438E-3	4.488E-2
6.971	-2.133E-3	4.481E-2
6.980	-1.655E-3	4.476E-2
6.988	-1.015E-3	4.474E-2
6.997	-2.650E-4	4.472E-2
7.005	5.319E-4	4.472E-2
7.013	1.256E-3	4.472E-2
7.022	1.790E-3	4.482E-2
7.030	2.129E-3	4.491E-2
7.039	2.114E-3	4.498E-2
7.047	1.820E-3	4.508E-2
7.055	1.298E-3	4.515E-2
7.064	6.041E-4	4.516E-2
7.072	-1.536E-4	4.519E-2
7.081	-9.103E-4	4.518E-2
7.089	-1.559E-3	4.514E-2
7.097	-2.032E-3	4.505E-2
7.106	-2.408E-3	4.494E-2
7.114	-2.455E-3	4.481E-2
7.122	-2.235E-3	4.468E-2
7.131	-1.847E-3	4.454E-2
7.139	-1.281E-3	4.447E-2
7.148	-5.664E-4	4.444E-2
7.156	1.594E-4	4.447E-2
7.164	8.812E-4	4.452E-2
7.173	1.512E-3	4.466E-2
7.181	1.945E-3	4.483E-2
7.190	2.081E-3	4.501E-2
7.198	1.951E-3	4.517E-2
7.206	1.536E-3	4.535E-2
7.215	9.264E-4	4.544E-2
7.223	1.778E-4	4.545E-2
7.232	-5.647E-4	4.545E-2
7.240	-1.266E-3	4.538E-2
7.248	-1.780E-3	4.521E-2
7.257	-2.186E-3	4.501E-2
7.265	-2.325E-3	4.476E-2
7.273	-2.248E-3	4.452E-2
7.282	-1.940E-3	4.433E-2
7.290	-1.487E-3	4.417E-2
7.299	-8.443E-4	4.412E-2
7.307	-1.146E-4	4.415E-2
7.315	5.969E-4	4.425E-2
7.324	1.260E-3	4.444E-2
7.332	1.744E-3	4.468E-2
7.341	1.984E-3	4.495E-2
7.349	1.980E-3	4.521E-2
7.357	1.730E-3	4.544E-2
7.366	1.237E-3	4.563E-2
7.374	5.997E-4	4.573E-2
7.383	-1.126E-4	4.570E-2
7.391	-8.059E-4	4.561E-2
7.399	-1.419E-3	4.542E-2
7.408	-1.881E-3	4.516E-2
7.416	-2.161E-3	4.484E-2
7.424	-2.173E-3	4.452E-2
7.433	-1.989E-3	4.424E-2
7.441	-1.618E-3	4.402E-2
7.450	-1.085E-3	4.388E-2
7.458	-4.399E-4	4.384E-2
7.466	2.092E-4	4.394E-2
7.475	8.442E-4	4.416E-2
7.483	1.405E-3	4.447E-2
7.492	1.722E-3	4.481E-2
7.500	1.846E-3	4.516E-2
7.508	1.711E-3	4.549E-2
7.517	1.327E-3	4.573E-2
7.525	7.915E-4	4.589E-2
7.534	1.329E-4	4.589E-2
7.542	-5.259E-4	4.584E-2
7.550	-1.105E-3	4.563E-2
7.559	-1.643E-3	4.533E-2
7.567	-1.979E-3	4.495E-2
7.576	-2.102E-3	4.453E-2
7.584	-2.013E-3	4.416E-2
7.592	-1.734E-3	4.387E-2
7.601	-1.291E-3	4.367E-2
7.609	-7.610E-4	4.362E-2
7.617	-1.202E-4	4.369E-2
7.626	5.362E-4	4.394E-2
7.634	1.073E-3	4.427E-2
7.643	1.503E-3	4.469E-2
7.651	1.719E-3	4.513E-2
7.659	1.724E-3	4.555E-2
7.668	1.497E-3	4.591E-2
7.676	1.063E-3	4.613E-2
7.685	5.338E-4	4.623E-2
7.693	-8.385E-5	4.617E-2
7.701	-6.915E-4	4.592E-2
7.710	-1.229E-3	4.557E-2
7.718	-1.605E-3	4.515E-2
7.727	-1.841E-3	4.468E-2
7.735	-1.883E-3	4.422E-2
7.743	-1.750E-3	4.382E-2
7.752	-1.440E-3	4.354E-2
7.760	-9.928E-4	4.342E-2
7.768	-4.478E-4	4.347E-2
7.777	1.150E-4	4.371E-2
7.785	6.525E-4	4.406E-2
7.794	1.091E-3	4.451E-2
7.802	1.426E-3	4.500E-2
7.810	1.484E-3	4.548E-2
7.819	1.399E-3	4.589E-2
7.827	1.070E-3	4.621E-2
7.836	6.336E-4	4.637E-2
7.844	1.213E-4	4.635E-2
7.852	-3.882E-4	4.612E-2
7.861	-8.837E-4	4.576E-2
7.869	-1.312E-3	4.532E-2
7.878	-1.586E-3	4.479E-2
7.886	-1.750E-3	4.425E-2
7.894	-1.735E-3	4.377E-2
7.903	-1.503E-3	4.343E-2
7.911	-1.147E-3	4.328E-2
7.919	-7.142E-4	4.329E-2
7.928	-2.243E-4	4.350E-2
7.936	2.923E-4	4.384E-2
7.945	7.751E-4	4.432E-2
7.953	1.091E-3	4.487E-2
7.961	1.285E-3	4.544E-2
7.970	1.296E-3	4.592E-2
7.978	1.179E-3	4.631E-2
7.987	8.286E-4	4.654E-2
7.995	4.043E-4	4.655E-2
8.003	-6.882E-5	4.637E-2
8.012	-5.458E-4	4.602E-2
8.020	-9.779E-4	4.553E-2
8.029	-1.298E-3	4.497E-2
8.037	-1.509E-3	4.438E-2
8.045	-1.527E-3	4.384E-2
8.054	-1.473E-3	4.340E-2
8.062	-1.254E-3	4.314E-2
8.070	-8.868E-4	4.310E-2
8.079	-5.266E-4	4.326E-2
8.087	-7.790E-5	4.360E-2
8.096	3.578E-4	4.410E-2
8.104	7.689E-4	4.467E-2
8.112	1.026E-3	4.528E-2
8.121	1.162E-3	4.587E-2
8.129	1.105E-3	4.633E-2
8.138	9.447E-4	4.661E-2
8.146	6.125E-4	4.666E-2
8.154	2.708E-4	4.653E-2
8.163	-1.624E-4	4.617E-2
8.171	-5.741E-4	4.567E-2
8.180	-9.143E-4	4.509E-2
8.188	-1.222E-3	4.447E-2
8.196	-1.332E-3	4.385E-2
8.205	-1.312E-3	4.335E-2
8.213	-1.252E-3	4.306E-2
8.221	-1.034E-3	4.295E-2
8.230	-7.394E-4	4.306E-2
8.238	-3.500E-4	4.335E-2
8.247	6.725E-5	4.384E-2
8.255	4.005E-4	4.447E-2
8.263	7.038E-4	4.512E-2
8.272	8.991E-4	4.573E-2
8.280	1.008E-3	4.622E-2
8.289	9.985E-4	4.660E-2
8.297	8.182E-4	4.674E-2
8.305	5.791E-4	4.667E-2
8.314	2.273E-4	4.634E-2
8.322	-1.320E-4	4.586E-2
8.331	-5.078E-4	4.525E-2
8.339	-8.077E-4	4.460E-2
8.347	-1.035E-3	4.397E-2
8.356	-1.174E-3	4.344E-2
8.364	-1.195E-3	4.310E-2
8.372	-1.097E-3	4.291E-2
8.381	-8.971E-4	4.292E-2
8.389	-6.188E-4	4.322E-2
8.398	-3.267E-4	4.372E-2
8.406	4.476E-5	4.431E-2
8.414	3.412E-4	4.498E-2
8.423	5.946E-4	4.563E-2
8.431	8.080E-4	4.618E-2
8.440	8.740E-4	4.657E-2
8.448	8.378E-4	4.679E-2
8.456	7.254E-4	4.679E-2
8.465	4.631E-4	4.651E-2
8.473	1.507E-4	4.607E-2
8.482	-1.421E-4	4.549E-2
8.490	-4.630E-4	4.480E-2
8.498	-7.724E-4	4.413E-2
8.507	-9.956E-4	4.354E-2
8.515	-1.087E-3	4.312E-2
8.523	-1.091E-3	4.288E-2
8.532	-1.034E-3	4.288E-2
8.540	-8.480E-4	4.310E-2
8.549	-5.929E-4	4.353E-2
8.557	-3.277E-4	4.411E-2
8.565	-2.457E-5	4.477E-2
8.574	3.213E-4	4.544E-2
8.582	5.759E-4	4.602E-2
8.591	7.836E-4	4.650E-2
8.599	8.552E-4	4.678E-2
8.607	8.487E-4	4.679E-2
8.616	7.681E-4	4.661E-2
8.624	5.819E-4	4.619E-2
8.633	3.342E-4	4.562E-2
8.641	8.956E-6	4.498E-2
8.649	-3.190E-4	4.430E-2
8.658	-5.881E-4	4.367E-2
8.666	-8.143E-4	4.323E-2
8.674	-9.988E-4	4.295E-2
8.683	-1.034E-3	4.287E-2
8.691	-1.012E-3	4.305E-2
8.700	-8.467E-4	4.340E-2
8.708	-6.096E-4	4.394E-2
8.716	-3.277E-4	4.461E-2
8.725	-4.045E-5	4.530E-2
8.733	3.008E-4	4.593E-2
8.742	5.866E-4	4.640E-2
8.750	8.048E-4	4.671E-2
8.758	9.065E-4	4.682E-2
8.767	8.818E-4	4.669E-2
8.775	8.314E-4	4.634E-2
8.784	6.191E-4	4.582E-2
8.792	3.676E-4	4.521E-2
8.800	6.051E-5	4.454E-2
8.809	-2.905E-4	4.389E-2
8.817	-5.711E-4	4.341E-2
8.826	-8.342E-4	4.307E-2
8.834	-1.016E-3	4.295E-2
8.842	-1.078E-3	4.305E-2
8.851	-1.053E-3	4.336E-2
8.859	-9.396E-4	4.382E-2
8.867	-7.454E-4	4.444E-2
8.876	-4.035E-4	4.512E-2
8.884	-7.558E-5	4.574E-2
8.893	2.753E-4	4.628E-2
8.901	5.782E-4	4.663E-2
8.909	8.201E-4	4.677E-2
8.918	9.968E-4	4.672E-2
8.926	1.028E-3	4.642E-2
8.935	9.508E-4	4.592E-2
8.943	7.151E-4	4.535E-2
8.951	3.879E-4	4.471E-2
8.960	7.199E-5	4.410E-2
8.968	-3.213E-4	4.355E-2
8.977	-6.454E-4	4.318E-2
8.985	-9.956E-4	4.302E-2
8.993	-1.201E-3	4.309E-2
9.002	-1.277E-3	4.332E-2
9.010	-1.258E-3	4.375E-2
9.018	-1.075E-3	4.431E-2
9.027	-8.158E-4	4.492E-2
9.035	-4.852E-4	4.555E-2
9.044	-1.032E-4	4.608E-2
9.052	3.214E-4	4.644E-2
9.060	6.305E-4	4.666E-2
9.069	9.115E-4	4.662E-2
9.077	1.054E-3	4.638E-2
9.086	1.062E-3	4.597E-2
9.094	1.011E-3	4.543E-2
9.102	7.710E-4	4.484E-2
9.111	3.964E-4	4.427E-2
9.119	-1.118E-5	4.375E-2
9.128	-4.378E-4	4.335E-2
9.136	-8.390E-4	4.314E-2
9.144	-1.155E-3	4.312E-2
9.153	-1.348E-3	4.331E-2
9.161	-1.475E-3	4.367E-2
9.169	-1.406E-3	4.420E-2
9.178	-1.229E-3	4.476E-2
9.186	-8.832E-4	4.534E-2
9.195	-5.201E-4	4.586E-2
9.203	-8.839E-5	4.625E-2
9.211	3.536E-4	4.650E-2
9.220	7.720E-4	4.655E-2
9.228	1.043E-3	4.638E-2
9.237	1.245E-3	4.604E-2
9.245	1.251E-3	4.559E-2
9.253	1.053E-3	4.506E-2
9.262	7.640E-4	4.452E-2
9.270	3.594E-4	4.402E-2
9.279	-1.128E-4	4.360E-2
9.287	-5.742E-4	4.336E-2
9.295	-1.015E-3	4.330E-2
9.304	-1.304E-3	4.343E-2
9.312	-1.490E-3	4.375E-2
9.320	-1.515E-3	4.417E-2
9.329	-1.422E-3	4.469E-2
9.337	-1.185E-3	4.521E-2
9.346	-7.938E-4	4.568E-2
9.354	-3.228E-4	4.607E-2
9.362	1.633E-4	4.632E-2
9.371	6.243E-4	4.638E-2
9.379	1.050E-3	4.630E-2
9.388	1.305E-3	4.603E-2
9.396	1.449E-3	4.564E-2
9.404	1.304E-3	4.518E-2
9.413	1.048E-3	4.468E-2
9.421	6.329E-4	4.422E-2
9.430	1.351E-4	4.383E-2
9.438	-3.624E-4	4.358E-2
9.446	-8.509E-4	4.349E-2
9.455	-1.270E-3	4.356E-2
9.463	-1.539E-3	4.379E-2
9.471	-1.711E-3	4.413E-2
9.480	-1.699E-3	4.459E-2
9.488	-1.489E-3	4.508E-2
9.497	-1.127E-3	4.553E-2
9.505	-6.954E-4	4.589E-2
9.513	-1.445E-4	4.612E-2
9.522	3.772E-4	4.623E-2
9.530	8.610E-4	4.618E-2
9.539	1.276E-3	4.598E-2
9.547	1.504E-3	4.568E-2
9.555	1.517E-3	4.526E-2
9.564	1.331E-3	4.482E-2
9.572	1.012E-3	4.444E-2
9.581	5.286E-4	4.408E-2
9.589	-5.451E-5	4.382E-2
9.597	-6.176E-4	4.371E-2
9.606	-1.134E-3	4.376E-2
9.614	-1.530E-3	4.390E-2
9.622	-1.753E-3	4.419E-2
9.631	-1.841E-3	4.454E-2
9.639	-1.739E-3	4.493E-2
9.648	-1.455E-3	4.532E-2
9.656	-1.017E-3	4.565E-2
9.664	-4.527E-4	4.587E-2
9.673	1.220E-4	4.599E-2
9.681	6.979E-4	4.602E-2
9.690	1.174E-3	4.589E-2
9.698	1.497E-3	4.564E-2
9.706	1.668E-3	4.532E-2
9.715	1.526E-3	4.497E-2
9.723	1.253E-3	4.463E-2
9.732	7.965E-4	4.433E-2
9.740	2.043E-4	4.407E-2
9.748	-3.811E-4	4.396E-2
9.757	-1.013E-3	4.397E-2
9.765	-1.497E-3	4.406E-2
9.773	-1.785E-3	4.424E-2
9.782	-1.966E-3	4.452E-2
9.790	-1.944E-3	4.482E-2
9.799	-1.723E-3	4.515E-2
9.807	-1.290E-3	4.542E-2
9.815	-7.768E-4	4.563E-2
9.824	-1.430E-4	4.573E-2
9.832	4.856E-4	4.572E-2
9.841	1.040E-3	4.565E-2
9.849	1.498E-3	4.546E-2
9.857	1.740E-3	4.522E-2
9.866	1.751E-3	4.495E-2
9.874	1.544E-3	4.469E-2
9.883	1.104E-3	4.446E-2
9.891	5.694E-4	4.426E-2
9.899	-8.355E-5	4.415E-2
9.908	-7.509E-4	4.416E-2
9.916	-1.286E-3	4.422E-2
9.924	-1.729E-3	4.433E-2
9.933	-1.981E-3	4.451E-2
9.941	-2.015E-3	4.473E-2
9.950	-1.898E-3	4.496E-2
9.958	-1.531E-3	4.518E-2
9.966	-1.037E-3	4.536E-2
9.975	-4.161E-4	4.544E-2
9.983	1.814E-4	4.547E-2
9.992	8.180E-4	4.542E-2
10.000	1.338E-3	4.533E-2
10.008	1.727E-3	4.517E-2
10.017	1.844E-3	4.498E-2
10.025	1.732E-3	4.479E-2
10.034	1.371E-3	4.463E-2
10.042	8.313E-4	4.450E-2
10.050	1.838E-4	4.443E-2
10.059	-5.095E-4	4.443E-2
10.067	-1.120E-3	4.444E-2
10.076	-1.681E-3	4.450E-2
10.084	-2.002E-3	4.463E-2
10.092	-2.165E-3	4.476E-2
10.101	-2.089E-3	4.491E-2
10.109	-1.826E-3	4.502E-2
10.117	-1.415E-3	4.513E-2
10.126	-8.315E-4	4.520E-2
10.134	-1.522E-4	4.522E-2
10.143	5.340E-4	4.520E-2
10.151	1.109E-3	4.516E-2
10.159	1.560E-3	4.510E-2
10.168	1.796E-3	4.499E-2
10.176	1.789E-3	4.490E-2
10.185	1.531E-3	4.479E-2
10.193	1.067E-3	4.472E-2
10.201	4.549E-4	4.468E-2
10.210	-2.291E-4	4.469E-2
10.218	-8.828E-4	4.468E-2
10.227	-1.510E-3	4.470E-2
10.235	-1.932E-3	4.474E-2
10.243	-2.181E-3	4.478E-2
10.252	-2.216E-3	4.484E-2
10.260	-1.998E-3	4.488E-2
10.268	-1.605E-3	4.494E-2
10.277	-1.088E-3	4.498E-2
10.285	-4.477E-4	4.498E-2
10.294	2.059E-4	4.497E-2
10.302	8.309E-4	4.495E-2
10.310	1.374E-3	4.495E-2
10.319	1.711E-3	4.494E-2
10.327	1.818E-3	4.491E-2
10.336	1.697E-3	4.491E-2
10.344	1.304E-3	4.492E-2
10.352	7.727E-4	4.492E-2
10.361	1.120E-4	4.493E-2
10.369	-5.669E-4	4.493E-2
10.378	-1.220E-3	4.493E-2
10.386	-1.715E-3	4.492E-2
10.394	-1.997E-3	4.492E-2
10.403	-2.149E-3	4.488E-2
10.411	-2.018E-3	4.487E-2
10.419	-1.735E-3	4.487E-2
10.428	-1.266E-3	4.480E-2
10.436	-6.864E-4	4.476E-2
10.445	-4.220E-5	4.474E-2
10.453	5.990E-4	4.474E-2
10.461	1.204E-3	4.476E-2
10.470	1.586E-3	4.477E-2
10.478	1.779E-3	4.489E-2
10.487	1.742E-3	4.496E-2
10.495	1.491E-3	4.502E-2
10.503	1.028E-3	4.508E-2
10.512	3.931E-4	4.515E-2
10.520	-2.836E-4	4.515E-2
10.529	-9.463E-4	4.515E-2
10.537	-1.501E-3	4.511E-2
10.545	-1.887E-3	4.502E-2
10.554	-2.095E-3	4.490E-2
10.562	-2.123E-3	4.477E-2
10.570	-1.920E-3	4.466E-2
10.579	-1.534E-3	4.455E-2
10.587	-1.005E-3	4.448E-2
10.596	-3.554E-4	4.447E-2
10.604	3.137E-4	4.448E-2
10.612	8.998E-4	4.455E-2
10.621	1.401E-3	4.467E-2
10.629	1.698E-3	4.482E-2
10.638	1.746E-3	4.500E-2
10.646	1.577E-3	4.515E-2
10.654	1.232E-3	4.527E-2
10.663	6.490E-4	4.537E-2
10.671	2.255E-5	4.538E-2
10.680	-6.152E-4	4.539E-2
10.688	-1.219E-3	4.532E-2
10.696	-1.672E-3	4.517E-2
10.705	-1.964E-3	4.498E-2
10.713	-2.009E-3	4.478E-2
10.721	-1.938E-3	4.456E-2
10.730	-1.617E-3	4.440E-2
10.738	-1.206E-3	4.427E-2
10.747	-5.982E-4	4.422E-2
10.755	3.837E-5	4.424E-2
10.763	5.929E-4	4.434E-2
10.772	1.112E-3	4.449E-2
10.780	1.494E-3	4.471E-2
10.789	1.693E-3	4.495E-2
10.797	1.617E-3	4.518E-2
10.805	1.313E-3	4.539E-2
10.814	8.476E-4	4.556E-2
10.822	3.178E-4	4.564E-2
10.831	-3.166E-4	4.564E-2
10.839	-8.927E-4	4.552E-2
10.847	-1.417E-3	4.537E-2
10.856	-1.764E-3	4.513E-2
10.864	-1.932E-3	4.486E-2
10.872	-1.933E-3	4.458E-2
10.881	-1.721E-3	4.431E-2
10.889	-1.327E-3	4.412E-2
10.898	-8.261E-4	4.404E-2
10.906	-2.578E-4	4.403E-2
10.914	3.304E-4	4.414E-2
10.923	8.487E-4	4.433E-2
10.931	1.282E-3	4.461E-2
10.940	1.523E-3	4.493E-2
10.948	1.560E-3	4.523E-2
10.956	1.408E-3	4.551E-2
10.965	1.033E-3	4.573E-2
10.973	5.645E-4	4.586E-2
10.982	-1.128E-5	4.586E-2
10.990	-5.793E-4	4.575E-2
10.998	-1.078E-3	4.557E-2
11.007	-1.487E-3	4.530E-2
11.015	-1.724E-3	4.496E-2
11.023	-1.760E-3	4.461E-2
11.032	-1.680E-3	4.428E-2
11.040	-1.410E-3	4.403E-2
11.049	-1.020E-3	4.386E-2
11.057	-5.241E-4	4.381E-2
11.065	2.509E-5	4.392E-2
11.074	5.452E-4	4.416E-2
11.082	1.014E-3	4.447E-2
11.091	1.307E-3	4.485E-2
11.099	1.472E-3	4.522E-2
11.107	1.408E-3	4.558E-2
11.116	1.127E-3	4.587E-2
11.124	7.553E-4	4.605E-2
11.133	2.998E-4	4.610E-2
11.141	-2.402E-4	4.601E-2
11.149	-7.780E-4	4.581E-2
11.158	-1.198E-3	4.548E-2
11.166	-1.493E-3	4.507E-2
11.174	-1.645E-3	4.468E-2
11.183	-1.649E-3	4.428E-2
11.191	-1.486E-3	4.395E-2
11.200	-1.165E-3	4.376E-2
11.208	-7.750E-4	4.369E-2
11.216	-2.876E-4	4.377E-2
11.225	1.927E-4	4.399E-2
11.233	6.316E-4	4.430E-2
11.242	1.009E-3	4.471E-2
11.250	1.237E-3	4.516E-2
11.258	1.279E-3	4.559E-2
11.267	1.138E-3	4.593E-2
11.275	8.388E-4	4.615E-2
11.284	4.582E-4	4.625E-2
11.292	-1.811E-5	4.621E-2
11.300	-5.012E-4	4.601E-2
11.309	-9.125E-4	4.566E-2
11.317	-1.271E-3	4.522E-2
11.326	-1.482E-3	4.474E-2
11.334	-1.534E-3	4.427E-2
11.342	-1.469E-3	4.388E-2
11.351	-1.261E-3	4.359E-2
11.359	-9.201E-4	4.347E-2
11.367	-5.419E-4	4.353E-2
11.376	-9.916E-5	4.373E-2
11.384	3.347E-4	4.408E-2
11.393	7.380E-4	4.451E-2
11.401	9.885E-4	4.499E-2
11.409	1.093E-3	4.546E-2
11.418	1.060E-3	4.587E-2
11.426	9.037E-4	4.617E-2
11.435	5.992E-4	4.632E-2
11.443	2.621E-4	4.632E-2
11.451	-1.588E-4	4.610E-2
11.460	-5.749E-4	4.576E-2
11.468	-8.918E-4	4.532E-2
11.477	-1.189E-3	4.483E-2
11.485	-1.319E-3	4.433E-2
11.493	-1.312E-3	4.387E-2
11.502	-1.243E-3	4.352E-2
11.510	-1.015E-3	4.335E-2
11.518	-6.845E-4	4.334E-2
11.527	-3.447E-4	4.353E-2
11.535	7.365E-5	4.385E-2
11.544	3.977E-4	4.430E-2
11.552	7.080E-4	4.482E-2
11.560	8.646E-4	4.539E-2
11.569	9.801E-4	4.585E-2
11.577	8.672E-4	4.622E-2
11.586	6.936E-4	4.643E-2
11.594	4.054E-4	4.643E-2
11.602	8.387E-5	4.625E-2
11.611	-2.682E-4	4.592E-2
11.619	-6.024E-4	4.545E-2
11.628	-8.585E-4	4.493E-2
11.636	-1.060E-3	4.440E-2
11.644	-1.175E-3	4.388E-2
11.653	-1.189E-3	4.350E-2
11.661	-1.067E-3	4.328E-2
11.669	-8.296E-4	4.324E-2
11.678	-5.675E-4	4.339E-2
11.686	-2.534E-4	4.369E-2
11.695	9.158E-5	4.417E-2
11.703	3.720E-4	4.472E-2
11.711	6.117E-4	4.528E-2
11.720	8.024E-4	4.583E-2
11.728	8.300E-4	4.625E-2
11.737	8.004E-4	4.652E-2
11.745	6.135E-4	4.659E-2
11.753	3.733E-4	4.647E-2
11.762	1.044E-4	4.617E-2
11.770	-1.996E-4	4.568E-2
11.779	-5.365E-4	4.514E-2
11.787	-7.891E-4	4.457E-2
11.795	-9.688E-4	4.403E-2
11.804	-1.052E-3	4.357E-2
11.812	-1.045E-3	4.328E-2
11.820	-9.345E-4	4.321E-2
11.829	-7.771E-4	4.332E-2
11.837	-5.380E-4	4.359E-2
11.846	-2.565E-4	4.400E-2
11.854	6.078E-5	4.454E-2
11.862	3.371E-4	4.513E-2
11.871	5.666E-4	4.569E-2
11.879	6.848E-4	4.613E-2
11.888	7.436E-4	4.643E-2
11.896	6.476E-4	4.655E-2
11.904	5.487E-4	4.650E-2
11.913	3.426E-4	4.623E-2
11.921	1.068E-4	4.582E-2
11.930	-1.548E-4	4.527E-2
11.938	-3.938E-4	4.468E-2
11.946	-6.054E-4	4.414E-2
11.955	-7.905E-4	4.367E-2
11.963	-8.677E-4	4.333E-2
11.971	-8.467E-4	4.317E-2
11.980	-7.808E-4	4.322E-2
11.988	-6.118E-4	4.349E-2
11.997	-3.867E-4	4.389E-2
12.005	-1.306E-4	4.445E-2
12.013	1.460E-4	4.503E-2
12.022	3.878E-4	4.560E-2
12.030	5.993E-4	4.608E-2
12.039	7.310E-4	4.643E-2
12.047	7.860E-4	4.659E-2
12.055	7.808E-4	4.657E-2
12.064	6.514E-4	4.633E-2
12.072	4.479E-4	4.594E-2
12.081	1.836E-4	4.542E-2
12.089	-8.174E-5	4.483E-2
12.097	-3.314E-4	4.428E-2
12.106	-5.620E-4	4.376E-2
12.114	-7.751E-4	4.339E-2
12.122	-8.368E-4	4.316E-2
12.131	-8.425E-4	4.314E-2
12.139	-8.096E-4	4.333E-2
12.148	-7.168E-4	4.368E-2
12.156	-5.274E-4	4.422E-2
12.164	-3.016E-4	4.479E-2
12.173	-3.233E-5	4.536E-2
12.181	2.377E-4	4.588E-2
12.190	4.337E-4	4.628E-2
12.198	5.940E-4	4.652E-2
12.206	6.896E-4	4.657E-2
12.215	6.694E-4	4.637E-2
12.223	5.813E-4	4.603E-2
12.232	3.933E-4	4.556E-2
12.240	1.551E-4	4.499E-2
12.248	-1.090E-4	4.442E-2
12.257	-3.662E-4	4.392E-2
12.265	-5.980E-4	4.353E-2
12.273	-8.199E-4	4.329E-2
12.282	-9.689E-4	4.326E-2
12.290	-1.025E-3	4.339E-2
12.299	-9.861E-4	4.371E-2
12.307	-8.355E-4	4.416E-2
12.315	-5.950E-4	4.471E-2
12.324	-3.439E-4	4.526E-2
12.332	-6.822E-5	4.577E-2
12.341	2.221E-4	4.621E-2
12.349	4.758E-4	4.650E-2
12.357	6.373E-4	4.658E-2
12.366	7.813E-4	4.647E-2
12.374	7.983E-4	4.618E-2
12.383	6.827E-4	4.571E-2
12.391	5.224E-4	4.516E-2
12.399	2.710E-4	4.462E-2
12.408	-7.983E-5	4.412E-2
12.416	-3.667E-4	4.372E-2
12.424	-6.329E-4	4.344E-2
12.433	-8.554E-4	4.334E-2
12.441	-1.030E-3	4.345E-2
12.450	-1.053E-3	4.373E-2
12.458	-1.017E-3	4.413E-2
12.466	-8.551E-4	4.467E-2
12.475	-5.912E-4	4.519E-2
12.483	-3.038E-4	4.568E-2
12.492	6.328E-5	4.609E-2
12.500	3.884E-4	4.638E-2
12.508	6.453E-4	4.649E-2
12.517	8.508E-4	4.643E-2
12.525	1.004E-3	4.616E-2
12.534	1.020E-3	4.577E-2
12.542	8.678E-4	4.530E-2
12.550	6.205E-4	4.479E-2
12.559	3.307E-4	4.428E-2
12.567	-5.266E-5	4.384E-2
12.576	-3.912E-4	4.354E-2
12.584	-7.455E-4	4.339E-2
12.592	-1.006E-3	4.343E-2
12.601	-1.176E-3	4.364E-2
12.609	-1.234E-3	4.398E-2
12.617	-1.165E-3	4.444E-2
12.626	-9.949E-4	4.494E-2
12.634	-6.963E-4	4.542E-2
12.643	-3.376E-4	4.584E-2
12.651	8.150E-5	4.614E-2
12.659	4.171E-4	4.630E-2
12.668	7.692E-4	4.630E-2
12.676	1.016E-3	4.610E-2
12.685	1.075E-3	4.578E-2
12.693	1.071E-3	4.538E-2
12.701	8.439E-4	4.491E-2
12.710	5.767E-4	4.445E-2
12.718	1.861E-4	4.403E-2
12.727	-2.328E-4	4.373E-2
12.735	-6.131E-4	4.356E-2
12.743	-1.004E-3	4.355E-2
12.752	-1.251E-3	4.373E-2
12.760	-1.336E-3	4.400E-2
12.768	-1.379E-3	4.441E-2
12.777	-1.276E-3	4.486E-2
12.785	-1.026E-3	4.532E-2
12.794	-6.128E-4	4.572E-2
12.802	-2.152E-4	4.601E-2
12.810	1.865E-4	4.618E-2
12.819	5.892E-4	4.616E-2
12.827	9.268E-4	4.606E-2
12.836	1.094E-3	4.581E-2
12.844	1.158E-3	4.545E-2
12.852	1.036E-3	4.502E-2
12.861	7.967E-4	4.456E-2
12.869	4.243E-4	4.418E-2
12.878	-7.907E-6	4.389E-2
12.886	-4.914E-4	4.375E-2
12.894	-9.101E-4	4.374E-2
12.903	-1.284E-3	4.380E-2
12.911	-1.502E-3	4.403E-2
12.919	-1.552E-3	4.433E-2
12.928	-1.498E-3	4.472E-2
12.936	-1.277E-3	4.512E-2
12.945	-9.568E-4	4.548E-2
12.953	-5.309E-4	4.576E-2
12.961	-6.019E-5	4.596E-2
12.970	3.957E-4	4.601E-2
12.978	8.196E-4	4.594E-2
12.987	1.118E-3	4.573E-2
12.995	1.274E-3	4.542E-2
13.003	1.279E-3	4.504E-2
13.012	1.053E-3	4.467E-2
13.020	7.589E-4	4.432E-2
13.029	3.259E-4	4.404E-2
13.037	-1.546E-4	4.385E-2
13.045	-6.297E-4	4.378E-2
13.054	-1.047E-3	4.382E-2
13.062	-1.396E-3	4.401E-2
13.070	-1.546E-3	4.426E-2
13.079	-1.541E-3	4.458E-2
13.087	-1.445E-3	4.495E-2
13.096	-1.165E-3	4.526E-2
13.104	-7.742E-4	4.551E-2
13.112	-2.751E-4	4.566E-2
13.121	2.323E-4	4.572E-2
13.129	6.978E-4	4.567E-2
13.138	1.063E-3	4.554E-2
13.146	1.320E-3	4.534E-2
13.154	1.440E-3	4.506E-2
13.163	1.273E-3	4.477E-2
13.171	1.010E-3	4.448E-2
13.180	5.685E-4	4.425E-2
13.188	9.532E-5	4.407E-2
13.196	-4.656E-4	4.400E-2
13.205	-1.006E-3	4.401E-2
13.213	-1.384E-3	4.414E-2
13.221	-1.677E-3	4.435E-2
13.230	-1.762E-3	4.458E-2
13.238	-1.699E-3	4.483E-2
13.247	-1.473E-3	4.512E-2
13.255	-1.060E-3	4.536E-2
13.263	-5.652E-4	4.554E-2
13.272	-3.192E-5	4.563E-2
13.280	5.245E-4	4.563E-2
13.289	1.015E-3	4.552E-2
13.297	1.336E-3	4.538E-2
13.305	1.508E-3	4.516E-2
13.314	1.512E-3	4.493E-2
13.322	1.273E-3	4.470E-2
13.331	8.398E-4	4.451E-2
13.339	3.612E-4	4.437E-2
13.347	-2.206E-4	4.428E-2
13.356	-7.932E-4	4.427E-2
13.364	-1.265E-3	4.432E-2
13.372	-1.572E-3	4.447E-2
13.381	-1.774E-3	4.466E-2
13.389	-1.758E-3	4.486E-2
13.398	-1.593E-3	4.506E-2
13.406	-1.283E-3	4.523E-2
13.414	-8.050E-4	4.536E-2
13.423	-2.820E-4	4.543E-2
13.431	3.148E-4	4.542E-2
13.440	8.287E-4	4.538E-2
13.448	1.274E-3	4.526E-2
13.456	1.524E-3	4.512E-2
13.465	1.575E-3	4.495E-2
13.473	1.461E-3	4.478E-2
13.482	1.079E-3	4.466E-2
13.490	6.014E-4	4.454E-2
13.498	6.982E-5	4.448E-2
13.507	-5.289E-4	4.447E-2
13.515	-1.053E-3	4.448E-2
13.523	-1.486E-3	4.458E-2
13.532	-1.744E-3	4.472E-2
13.540	-1.790E-3	4.482E-2
13.549	-1.709E-3	4.496E-2
13.557	-1.465E-3	4.508E-2
13.565	-1.034E-3	4.516E-2
13.574	-5.104E-4	4.520E-2
13.582	9.552E-5	4.519E-2
13.591	6.373E-4	4.517E-2
13.599	1.101E-3	4.514E-2
13.607	1.489E-3	4.508E-2
13.616	1.617E-3	4.498E-2
13.624	1.539E-3	4.491E-2
13.633	1.280E-3	4.485E-2
13.641	8.319E-4	4.477E-2
13.649	3.248E-4	4.473E-2
13.658	-2.905E-4	4.472E-2
13.666	-8.425E-4	4.472E-2
13.674	-1.294E-3	4.473E-2
13.683	-1.675E-3	4.478E-2
13.691	-1.819E-3	4.482E-2
13.700	-1.840E-3	4.491E-2
13.708	-1.672E-3	4.494E-2
13.716	-1.293E-3	4.494E-2
13.725	-7.932E-4	4.495E-2
13.733	-2.132E-4	4.497E-2
13.742	3.545E-4	4.496E-2
13.750	8.668E-4	4.494E-2
13.758	1.285E-3	4.493E-2
13.767	1.526E-3	4.493E-2
13.775	1.537E-3	4.493E-2
13.784	1.389E-3	4.491E-2
13.792	1.014E-3	4.492E-2
13.800	5.421E-4	4.492E-2
13.809	-6.725E-5	4.493E-2
13.817	-6.237E-4	4.494E-2
13.826	-1.158E-3	4.494E-2
13.834	-1.547E-3	4.493E-2
13.842	-1.764E-3	4.492E-2
13.851	-1.823E-3	4.492E-2
13.859	-1.742E-3	4.487E-2
13.867	-1.457E-3	4.484E-2
13.876	-1.020E-3	4.486E-2
13.884	-4.715E-4	4.481E-2
13.893	1.144E-4	4.477E-2
13.901	6.525E-4	4.476E-2
13.909	1.108E-3	4.479E-2
13.918	1.473E-3	4.482E-2
13.926	1.574E-3	4.490E-2
13.935	1.497E-3	4.499E-2
13.943	1.221E-3	4.505E-2
13.951	7.865E-4	4.513E-2
13.960	2.226E-4	4.517E-2
13.968	-3.539E-4	4.517E-2
13.977	-9.135E-4	4.517E-2
13.985	-1.340E-3	4.512E-2
13.993	-1.714E-3	4.502E-2
14.002	-1.818E-3	4.491E-2
14.010	-1.834E-3	4.479E-2
14.018	-1.587E-3	4.469E-2
14.027	-1.261E-3	4.462E-2
14.035	-7.602E-4	4.456E-2
14.044	-1.695E-4	4.453E-2
14.052	3.768E-4	4.453E-2
14.060	8.665E-4	4.461E-2
14.069	1.260E-3	4.473E-2
14.077	1.480E-3	4.486E-2
14.086	1.493E-3	4.502E-2
14.094	1.294E-3	4.514E-2
14.102	9.081E-4	4.525E-2
14.111	3.950E-4	4.533E-2
14.119	-1.296E-4	4.538E-2
14.128	-6.643E-4	4.538E-2
14.136	-1.191E-3	4.524E-2
14.144	-1.541E-3	4.512E-2
14.153	-1.744E-3	4.494E-2
14.161	-1.756E-3	4.476E-2
14.169	-1.609E-3	4.459E-2
14.178	-1.306E-3	4.447E-2
14.186	-8.642E-4	4.437E-2
14.195	-3.381E-4	4.434E-2
14.203	1.743E-4	4.436E-2
14.211	6.786E-4	4.448E-2
14.220	1.076E-3	4.464E-2
14.228	1.342E-3	4.482E-2
14.237	1.471E-3	4.507E-2
14.245	1.330E-3	4.527E-2
14.253	1.049E-3	4.543E-2
14.262	6.154E-4	4.555E-2
14.270	1.237E-4	4.562E-2
14.279	-3.772E-4	4.560E-2
14.287	-8.450E-4	4.546E-2
14.295	-1.258E-3	4.527E-2
14.304	-1.515E-3	4.503E-2
14.312	-1.633E-3	4.477E-2
14.320	-1.623E-3	4.452E-2
14.329	-1.388E-3	4.429E-2
14.337	-1.053E-3	4.416E-2
14.346	-5.744E-4	4.410E-2
14.354	-7.963E-5	4.409E-2
14.362	4.002E-4	4.421E-2
14.371	8.327E-4	4.440E-2
14.379	1.198E-3	4.467E-2
14.388	1.301E-3	4.495E-2
14.396	1.299E-3	4.522E-2
14.404	1.089E-3	4.544E-2
14.413	7.825E-4	4.563E-2
14.421	3.436E-4	4.569E-2
14.430	-1.321E-4	4.568E-2
14.438	-5.985E-4	4.558E-2
14.446	-1.041E-3	4.538E-2
14.455	-1.310E-3	4.512E-2
14.463	-1.486E-3	4.483E-2
14.471	-1.498E-3	4.453E-2
14.480	-1.390E-3	4.425E-2
14.488	-1.110E-3	4.405E-2
14.497	-7.854E-4	4.394E-2
14.505	-3.218E-4	4.396E-2
14.513	1.409E-4	4.406E-2
14.522	5.899E-4	4.427E-2
14.530	9.719E-4	4.454E-2
14.539	1.149E-3	4.488E-2
14.547	1.224E-3	4.521E-2
14.555	1.109E-3	4.550E-2
14.564	8.551E-4	4.571E-2
14.572	5.369E-4	4.584E-2
14.581	1.065E-4	4.586E-2
14.589	-3.450E-4	4.576E-2
14.597	-7.800E-4	4.558E-2
14.606	-1.083E-3	4.527E-2
14.614	-1.289E-3	4.490E-2
14.622	-1.413E-3	4.454E-2
14.631	-1.332E-3	4.421E-2
14.639	-1.183E-3	4.396E-2
14.648	-8.464E-4	4.380E-2
14.656	-4.657E-4	4.378E-2
14.664	-8.149E-5	4.387E-2
14.673	3.509E-4	4.406E-2
14.681	7.042E-4	4.437E-2
14.690	9.954E-4	4.476E-2
14.698	1.090E-3	4.516E-2
14.706	1.082E-3	4.551E-2
14.715	9.681E-4	4.583E-2
14.723	6.238E-4	4.601E-2
14.732	3.101E-4	4.608E-2
14.740	-9.916E-5	4.600E-2
14.748	-5.169E-4	4.580E-2
14.757	-8.373E-4	4.547E-2
14.765	-1.073E-3	4.507E-2
14.773	-1.251E-3	4.468E-2
14.782	-1.263E-3	4.428E-2
14.790	-1.201E-3	4.396E-2
14.799	-9.934E-4	4.377E-2
14.807	-6.417E-4	4.371E-2
14.815	-3.341E-4	4.378E-2
14.824	7.817E-5	4.399E-2
14.832	3.978E-4	4.430E-2
14.841	6.869E-4	4.470E-2
14.849	8.603E-4	4.514E-2
14.857	9.511E-4	4.557E-2
14.866	8.672E-4	4.590E-2
14.874	6.902E-4	4.611E-2
14.883	3.946E-4	4.620E-2
14.891	9.329E-5	4.612E-2
14.899	-2.724E-4	4.591E-2
14.908	-6.022E-4	4.558E-2
14.916	-8.546E-4	4.517E-2
14.924	-1.059E-3	4.472E-2
14.933	-1.127E-3	4.428E-2
14.941	-1.150E-3	4.392E-2
14.950	-1.054E-3	4.368E-2
14.958	-8.199E-4	4.356E-2
14.966	-5.418E-4	4.359E-2
14.975	-1.802E-4	4.379E-2
14.983	1.001E-4	4.411E-2
14.992	3.825E-4	4.450E-2
15.000	6.132E-4	4.496E-2
15.008	7.829E-4	4.543E-2
15.017	7.983E-4	4.582E-2
15.025	7.709E-4	4.611E-2
15.034	5.888E-4	4.625E-2
15.042	3.545E-4	4.627E-2
15.050	7.960E-5	4.608E-2
15.059	-2.574E-4	4.577E-2
15.067	-5.547E-4	4.534E-2
15.076	-7.919E-4	4.487E-2
15.084	-9.380E-4	4.442E-2
15.092	-1.018E-3	4.400E-2
15.101	-1.004E-3	4.370E-2
15.109	-8.465E-4	4.354E-2
15.117	-6.139E-4	4.354E-2
15.126	-3.616E-4	4.372E-2
15.134	-9.300E-5	4.403E-2
15.143	1.580E-4	4.445E-2
15.151	3.910E-4	4.492E-2
15.159	5.849E-4	4.542E-2
15.168	6.922E-4	4.585E-2
15.176	6.751E-4	4.616E-2
15.185	6.013E-4	4.634E-2
15.193	4.474E-4	4.634E-2
15.201	2.148E-4	4.620E-2
15.210	-5.881E-5	4.588E-2
15.218	-3.226E-4	4.544E-2
15.227	-5.624E-4	4.493E-2
15.235	-7.618E-4	4.445E-2
15.243	-8.568E-4	4.400E-2
15.252	-9.035E-4	4.365E-2
15.260	-8.865E-4	4.342E-2
15.268	-8.184E-4	4.346E-2
15.277	-6.083E-4	4.356E-2
15.285	-3.677E-4	4.384E-2
15.294	-1.247E-4	4.424E-2
15.302	1.153E-4	4.472E-2
15.310	3.474E-4	4.522E-2
15.319	5.394E-4	4.568E-2
15.327	6.094E-4	4.605E-2
15.336	6.127E-4	4.630E-2
15.344	5.869E-4	4.636E-2
15.352	4.252E-4	4.626E-2
15.361	2.411E-4	4.599E-2
15.369	-3.044E-6	4.560E-2
15.378	-2.649E-4	4.512E-2
15.386	-4.925E-4	4.461E-2
15.394	-6.359E-4	4.415E-2
15.403	-8.007E-4	4.378E-2
15.411	-8.297E-4	4.353E-2
15.419	-8.129E-4	4.343E-2
15.428	-7.523E-4	4.355E-2
15.436	-5.794E-4	4.379E-2
15.445	-3.648E-4	4.418E-2
15.453	-1.323E-4	4.467E-2
15.461	1.072E-4	4.518E-2
15.470	3.344E-4	4.566E-2
15.478	4.677E-4	4.606E-2
15.487	5.796E-4	4.634E-2
15.495	6.062E-4	4.642E-2
15.503	5.833E-4	4.634E-2
15.512	4.455E-4	4.610E-2
15.520	3.130E-4	4.572E-2
15.529	1.057E-4	4.523E-2
15.537	-1.175E-4	4.470E-2
15.545	-3.370E-4	4.422E-2
15.554	-5.391E-4	4.380E-2
15.562	-6.937E-4	4.352E-2
15.570	-7.945E-4	4.338E-2
15.579	-7.947E-4	4.339E-2
15.587	-7.893E-4	4.362E-2
15.596	-5.834E-4	4.398E-2
15.604	-3.859E-4	4.444E-2
15.612	-1.670E-4	4.494E-2
15.621	8.665E-5	4.543E-2
15.629	3.261E-4	4.585E-2
15.638	4.965E-4	4.616E-2
15.646	6.081E-4	4.631E-2
15.654	6.373E-4	4.631E-2
15.663	6.175E-4	4.611E-2
15.671	5.464E-4	4.576E-2
15.680	3.761E-4	4.534E-2
15.688	1.438E-4	4.484E-2
15.696	-9.036E-5	4.437E-2
15.705	-3.257E-4	4.396E-2
15.713	-5.542E-4	4.365E-2
15.721	-7.481E-4	4.347E-2
15.730	-8.164E-4	4.349E-2
15.738	-8.142E-4	4.366E-2
15.747	-7.890E-4	4.399E-2
15.755	-6.331E-4	4.442E-2
15.763	-4.553E-4	4.491E-2
15.772	-2.569E-4	4.540E-2
15.780	-1.265E-6	4.584E-2
15.789	2.324E-4	4.615E-2
15.797	4.134E-4	4.633E-2
15.805	5.781E-4	4.633E-2
15.814	6.437E-4	4.618E-2
15.822	6.259E-4	4.587E-2
15.831	5.511E-4	4.545E-2
15.839	3.675E-4	4.497E-2
15.847	1.247E-4	4.448E-2
15.856	-1.310E-4	4.405E-2
15.864	-3.727E-4	4.372E-2
15.872	-6.013E-4	4.353E-2
15.881	-8.022E-4	4.350E-2
15.889	-9.233E-4	4.362E-2
15.898	-9.646E-4	4.389E-2
15.906	-9.130E-4	4.429E-2
15.914	-7.958E-4	4.473E-2
15.923	-5.690E-4	4.519E-2
15.931	-3.045E-4	4.562E-2
15.940	-4.872E-6	4.595E-2
15.948	3.094E-4	4.615E-2
15.956	5.537E-4	4.620E-2
15.965	7.299E-4	4.608E-2
15.973	7.890E-4	4.585E-2
15.982	7.848E-4	4.548E-2
15.990	6.335E-4	4.501E-2
15.998	3.929E-4	4.454E-2
16.007	1.219E-4	4.411E-2
16.015	-1.587E-4	4.378E-2
16.023	-4.843E-4	4.356E-2
16.032	-7.785E-4	4.351E-2
16.040	-9.873E-4	4.357E-2
16.049	-1.072E-3	4.380E-2
16.057	-1.062E-3	4.415E-2
16.065	-1.004E-3	4.457E-2
16.074	-8.025E-4	4.498E-2
16.082	-5.405E-4	4.540E-2
16.091	-2.006E-4	4.575E-2
16.099	1.161E-4	4.600E-2
16.107	4.110E-4	4.610E-2
16.116	6.625E-4	4.606E-2
16.124	8.217E-4	4.587E-2
16.133	8.776E-4	4.557E-2
16.141	8.122E-4	4.517E-2
16.149	6.259E-4	4.475E-2
16.158	3.532E-4	4.433E-2
16.166	6.155E-5	4.400E-2
16.174	-3.186E-4	4.378E-2
16.183	-6.085E-4	4.369E-2
16.191	-9.142E-4	4.375E-2
16.200	-1.119E-3	4.392E-2
16.208	-1.257E-3	4.422E-2
16.216	-1.229E-3	4.458E-2
16.225	-1.062E-3	4.495E-2
16.233	-8.165E-4	4.533E-2
16.242	-4.914E-4	4.566E-2
16.250	-1.161E-4	4.589E-2
16.258	2.987E-4	4.601E-2
16.267	6.152E-4	4.601E-2
16.275	8.492E-4	4.586E-2
16.284	1.026E-3	4.561E-2
16.292	1.040E-3	4.526E-2
16.300	9.013E-4	4.488E-2
16.309	6.241E-4	4.451E-2
16.317	3.307E-4	4.419E-2
16.326	-8.770E-5	4.398E-2
16.334	-4.970E-4	4.385E-2
16.342	-8.327E-4	4.383E-2
16.351	-1.091E-3	4.398E-2
16.359	-1.263E-3	4.422E-2
16.367	-1.276E-3	4.451E-2
16.376	-1.230E-3	4.485E-2
16.384	-1.022E-3	4.520E-2
16.393	-7.247E-4	4.548E-2
16.401	-3.333E-4	4.569E-2
16.409	1.061E-4	4.583E-2
16.418	5.285E-4	4.585E-2
16.426	8.463E-4	4.573E-2
16.435	1.069E-3	4.553E-2
16.443	1.156E-3	4.526E-2
16.451	1.065E-3	4.494E-2
16.460	8.561E-4	4.460E-2
16.468	5.683E-4	4.433E-2
16.477	1.390E-4	4.410E-2
16.485	-2.990E-4	4.398E-2
16.493	-7.148E-4	4.398E-2
16.502	-1.062E-3	4.404E-2
16.510	-1.288E-3	4.423E-2
16.518	-1.439E-3	4.448E-2
16.527	-1.428E-3	4.475E-2
16.535	-1.262E-3	4.503E-2
16.544	-9.905E-4	4.530E-2
16.552	-5.826E-4	4.551E-2
16.560	-1.306E-4	4.563E-2
16.569	3.379E-4	4.566E-2
16.577	7.578E-4	4.561E-2
16.586	1.057E-3	4.544E-2
16.594	1.264E-3	4.522E-2
16.602	1.281E-3	4.496E-2
16.611	1.089E-3	4.470E-2
16.619	8.156E-4	4.447E-2
16.628	3.937E-4	4.427E-2
16.636	-6.561E-5	4.416E-2
16.644	-5.358E-4	4.414E-2
16.653	-9.627E-4	4.421E-2
16.661	-1.275E-3	4.432E-2
16.669	-1.494E-3	4.450E-2
16.678	-1.506E-3	4.473E-2
16.686	-1.424E-3	4.496E-2
16.695	-1.206E-3	4.517E-2
16.703	-8.254E-4	4.536E-2
16.711	-3.566E-4	4.546E-2
16.720	1.179E-4	4.546E-2
16.728	5.873E-4	4.544E-2
16.737	9.961E-4	4.536E-2
16.745	1.265E-3	4.519E-2
16.753	1.331E-3	4.499E-2
16.762	1.281E-3	4.477E-2
16.770	1.045E-3	4.458E-2
16.779	6.222E-4	4.445E-2
16.787	1.534E-4	4.434E-2
16.795	-3.159E-4	4.429E-2
16.804	-7.928E-4	4.429E-2
16.812	-1.200E-3	4.440E-2
16.820	-1.475E-3	4.453E-2
16.829	-1.555E-3	4.470E-2
16.837	-1.504E-3	4.488E-2
16.846	-1.293E-3	4.503E-2
16.854	-1.007E-3	4.516E-2
16.862	-5.556E-4	4.525E-2
16.871	-8.479E-5	4.523E-2
16.879	3.945E-4	4.523E-2
16.888	8.375E-4	4.518E-2
16.896	1.176E-3	4.506E-2
16.904	1.316E-3	4.497E-2
16.913	1.314E-3	4.482E-2
16.921	1.133E-3	4.472E-2
16.930	8.020E-4	4.462E-2
16.938	3.597E-4	4.454E-2
16.946	-1.296E-4	4.450E-2
16.955	-5.915E-4	4.450E-2
16.963	-1.043E-3	4.454E-2
16.971	-1.389E-3	4.463E-2
16.980	-1.564E-3	4.474E-2
16.988	-1.557E-3	4.485E-2
16.997	-1.471E-3	4.496E-2
17.005	-1.212E-3	4.502E-2
17.013	-8.078E-4	4.507E-2
17.022	-3.174E-4	4.511E-2
17.030	1.726E-4	4.513E-2
17.039	6.385E-4	4.513E-2
17.047	1.051E-3	4.508E-2
17.055	1.294E-3	4.501E-2
17.064	1.376E-3	4.493E-2
17.072	1.271E-3	4.488E-2
17.081	1.021E-3	4.482E-2
17.089	5.880E-4	4.477E-2
17.097	1.170E-4	4.475E-2
17.106	-3.757E-4	4.474E-2
17.114	-8.387E-4	4.474E-2
17.122	-1.249E-3	4.475E-2
17.131	-1.498E-3	4.478E-2
17.139	-1.591E-3	4.485E-2
17.148	-1.537E-3	4.491E-2
17.156	-1.297E-3	4.492E-2
17.164	-9.914E-4	4.495E-2
17.173	-5.366E-4	4.495E-2
17.181	-3.040E-5	4.495E-2
17.190	4.628E-4	4.494E-2
17.198	8.745E-4	4.492E-2
17.206	1.240E-3	4.492E-2
17.215	1.359E-3	4.491E-2
17.223	1.322E-3	4.491E-2
17.232	1.106E-3	4.492E-2
17.240	7.786E-4	4.492E-2
17.248	3.314E-4	4.493E-2
17.257	-1.644E-4	4.494E-2
17.265	-6.599E-4	4.494E-2
17.273	-1.089E-3	4.494E-2
17.282	-1.448E-3	4.494E-2
17.290	-1.579E-3	4.492E-2
17.299	-1.624E-3	4.490E-2
17.307	-1.506E-3	4.487E-2
17.315	-1.203E-3	4.485E-2
17.324	-7.968E-4	4.484E-2
17.332	-2.975E-4	4.485E-2
17.341	2.107E-4	4.485E-2
17.349	6.643E-4	4.487E-2
17.357	1.035E-3	4.491E-2
17.366	1.270E-3	4.495E-2
17.374	1.316E-3	4.498E-2
17.383	1.227E-3	4.502E-2
17.391	9.111E-4	4.510E-2
17.399	4.995E-4	4.515E-2
17.408	-2.534E-5	4.517E-2
17.416	-5.397E-4	4.517E-2
17.424	-9.971E-4	4.515E-2
17.433	-1.326E-3	4.513E-2
17.441	-1.536E-3	4.501E-2
17.450	-1.593E-3	4.491E-2
17.458	-1.531E-3	4.480E-2
17.466	-1.287E-3	4.471E-2
17.475	-9.484E-4	4.465E-2
17.483	-5.069E-4	4.462E-2
17.492	-1.438E-5	4.464E-2
17.500	4.657E-4	4.467E-2
17.508	8.488E-4	4.473E-2
17.517	1.147E-3	4.481E-2
17.525	1.259E-3	4.496E-2
17.534	1.242E-3	4.509E-2
17.542	1.020E-3	4.520E-2
17.550	6.400E-4	4.530E-2
17.559	1.874E-4	4.537E-2
17.567	-3.049E-4	4.539E-2
17.576	-7.723E-4	4.535E-2
17.584	-1.152E-3	4.523E-2
17.592	-1.464E-3	4.512E-2
17.601	-1.577E-3	4.495E-2
17.609	-1.589E-3	4.478E-2
17.617	-1.449E-3	4.465E-2
17.626	-1.142E-3	4.451E-2
17.634	-7.531E-4	4.445E-2
17.643	-2.919E-4	4.445E-2
17.651	1.793E-4	4.446E-2
17.659	6.086E-4	4.455E-2
17.668	9.582E-4	4.470E-2
17.676	1.115E-3	4.488E-2
17.685	1.126E-3	4.507E-2
17.693	9.956E-4	4.524E-2
17.701	7.253E-4	4.540E-2
17.710	3.119E-4	4.546E-2
17.718	-1.268E-4	4.547E-2
17.727	-5.717E-4	4.542E-2
17.735	-9.737E-4	4.533E-2
17.743	-1.297E-3	4.516E-2
17.752	-1.479E-3	4.497E-2
17.760	-1.519E-3	4.473E-2
17.768	-1.412E-3	4.452E-2
17.777	-1.205E-3	4.435E-2
17.785	-8.545E-4	4.425E-2
17.794	-3.967E-4	4.424E-2
17.802	7.674E-5	4.424E-2
17.810	5.019E-4	4.438E-2
17.819	8.134E-4	4.456E-2
17.827	1.050E-3	4.476E-2
17.836	1.150E-3	4.500E-2
17.844	1.060E-3	4.521E-2
17.852	8.552E-4	4.541E-2
17.861	5.547E-4	4.558E-2
17.869	1.414E-4	4.564E-2
17.878	-2.928E-4	4.561E-2
17.886	-6.828E-4	4.547E-2
17.894	-1.053E-3	4.527E-2
17.903	-1.276E-3	4.500E-2
17.911	-1.358E-3	4.471E-2
17.919	-1.361E-3	4.446E-2
17.928	-1.245E-3	4.424E-2
17.936	-9.764E-4	4.407E-2
17.945	-5.990E-4	4.401E-2
17.953	-1.663E-4	4.401E-2
17.961	2.396E-4	4.415E-2
17.970	5.748E-4	4.440E-2
17.978	8.443E-4	4.466E-2
17.987	1.025E-3	4.496E-2
17.995	1.040E-3	4.524E-2
18.003	9.184E-4	4.547E-2
18.012	6.323E-4	4.565E-2
18.020	3.269E-4	4.574E-2
18.029	-7.544E-5	4.576E-2
18.037	-4.539E-4	4.565E-2
18.045	-8.155E-4	4.543E-2
18.054	-1.063E-3	4.515E-2
18.062	-1.242E-3	4.484E-2
18.070	-1.263E-3	4.453E-2
18.079	-1.206E-3	4.424E-2
18.087	-1.016E-3	4.404E-2
18.096	-7.270E-4	4.393E-2
18.104	-3.623E-4	4.395E-2
18.112	2.716E-5	4.406E-2
18.121	3.470E-4	4.428E-2
18.129	6.243E-4	4.455E-2
18.138	8.226E-4	4.489E-2
18.146	9.153E-4	4.522E-2
18.154	8.445E-4	4.551E-2
18.163	6.840E-4	4.578E-2
18.171	4.020E-4	4.591E-2
18.180	9.724E-5	4.590E-2
18.188	-2.546E-4	4.581E-2
18.196	-5.863E-4	4.560E-2
18.205	-8.480E-4	4.531E-2
18.213	-1.055E-3	4.495E-2
18.221	-1.122E-3	4.459E-2
18.230	-1.144E-3	4.426E-2
18.238	-1.046E-3	4.401E-2
18.247	-8.203E-4	4.385E-2
18.255	-5.513E-4	4.381E-2
18.263	-1.947E-4	4.392E-2
18.272	9.781E-5	4.416E-2
18.280	3.851E-4	4.447E-2
18.289	6.151E-4	4.483E-2
18.297	7.798E-4	4.522E-2
18.305	8.036E-4	4.557E-2
18.314	7.556E-4	4.586E-2
18.322	5.788E-4	4.603E-2
18.331	3.475E-4	4.608E-2
18.339	6.088E-5	4.599E-2
18.347	-2.732E-4	4.579E-2
18.356	-5.596E-4	4.549E-2
18.364	-7.933E-4	4.507E-2
18.372	-9.382E-4	4.469E-2
18.381	-1.011E-3	4.432E-2
18.389	-9.713E-4	4.400E-2
18.398	-8.262E-4	4.381E-2
18.406	-5.946E-4	4.375E-2
18.414	-3.501E-4	4.381E-2
18.423	-7.932E-5	4.402E-2
18.431	1.869E-4	4.432E-2
18.440	4.093E-4	4.470E-2
18.448	5.971E-4	4.510E-2
18.456	6.683E-4	4.549E-2
18.465	6.548E-4	4.580E-2
18.473	5.735E-4	4.605E-2
18.482	3.844E-4	4.611E-2
18.490	1.505E-4	4.607E-2
18.498	-1.034E-4	4.587E-2
18.507	-3.442E-4	4.557E-2
18.515	-5.775E-4	4.517E-2
18.523	-7.780E-4	4.474E-2
18.532	-8.423E-4	4.431E-2
18.540	-8.570E-4	4.397E-2
18.549	-8.046E-4	4.376E-2
18.557	-6.758E-4	4.364E-2
18.565	-5.358E-4	4.368E-2
18.574	-3.121E-4	4.387E-2
18.582	-7.166E-5	4.418E-2
18.591	1.522E-4	4.458E-2
18.599	3.566E-4	4.502E-2
18.607	5.365E-4	4.542E-2
18.616	5.891E-4	4.577E-2
18.624	5.910E-4	4.606E-2
18.633	5.286E-4	4.616E-2
18.641	3.642E-4	4.613E-2
18.649	1.473E-4	4.595E-2
18.658	-8.282E-5	4.565E-2
18.666	-3.137E-4	4.523E-2
18.674	-5.291E-4	4.478E-2
18.683	-6.217E-4	4.434E-2
18.691	-7.627E-4	4.396E-2
18.700	-7.863E-4	4.371E-2
18.708	-7.491E-4	4.357E-2
18.716	-6.029E-4	4.357E-2
18.725	-4.492E-4	4.375E-2
18.733	-2.946E-4	4.403E-2
18.742	-8.049E-5	4.443E-2
18.750	1.254E-4	4.486E-2
18.758	3.282E-4	4.532E-2
18.767	4.229E-4	4.570E-2
18.775	5.075E-4	4.599E-2
18.784	4.728E-4	4.617E-2
18.792	3.687E-4	4.615E-2
18.800	2.893E-4	4.601E-2
18.809	8.334E-5	4.574E-2
18.817	-1.111E-4	4.537E-2
18.826	-3.200E-4	4.492E-2
18.834	-4.941E-4	4.447E-2
18.842	-6.162E-4	4.406E-2
18.851	-7.060E-4	4.377E-2
18.859	-7.750E-4	4.358E-2
18.867	-7.429E-4	4.355E-2
18.876	-6.259E-4	4.368E-2
18.884	-5.105E-4	4.397E-2
18.893	-3.332E-4	4.434E-2
18.901	-1.255E-4	4.474E-2
18.909	8.781E-5	4.518E-2
18.918	2.705E-4	4.560E-2
18.926	3.550E-4	4.593E-2
18.935	4.152E-4	4.611E-2
18.943	4.244E-4	4.612E-2
18.951	3.745E-4	4.606E-2
18.960	3.120E-4	4.582E-2
18.968	1.298E-4	4.547E-2
18.977	-4.928E-5	4.501E-2
18.985	-2.476E-4	4.455E-2
18.993	-4.020E-4	4.412E-2
19.002	-5.727E-4	4.378E-2
19.010	-6.364E-4	4.356E-2
19.018	-7.045E-4	4.352E-2
19.027	-7.201E-4	4.360E-2
19.035	-6.234E-4	4.382E-2
19.044	-5.297E-4	4.417E-2
19.052	-3.455E-4	4.461E-2
19.060	-1.304E-4	4.507E-2
19.069	8.596E-5	4.550E-2
19.077	2.561E-4	4.583E-2
19.086	3.685E-4	4.607E-2
19.094	4.774E-4	4.614E-2
19.102	5.050E-4	4.609E-2
19.111	4.222E-4	4.587E-2
19.119	3.414E-4	4.555E-2
19.128	1.737E-4	4.516E-2
19.136	-2.147E-5	4.471E-2
19.144	-2.279E-4	4.428E-2
19.153	-4.302E-4	4.393E-2
19.161	-6.208E-4	4.372E-2
19.169	-7.461E-4	4.361E-2
19.178	-8.217E-4	4.365E-2
19.186	-8.178E-4	4.381E-2
19.195	-7.675E-4	4.411E-2
19.203	-6.021E-4	4.451E-2
19.211	-3.915E-4	4.493E-2
19.220	-1.606E-4	4.536E-2
19.228	7.945E-5	4.571E-2
19.237	3.004E-4	4.594E-2
19.245	4.432E-4	4.607E-2
19.253	5.809E-4	4.606E-2
19.262	6.069E-4	4.588E-2
19.270	5.883E-4	4.560E-2
19.279	4.516E-4	4.521E-2
19.287	3.111E-4	4.477E-2
19.295	1.041E-4	4.435E-2
19.304	-1.243E-4	4.400E-2
19.312	-3.457E-4	4.376E-2
19.320	-5.535E-4	4.363E-2
19.329	-7.424E-4	4.362E-2
19.337	-8.006E-4	4.376E-2
19.346	-7.998E-4	4.403E-2
19.354	-7.699E-4	4.440E-2
19.362	-5.712E-4	4.481E-2
19.371	-3.481E-4	4.524E-2
19.379	-1.146E-4	4.560E-2
19.388	1.301E-4	4.587E-2
19.396	3.731E-4	4.601E-2
19.404	5.748E-4	4.604E-2
19.413	6.670E-4	4.592E-2
19.421	7.147E-4	4.566E-2
19.430	6.232E-4	4.532E-2
19.438	5.301E-4	4.493E-2
19.446	3.421E-4	4.453E-2
19.455	9.454E-5	4.417E-2
19.463	-1.902E-4	4.392E-2
19.471	-5.038E-4	4.379E-2
19.480	-7.320E-4	4.378E-2
19.488	-8.586E-4	4.385E-2
19.497	-9.574E-4	4.407E-2
19.505	-9.689E-4	4.441E-2
19.513	-8.254E-4	4.477E-2
19.522	-6.087E-4	4.516E-2
19.530	-3.597E-4	4.549E-2
19.539	-9.201E-5	4.574E-2
19.547	1.732E-4	4.588E-2
19.555	4.323E-4	4.588E-2
19.564	6.200E-4	4.584E-2
19.572	7.819E-4	4.564E-2
19.581	8.048E-4	4.536E-2
19.589	7.043E-4	4.499E-2
19.597	5.361E-4	4.463E-2
19.606	3.047E-4	4.429E-2
19.614	-2.806E-5	4.401E-2
19.622	-3.364E-4	4.384E-2
19.631	-5.955E-4	4.379E-2
19.639	-8.183E-4	4.385E-2
19.648	-1.001E-3	4.403E-2
19.656	-1.036E-3	4.430E-2
19.664	-1.017E-3	4.465E-2
19.673	-8.118E-4	4.499E-2
19.681	-5.667E-4	4.533E-2
19.690	-2.999E-4	4.560E-2
19.698	6.305E-5	4.579E-2
19.706	3.713E-4	4.585E-2
19.715	6.239E-4	4.584E-2
19.723	8.324E-4	4.565E-2
19.732	8.989E-4	4.540E-2
19.740	8.591E-4	4.510E-2
19.748	7.397E-4	4.476E-2
19.757	4.575E-4	4.446E-2
19.765	1.221E-4	4.420E-2
19.773	-1.747E-4	4.402E-2
19.782	-5.630E-4	4.398E-2
19.790	-8.382E-4	4.399E-2
19.799	-1.055E-3	4.417E-2
19.807	-1.182E-3	4.441E-2
19.815	-1.199E-3	4.470E-2
19.824	-1.072E-3	4.500E-2
19.832	-8.360E-4	4.527E-2
19.841	-5.547E-4	4.548E-2
19.849	-1.850E-4	4.565E-2
19.857	1.321E-4	4.570E-2
19.866	5.025E-4	4.569E-2
19.874	7.647E-4	4.557E-2
19.883	9.286E-4	4.537E-2
19.891	9.901E-4	4.512E-2
19.899	8.710E-4	4.486E-2
19.908	6.483E-4	4.459E-2
19.916	3.518E-4	4.438E-2
19.924	-1.728E-5	4.423E-2
19.933	-3.869E-4	4.417E-2
19.941	-7.519E-4	4.418E-2
19.950	-1.030E-3	4.426E-2
19.958	-1.236E-3	4.445E-2
19.966	-1.287E-3	4.469E-2
19.975	-1.250E-3	4.494E-2
19.983	-1.051E-3	4.518E-2
19.992	-7.792E-4	4.540E-2
20.000	-3.822E-4	4.557E-2
20.008	8.606E-8	4.564E-2
20.017	3.603E-4	4.564E-2
20.025	6.936E-4	4.556E-2
20.034	9.243E-4	4.540E-2
20.042	1.029E-3	4.518E-2
20.050	1.029E-3	4.495E-2
20.059	8.401E-4	4.472E-2
20.067	5.700E-4	4.451E-2
20.076	1.904E-4	4.436E-2
20.084	-2.131E-4	4.428E-2
20.092	-6.058E-4	4.427E-2
20.101	-9.628E-4	4.432E-2
20.109	-1.232E-3	4.446E-2
20.117	-1.322E-3	4.465E-2
20.126	-1.303E-3	4.485E-2
20.134	-1.215E-3	4.509E-2
20.143	-9.710E-4	4.524E-2
20.151	-5.931E-4	4.539E-2
20.159	-1.950E-4	4.544E-2
20.168	1.731E-4	4.544E-2
20.176	5.715E-4	4.541E-2
20.185	8.582E-4	4.529E-2
20.193	1.049E-3	4.515E-2
20.201	1.088E-3	4.497E-2
20.210	1.021E-3	4.478E-2
20.218	7.834E-4	4.463E-2
20.227	4.158E-4	4.451E-2
20.235	-2.808E-5	4.445E-2
20.243	-4.384E-4	4.444E-2
20.252	-8.386E-4	4.448E-2
20.260	-1.131E-3	4.454E-2
20.268	-1.362E-3	4.468E-2
20.277	-1.458E-3	4.484E-2
20.285	-1.393E-3	4.499E-2
20.294	-1.180E-3	4.512E-2
20.302	-8.588E-4	4.521E-2
20.310	-4.484E-4	4.528E-2
20.319	-5.325E-5	4.533E-2
20.327	3.664E-4	4.534E-2
20.336	7.689E-4	4.522E-2
20.344	1.021E-3	4.512E-2
20.352	1.141E-3	4.499E-2
20.361	1.070E-3	4.488E-2
20.369	8.767E-4	4.476E-2
20.378	5.623E-4	4.468E-2
20.386	1.483E-4	4.465E-2
20.394	-2.962E-4	4.464E-2
20.403	-7.199E-4	4.466E-2
20.411	-1.079E-3	4.471E-2
20.419	-1.300E-3	4.477E-2
20.428	-1.461E-3	4.487E-2
20.436	-1.461E-3	4.497E-2
20.445	-1.276E-3	4.502E-2
20.453	-1.010E-3	4.509E-2
20.461	-5.918E-4	4.512E-2
20.470	-1.516E-4	4.516E-2
20.478	3.126E-4	4.516E-2
20.487	6.908E-4	4.515E-2
20.495	1.018E-3	4.506E-2
20.503	1.214E-3	4.500E-2
20.512	1.202E-3	4.493E-2
20.520	1.035E-3	4.489E-2
20.529	7.729E-4	4.483E-2
20.537	3.697E-4	4.484E-2
20.545	-6.646E-5	4.485E-2
20.554	-5.308E-4	4.487E-2
20.562	-9.236E-4	4.490E-2
20.570	-1.246E-3	4.494E-2
20.579	-1.437E-3	4.497E-2
20.587	-1.494E-3	4.496E-2
20.596	-1.370E-3	4.497E-2
20.604	-1.153E-3	4.499E-2
20.612	-8.258E-4	4.498E-2
20.621	-3.821E-4	4.497E-2
20.629	8.780E-5	4.495E-2
20.638	5.437E-4	4.495E-2
20.646	8.620E-4	4.494E-2
20.654	1.090E-3	4.490E-2
20.663	1.222E-3	4.491E-2
20.671	1.120E-3	4.491E-2
20.680	8.736E-4	4.492E-2
20.688	5.524E-4	4.492E-2
20.696	1.282E-4	4.492E-2
20.705	-3.266E-4	4.495E-2
20.713	-7.549E-4	4.495E-2
20.721	-1.077E-3	4.495E-2
20.730	-1.290E-3	4.494E-2
20.738	-1.423E-3	4.494E-2
20.747	-1.437E-3	4.492E-2
20.755	-1.244E-3	4.488E-2
20.763	-9.441E-4	4.485E-2
20.772	-5.641E-4	4.486E-2
20.780	-1.141E-4	4.482E-2
20.789	3.487E-4	4.485E-2
20.797	7.636E-4	4.487E-2
20.805	1.044E-3	4.492E-2
20.814	1.225E-3	4.496E-2
20.822	1.237E-3	4.499E-2
20.831	1.070E-3	4.502E-2
20.839	7.789E-4	4.507E-2
20.847	3.882E-4	4.510E-2
20.856	-6.546E-5	4.516E-2
20.864	-5.185E-4	4.516E-2
20.872	-8.924E-4	4.514E-2
20.881	-1.225E-3	4.510E-2
20.889	-1.357E-3	4.501E-2
20.898	-1.426E-3	4.492E-2
20.906	-1.296E-3	4.483E-2
20.914	-1.047E-3	4.476E-2
20.923	-6.841E-4	4.469E-2
20.931	-3.172E-4	4.467E-2
20.940	1.183E-4	4.468E-2
20.948	5.566E-4	4.469E-2
20.956	8.530E-4	4.477E-2
20.965	1.062E-3	4.486E-2
20.973	1.117E-3	4.497E-2
20.982	1.039E-3	4.509E-2
20.990	8.071E-4	4.518E-2
20.998	4.773E-4	4.524E-2
21.007	7.247E-5	4.524E-2
21.015	-3.538E-4	4.525E-2
21.023	-7.714E-4	4.519E-2
21.032	-1.056E-3	4.512E-2
21.040	-1.271E-3	4.500E-2
21.049	-1.307E-3	4.488E-2
21.057	-1.268E-3	4.474E-2
21.065	-1.063E-3	4.461E-2
21.074	-7.842E-4	4.451E-2
21.082	-3.832E-4	4.446E-2
21.091	1.552E-5	4.446E-2
21.099	3.841E-4	4.450E-2
21.107	7.571E-4	4.461E-2
21.116	1.030E-3	4.475E-2
21.124	1.111E-3	4.492E-2
21.133	1.080E-3	4.509E-2
21.141	9.022E-4	4.521E-2
21.149	6.042E-4	4.535E-2
21.158	2.510E-4	4.541E-2
21.166	-1.501E-4	4.542E-2
21.174	-5.556E-4	4.538E-2
21.183	-8.611E-4	4.525E-2
21.191	-1.088E-3	4.511E-2
21.200	-1.240E-3	4.492E-2
21.208	-1.243E-3	4.473E-2
21.216	-1.115E-3	4.453E-2
21.225	-9.135E-4	4.441E-2
21.233	-5.849E-4	4.430E-2
21.242	-2.206E-4	4.428E-2
21.250	1.358E-4	4.432E-2
21.258	5.440E-4	4.444E-2
21.267	8.083E-4	4.463E-2
21.275	1.018E-3	4.484E-2
21.284	1.051E-3	4.509E-2
21.292	9.575E-4	4.529E-2
21.300	6.807E-4	4.546E-2
21.309	3.662E-4	4.558E-2
21.317	1.083E-5	4.559E-2
21.326	-3.632E-4	4.556E-2
21.334	-7.179E-4	4.543E-2
21.342	-1.014E-3	4.522E-2
21.351	-1.191E-3	4.498E-2
21.359	-1.253E-3	4.474E-2
21.367	-1.215E-3	4.450E-2
21.376	-1.033E-3	4.431E-2
21.384	-7.626E-4	4.419E-2
21.393	-3.907E-4	4.416E-2
21.401	-6.345E-5	4.422E-2
21.409	3.134E-4	4.433E-2
21.418	5.950E-4	4.452E-2
21.426	8.175E-4	4.475E-2
21.435	9.077E-4	4.501E-2
21.443	8.472E-4	4.524E-2
21.451	7.431E-4	4.543E-2
21.460	4.538E-4	4.560E-2
21.468	1.207E-4	4.562E-2
21.477	-1.980E-4	4.562E-2
21.485	-5.685E-4	4.548E-2
21.493	-8.319E-4	4.526E-2
21.502	-1.034E-3	4.498E-2
21.510	-1.099E-3	4.470E-2
21.518	-1.078E-3	4.444E-2
21.527	-1.006E-3	4.421E-2
21.535	-8.001E-4	4.404E-2
21.544	-5.359E-4	4.400E-2
21.552	-1.948E-4	4.403E-2
21.560	9.360E-5	4.416E-2
21.569	3.774E-4	4.440E-2
21.577	6.092E-4	4.469E-2
21.586	7.844E-4	4.498E-2
21.594	8.157E-4	4.525E-2
21.602	7.742E-4	4.549E-2
21.611	5.869E-4	4.566E-2
21.619	3.562E-4	4.572E-2
21.628	6.797E-5	4.570E-2
21.636	-2.521E-4	4.558E-2
21.644	-5.518E-4	4.538E-2
21.653	-7.877E-4	4.510E-2
21.661	-9.320E-4	4.479E-2
21.669	-1.011E-3	4.447E-2
21.678	-9.833E-4	4.420E-2
21.686	-8.188E-4	4.402E-2
21.695	-5.868E-4	4.391E-2
21.703	-3.425E-4	4.394E-2
21.711	-7.866E-5	4.405E-2
21.720	1.880E-4	4.428E-2
21.728	4.137E-4	4.456E-2
21.737	5.919E-4	4.489E-2
21.745	6.683E-4	4.522E-2
21.753	6.496E-4	4.549E-2
21.762	5.625E-4	4.569E-2
21.770	3.727E-4	4.582E-2
21.779	1.393E-4	4.584E-2
21.787	-1.160E-4	4.572E-2
21.795	-3.551E-4	4.547E-2
21.804	-5.781E-4	4.518E-2
21.812	-7.837E-4	4.483E-2
21.820	-8.423E-4	4.451E-2
21.829	-8.303E-4	4.421E-2
21.837	-8.057E-4	4.398E-2
21.846	-6.244E-4	4.384E-2
21.854	-4.496E-4	4.381E-2
21.862	-2.544E-4	4.391E-2
21.871	-9.964E-6	4.413E-2
21.879	2.055E-4	4.446E-2
21.888	3.789E-4	4.482E-2
21.896	5.512E-4	4.520E-2
21.904	5.893E-4	4.552E-2
21.913	5.782E-4	4.579E-2
21.921	4.561E-4	4.595E-2
21.930	3.067E-4	4.593E-2
21.938	1.044E-4	4.587E-2
21.946	-1.199E-4	4.565E-2
21.955	-3.403E-4	4.536E-2
21.963	-5.439E-4	4.500E-2
21.971	-6.574E-4	4.463E-2
21.980	-7.902E-4	4.428E-2
21.988	-7.907E-4	4.400E-2
21.997	-7.177E-4	4.382E-2
22.005	-5.797E-4	4.378E-2
22.013	-3.761E-4	4.385E-2
22.022	-1.589E-4	4.403E-2
22.030	6.764E-5	4.432E-2
22.039	2.477E-4	4.469E-2
22.047	3.776E-4	4.508E-2
22.055	4.909E-4	4.543E-2
22.064	5.332E-4	4.571E-2
22.072	4.878E-4	4.589E-2
22.081	3.625E-4	4.595E-2
22.089	2.147E-4	4.589E-2
22.097	4.857E-5	4.568E-2
22.106	-1.578E-4	4.539E-2
22.114	-3.535E-4	4.503E-2
22.122	-5.312E-4	4.464E-2
22.131	-6.101E-4	4.427E-2
22.139	-6.255E-4	4.398E-2
22.148	-6.123E-4	4.377E-2
22.156	-5.710E-4	4.371E-2
22.164	-4.980E-4	4.377E-2
22.173	-3.342E-4	4.396E-2
22.181	-1.398E-4	4.424E-2
22.190	4.507E-5	4.461E-2
22.198	1.560E-4	4.501E-2
22.206	3.415E-4	4.538E-2
22.215	3.887E-4	4.568E-2
22.223	3.932E-4	4.591E-2
22.232	3.849E-4	4.601E-2
22.240	3.435E-4	4.603E-2
22.248	1.887E-4	4.584E-2
22.257	7.115E-5	4.557E-2
22.265	-1.081E-4	4.521E-2
22.273	-3.013E-4	4.481E-2
22.282	-4.075E-4	4.442E-2
22.290	-5.733E-4	4.408E-2
22.299	-5.818E-4	4.383E-2
22.307	-5.870E-4	4.372E-2
22.315	-5.743E-4	4.375E-2
22.324	-5.224E-4	4.390E-2
22.332	-3.758E-4	4.419E-2
22.341	-1.966E-4	4.453E-2
22.349	-6.670E-5	4.493E-2
22.357	1.108E-4	4.533E-2
22.366	2.592E-4	4.567E-2
22.374	3.368E-4	4.590E-2
22.383	3.723E-4	4.604E-2
22.391	3.674E-4	4.605E-2
22.399	3.405E-4	4.590E-2
22.408	2.073E-4	4.564E-2
22.416	9.066E-5	4.531E-2
22.424	-9.407E-5	4.493E-2
22.433	-2.719E-4	4.455E-2
22.441	-3.792E-4	4.419E-2
22.450	-5.275E-4	4.393E-2
22.458	-5.747E-4	4.379E-2
22.466	-5.963E-4	4.378E-2
22.475	-5.772E-4	4.387E-2
22.483	-5.382E-4	4.408E-2
22.492	-3.746E-4	4.442E-2
22.500	-2.571E-4	4.479E-2
22.508	-8.867E-5	4.519E-2
22.517	1.089E-4	4.554E-2
22.525	2.626E-4	4.582E-2
22.534	3.492E-4	4.599E-2
22.542	3.907E-4	4.606E-2
22.550	3.903E-4	4.594E-2
22.559	3.776E-4	4.569E-2
22.567	2.931E-4	4.539E-2
22.576	1.289E-4	4.500E-2
22.584	-5.067E-5	4.461E-2
22.592	-2.329E-4	4.426E-2
22.601	-3.819E-4	4.398E-2
22.609	-5.535E-4	4.380E-2
22.617	-5.947E-4	4.377E-2
22.626	-6.283E-4	4.383E-2
22.634	-6.026E-4	4.404E-2
22.643	-5.532E-4	4.432E-2
22.651	-4.287E-4	4.469E-2
22.659	-3.063E-4	4.507E-2
22.668	-1.090E-4	4.544E-2
22.676	1.070E-4	4.571E-2
22.685	3.013E-4	4.589E-2
22.693	4.017E-4	4.594E-2
22.701	5.184E-4	4.588E-2
22.710	4.766E-4	4.568E-2
22.718	4.293E-4	4.539E-2
22.727	3.310E-4	4.503E-2
22.735	1.363E-4	4.467E-2
22.743	-5.272E-5	4.430E-2
22.752	-2.679E-4	4.402E-2
22.760	-4.629E-4	4.381E-2
22.768	-6.142E-4	4.375E-2
22.777	-7.345E-4	4.380E-2
22.785	-8.029E-4	4.398E-2
22.794	-7.912E-4	4.426E-2
22.802	-6.636E-4	4.459E-2
22.810	-5.698E-4	4.497E-2
22.819	-3.619E-4	4.532E-2
22.827	-1.258E-4	4.563E-2
22.836	1.074E-4	4.583E-2
22.844	3.293E-4	4.591E-2
22.852	4.546E-4	4.587E-2
22.861	5.618E-4	4.571E-2
22.869	5.741E-4	4.545E-2
22.878	5.395E-4	4.512E-2
22.886	3.808E-4	4.477E-2
22.894	1.724E-4	4.444E-2
22.903	-6.255E-5	4.416E-2
22.911	-3.130E-4	4.398E-2
22.919	-5.455E-4	4.387E-2
22.928	-7.122E-4	4.388E-2
22.936	-8.258E-4	4.401E-2
22.945	-8.395E-4	4.424E-2
22.953	-8.042E-4	4.452E-2
22.961	-6.874E-4	4.487E-2
22.970	-5.457E-4	4.521E-2
22.978	-3.164E-4	4.548E-2
22.987	-6.967E-5	4.567E-2
22.995	1.770E-4	4.579E-2
23.003	3.817E-4	4.581E-2
23.012	5.693E-4	4.569E-2
23.020	6.290E-4	4.545E-2
23.029	6.229E-4	4.517E-2
23.037	5.548E-4	4.487E-2
23.045	3.579E-4	4.456E-2
23.054	1.262E-4	4.426E-2
23.062	-1.247E-4	4.404E-2
23.070	-3.713E-4	4.394E-2
23.079	-5.951E-4	4.396E-2
23.087	-7.993E-4	4.405E-2
23.096	-8.879E-4	4.424E-2
23.104	-9.502E-4	4.451E-2
23.112	-8.690E-4	4.479E-2
23.121	-7.083E-4	4.509E-2
23.129	-5.068E-4	4.539E-2
23.138	-2.310E-4	4.560E-2
23.146	7.932E-5	4.570E-2
23.154	3.411E-4	4.570E-2
23.163	5.764E-4	4.563E-2
23.171	7.223E-4	4.545E-2
23.180	7.631E-4	4.520E-2
23.188	7.230E-4	4.492E-2
23.196	5.657E-4	4.466E-2
23.205	3.449E-4	4.441E-2
23.213	8.138E-5	4.421E-2
23.221	-2.581E-4	4.408E-2
23.230	-5.578E-4	4.406E-2
23.238	-8.010E-4	4.409E-2
23.247	-9.708E-4	4.425E-2
23.255	-1.044E-3	4.447E-2
23.263	-1.031E-3	4.472E-2
23.272	-8.675E-4	4.498E-2
23.280	-6.285E-4	4.522E-2
23.289	-3.410E-4	4.542E-2
23.297	-6.164E-5	4.555E-2
23.305	2.819E-4	4.561E-2
23.314	5.465E-4	4.557E-2
23.322	7.673E-4	4.543E-2
23.331	8.552E-4	4.523E-2
23.339	8.488E-4	4.498E-2
23.347	7.688E-4	4.473E-2
23.356	5.749E-4	4.449E-2
23.364	3.034E-4	4.430E-2
23.372	-5.214E-5	4.419E-2
23.381	-3.567E-4	4.419E-2
23.389	-6.662E-4	4.421E-2
23.398	-9.355E-4	4.432E-2
23.406	-1.054E-3	4.449E-2
23.414	-1.073E-3	4.471E-2
23.423	-1.018E-3	4.494E-2
23.431	-8.035E-4	4.516E-2
23.440	-5.417E-4	4.534E-2
23.448	-2.340E-4	4.545E-2
23.456	1.178E-4	4.548E-2
23.465	4.058E-4	4.544E-2
23.473	6.747E-4	4.536E-2
23.482	8.416E-4	4.520E-2
23.490	9.037E-4	4.501E-2
23.498	8.370E-4	4.478E-2
23.507	6.416E-4	4.460E-2
23.515	3.682E-4	4.445E-2
23.523	7.691E-5	4.434E-2
23.532	-3.105E-4	4.430E-2
23.540	-6.072E-4	4.428E-2
23.549	-9.054E-4	4.436E-2
23.557	-1.091E-3	4.451E-2
23.565	-1.203E-3	4.469E-2
23.574	-1.174E-3	4.488E-2
23.582	-1.038E-3	4.506E-2
23.591	-7.887E-4	4.521E-2
23.599	-4.286E-4	4.533E-2
23.607	-1.045E-4	4.539E-2
23.616	2.963E-4	4.539E-2
23.624	5.881E-4	4.533E-2
23.633	8.263E-4	4.520E-2
23.641	9.986E-4	4.507E-2
23.649	1.014E-3	4.492E-2
23.658	8.417E-4	4.475E-2
23.666	6.016E-4	4.464E-2
23.674	2.967E-4	4.454E-2
23.683	-8.472E-5	4.449E-2
23.691	-4.758E-4	4.449E-2
23.700	-8.029E-4	4.453E-2
23.708	-1.040E-3	4.463E-2
23.716	-1.211E-3	4.474E-2
23.725	-1.234E-3	4.489E-2
23.733	-1.102E-3	4.500E-2
23.742	-9.255E-4	4.512E-2
23.750	-6.037E-4	4.519E-2
23.758	-2.745E-4	4.522E-2
23.767	1.172E-4	4.521E-2
23.775	4.989E-4	4.516E-2
23.784	7.727E-4	4.512E-2
23.792	9.863E-4	4.502E-2
23.800	1.034E-3	4.490E-2
23.809	9.733E-4	4.478E-2
23.817	7.268E-4	4.470E-2
23.826	3.820E-4	4.466E-2
23.834	3.674E-5	4.462E-2
23.842	-3.797E-4	4.464E-2
23.851	-7.476E-4	4.468E-2
23.859	-1.040E-3	4.473E-2
23.867	-1.238E-3	4.478E-2
23.876	-1.288E-3	4.487E-2
23.884	-1.247E-3	4.495E-2
23.893	-1.058E-3	4.502E-2
23.901	-7.871E-4	4.503E-2
23.909	-3.952E-4	4.507E-2
23.918	-2.184E-5	4.510E-2
23.926	3.537E-4	4.510E-2
23.935	6.711E-4	4.505E-2
23.943	9.026E-4	4.502E-2
23.951	1.026E-3	4.494E-2
23.960	1.024E-3	4.489E-2
23.968	8.297E-4	4.484E-2
23.977	5.686E-4	4.482E-2
23.985	2.025E-4	4.484E-2
23.993	-1.651E-4	4.486E-2
24.002	-5.594E-4	4.488E-2
24.010	-8.720E-4	4.492E-2
24.018	-1.152E-3	4.495E-2
24.027	-1.289E-3	4.494E-2
24.035	-1.280E-3	4.498E-2
24.044	-1.158E-3	4.498E-2
24.052	-9.259E-4	4.497E-2
24.060	-5.878E-4	4.496E-2
24.069	-1.762E-4	4.496E-2
24.077	1.510E-4	4.495E-2
24.086	5.397E-4	4.493E-2
24.094	8.087E-4	4.492E-2
24.102	1.015E-3	4.492E-2
24.111	1.032E-3	4.491E-2
24.119	9.529E-4	4.492E-2
24.128	6.689E-4	4.492E-2
24.136	3.457E-4	4.493E-2
24.144	-5.776E-5	4.494E-2
24.153	-4.024E-4	4.494E-2
24.161	-7.921E-4	4.494E-2
24.169	-1.053E-3	4.495E-2
24.178	-1.236E-3	4.494E-2
24.186	-1.273E-3	4.492E-2
24.195	-1.226E-3	4.491E-2
24.203	-1.029E-3	4.491E-2
24.211	-7.418E-4	4.488E-2
24.220	-3.490E-4	4.485E-2
24.228	7.081E-5	4.485E-2
24.237	3.928E-4	4.486E-2
24.245	7.326E-4	4.489E-2
24.253	9.137E-4	4.489E-2
24.262	1.016E-3	4.494E-2
24.270	9.980E-4	4.498E-2
24.279	8.084E-4	4.503E-2
24.287	5.468E-4	4.507E-2
24.295	1.581E-4	4.513E-2
24.304	-2.379E-4	4.514E-2
24.312	-5.916E-4	4.514E-2
24.320	-9.204E-4	4.513E-2
24.329	-1.161E-3	4.507E-2
24.337	-1.270E-3	4.500E-2
24.346	-1.253E-3	4.492E-2
24.354	-1.074E-3	4.485E-2
24.362	-8.181E-4	4.478E-2
24.371	-4.905E-4	4.472E-2
24.379	-1.180E-4	4.470E-2
24.388	2.537E-4	4.470E-2
24.396	5.705E-4	4.473E-2
24.404	8.171E-4	4.477E-2
24.413	1.009E-3	4.487E-2
24.421	1.023E-3	4.497E-2
24.430	8.557E-4	4.508E-2
24.438	6.148E-4	4.517E-2
24.446	3.346E-4	4.521E-2
24.455	-6.665E-5	4.522E-2
24.463	-4.036E-4	4.521E-2
24.471	-7.618E-4	4.517E-2
24.480	-1.016E-3	4.508E-2
24.488	-1.161E-3	4.497E-2
24.497	-1.202E-3	4.486E-2
24.505	-1.127E-3	4.473E-2
24.513	-9.692E-4	4.464E-2
24.522	-6.361E-4	4.455E-2
24.530	-3.101E-4	4.450E-2
24.539	8.064E-5	4.450E-2
24.547	3.939E-4	4.454E-2
24.555	6.696E-4	4.466E-2
24.564	8.392E-4	4.478E-2
24.572	9.090E-4	4.492E-2
24.581	8.268E-4	4.508E-2
24.589	6.385E-4	4.520E-2
24.597	3.619E-4	4.531E-2
24.606	6.999E-5	4.538E-2
24.614	-2.976E-4	4.538E-2
24.622	-6.022E-4	4.533E-2
24.631	-8.610E-4	4.519E-2
24.639	-1.043E-3	4.504E-2
24.648	-1.099E-3	4.486E-2
24.656	-1.054E-3	4.471E-2
24.664	-9.369E-4	4.455E-2
24.673	-7.281E-4	4.444E-2
24.681	-3.779E-4	4.439E-2
24.690	-7.018E-5	4.441E-2
24.698	2.948E-4	4.447E-2
24.706	5.860E-4	4.457E-2
24.715	8.122E-4	4.473E-2
24.723	8.816E-4	4.492E-2
24.732	8.650E-4	4.511E-2
24.740	7.747E-4	4.529E-2
24.748	5.637E-4	4.543E-2
24.757	2.917E-4	4.548E-2
24.765	-6.274E-5	4.546E-2
24.773	-3.589E-4	4.540E-2
24.782	-6.307E-4	4.528E-2
24.790	-8.319E-4	4.508E-2
24.799	-9.753E-4	4.490E-2
24.807	-9.926E-4	4.469E-2
24.815	-9.338E-4	4.449E-2
24.824	-7.766E-4	4.434E-2
24.832	-5.251E-4	4.424E-2
24.841	-2.221E-4	4.424E-2
24.849	1.019E-4	4.428E-2
24.857	3.705E-4	4.443E-2
24.866	5.999E-4	4.463E-2
24.874	7.854E-4	4.488E-2
24.883	8.063E-4	4.511E-2
24.891	7.979E-4	4.535E-2
24.899	6.101E-4	4.548E-2
24.908	3.743E-4	4.559E-2
24.916	1.096E-4	4.562E-2
24.924	-2.144E-4	4.558E-2
24.933	-5.339E-4	4.542E-2
24.941	-7.747E-4	4.519E-2
24.950	-9.031E-4	4.496E-2
24.958	-1.002E-3	4.472E-2
24.966	-9.781E-4	4.449E-2
24.975	-8.377E-4	4.428E-2
24.983	-5.978E-4	4.417E-2
24.992	-3.506E-4	4.416E-2
25.000	-8.361E-5	4.422E-2
25.008	1.736E-4	4.434E-2
25.017	3.964E-4	4.453E-2
25.025	5.847E-4	4.477E-2
25.034	6.744E-4	4.504E-2
25.042	6.554E-4	4.526E-2
25.050	5.678E-4	4.546E-2
25.059	3.779E-4	4.560E-2
25.067	1.436E-4	4.565E-2
25.076	-1.137E-4	4.561E-2
25.084	-3.548E-4	4.546E-2
25.092	-5.798E-4	4.523E-2
25.101	-7.863E-4	4.496E-2
25.109	-8.387E-4	4.469E-2
25.117	-8.316E-4	4.443E-2
25.126	-7.925E-4	4.422E-2
25.134	-6.224E-4	4.405E-2
25.143	-4.337E-4	4.400E-2
25.151	-2.340E-4	4.404E-2
25.159	9.036E-6	4.418E-2
25.168	2.197E-4	4.442E-2
25.176	3.869E-4	4.470E-2
25.185	5.502E-4	4.498E-2
25.193	5.762E-4	4.526E-2
25.201	5.784E-4	4.548E-2
25.210	4.385E-4	4.564E-2
25.218	2.947E-4	4.569E-2
25.227	8.971E-5	4.567E-2
25.235	-1.322E-4	4.555E-2
25.243	-3.503E-4	4.535E-2
25.252	-5.476E-4	4.507E-2
25.260	-6.890E-4	4.478E-2
25.268	-7.870E-4	4.448E-2
25.277	-7.864E-4	4.423E-2
25.285	-6.827E-4	4.403E-2
25.294	-5.637E-4	4.396E-2
25.302	-3.559E-4	4.399E-2
25.310	-1.261E-4	4.410E-2
25.319	9.738E-5	4.430E-2
25.327	2.978E-4	4.456E-2
25.336	4.132E-4	4.488E-2
25.344	5.373E-4	4.521E-2
25.352	5.584E-4	4.547E-2
25.361	5.285E-4	4.565E-2
25.369	4.097E-4	4.577E-2
25.378	2.129E-4	4.579E-2
25.386	3.623E-5	4.567E-2
25.394	-1.764E-4	4.545E-2
25.403	-3.784E-4	4.516E-2
25.411	-5.570E-4	4.484E-2
25.419	-6.092E-4	4.454E-2
25.428	-6.332E-4	4.424E-2
25.436	-5.929E-4	4.402E-2
25.445	-5.432E-4	4.391E-2
25.453	-3.963E-4	4.394E-2
25.461	-2.535E-4	4.404E-2
25.470	-8.329E-5	4.423E-2
25.478	1.178E-4	4.451E-2
25.487	2.812E-4	4.484E-2
25.495	3.627E-4	4.519E-2
25.503	4.126E-4	4.547E-2
25.512	3.972E-4	4.569E-2
25.520	3.617E-4	4.583E-2
25.529	3.007E-4	4.585E-2
25.537	1.344E-4	4.577E-2
25.545	-4.196E-5	4.560E-2
25.554	-1.881E-4	4.532E-2
25.562	-3.630E-4	4.498E-2
25.570	-5.140E-4	4.464E-2
25.579	-5.816E-4	4.434E-2
25.587	-5.979E-4	4.407E-2
25.596	-5.814E-4	4.391E-2
25.604	-5.376E-4	4.394E-2
25.612	-3.762E-4	4.400E-2
25.621	-2.810E-4	4.419E-2
25.629	-1.096E-4	4.447E-2
25.638	7.069E-5	4.479E-2
25.646	1.724E-4	4.513E-2
25.654	3.231E-4	4.545E-2
25.663	3.697E-4	4.568E-2
25.671	3.724E-4	4.585E-2
25.680	3.613E-4	4.589E-2
25.688	2.931E-4	4.584E-2
25.696	1.516E-4	4.565E-2
25.705	5.337E-6	4.538E-2
25.713	-1.303E-4	4.504E-2
25.721	-3.036E-4	4.469E-2
25.730	-3.782E-4	4.436E-2
25.738	-5.134E-4	4.412E-2
25.747	-5.496E-4	4.392E-2
25.755	-5.549E-4	4.387E-2
25.763	-5.476E-4	4.390E-2
25.772	-3.751E-4	4.409E-2
25.780	-2.896E-4	4.432E-2
25.789	-1.193E-4	4.466E-2
25.797	1.550E-5	4.500E-2
25.805	1.271E-4	4.534E-2
25.814	2.432E-4	4.563E-2
25.822	3.202E-4	4.581E-2
25.831	3.467E-4	4.589E-2
25.839	3.468E-4	4.586E-2
25.847	2.949E-4	4.568E-2
25.856	1.524E-4	4.544E-2
25.864	6.727E-5	4.511E-2
25.872	-9.178E-5	4.476E-2
25.881	-2.577E-4	4.443E-2
25.889	-3.482E-4	4.417E-2
25.898	-4.845E-4	4.398E-2
25.906	-5.536E-4	4.387E-2
25.914	-5.564E-4	4.385E-2
25.923	-5.451E-4	4.402E-2
25.931	-4.314E-4	4.425E-2
25.940	-3.403E-4	4.455E-2
25.948	-1.737E-4	4.490E-2
25.956	-5.331E-5	4.524E-2
25.965	1.128E-4	4.553E-2
25.973	2.197E-4	4.576E-2
25.982	3.317E-4	4.588E-2
25.990	3.589E-4	4.587E-2
25.998	3.583E-4	4.573E-2
26.007	3.260E-4	4.548E-2
26.015	1.851E-4	4.518E-2
26.023	9.244E-5	4.483E-2
26.032	-8.697E-5	4.451E-2
26.040	-2.569E-4	4.422E-2
26.049	-3.629E-4	4.400E-2
26.057	-5.163E-4	4.389E-2
26.065	-5.721E-4	4.392E-2
26.074	-5.713E-4	4.404E-2
26.082	-5.666E-4	4.425E-2
26.091	-5.155E-4	4.452E-2
26.099	-3.572E-4	4.484E-2
26.107	-2.166E-4	4.520E-2
26.116	-8.337E-5	4.548E-2
26.124	1.042E-4	4.569E-2
26.133	2.426E-4	4.582E-2
26.141	3.398E-4	4.584E-2
26.149	3.862E-4	4.574E-2
26.158	3.761E-4	4.559E-2
26.166	3.418E-4	4.531E-2
26.174	2.240E-4	4.498E-2
26.183	9.194E-5	4.466E-2
26.191	-1.024E-4	4.437E-2
26.200	-2.940E-4	4.416E-2
26.208	-4.231E-4	4.403E-2
26.216	-5.893E-4	4.402E-2
26.225	-5.980E-4	4.405E-2
26.233	-6.059E-4	4.424E-2
26.242	5.190E-4	4.561E-2
26.250	4.585E-4	4.538E-2
26.258	3.615E-4	4.507E-2
26.267	2.528E-4	4.476E-2
26.275	-3.607E-4	4.407E-2
26.284	-5.557E-4	4.402E-2
26.292	-6.416E-4	4.403E-2
26.300	-7.801E-4	4.422E-2
26.309	-8.087E-4	4.446E-2
26.317	-7.501E-4	4.473E-2
26.326	-6.160E-4	4.501E-2
26.334	-4.067E-4	4.530E-2
26.342	-2.485E-4	4.556E-2
26.351	-3.787E-5	4.569E-2
26.359	1.630E-4	4.574E-2
26.367	3.433E-4	4.568E-2
26.376	4.885E-4	4.555E-2
26.384	5.254E-4	4.536E-2
26.393	5.254E-4	4.510E-2
26.401	3.904E-4	4.481E-2
26.409	2.172E-4	4.456E-2
26.418	-1.447E-5	4.431E-2
26.426	-2.617E-4	4.415E-2
26.435	-4.973E-4	4.409E-2
26.443	-6.881E-4	4.407E-2
26.451	-8.468E-4	4.421E-2
26.460	-8.405E-4	4.443E-2
26.468	-8.510E-4	4.467E-2
26.477	-7.769E-4	4.495E-2
26.485	-5.955E-4	4.519E-2
26.493	-3.570E-4	4.541E-2
26.502	-1.195E-4	4.559E-2
26.510	1.255E-4	4.565E-2
26.518	3.623E-4	4.564E-2
26.527	5.649E-4	4.554E-2
26.535	6.318E-4	4.538E-2
26.544	6.349E-4	4.515E-2
26.552	5.856E-4	4.491E-2
26.560	4.015E-4	4.466E-2
26.569	1.704E-4	4.445E-2
26.577	-8.060E-5	4.428E-2
26.586	-3.388E-4	4.421E-2
26.594	-5.766E-4	4.422E-2
26.602	-7.960E-4	4.429E-2
26.611	-8.720E-4	4.447E-2
26.619	-9.705E-4	4.467E-2
26.628	-9.060E-4	4.491E-2
26.636	-7.994E-4	4.514E-2
26.644	-5.790E-4	4.536E-2
26.653	-3.246E-4	4.549E-2
26.661	-4.025E-5	4.558E-2
26.669	2.455E-4	4.559E-2
26.678	4.430E-4	4.550E-2
26.686	5.806E-4	4.537E-2
26.695	6.569E-4	4.516E-2
26.703	6.245E-4	4.494E-2
26.711	5.321E-4	4.473E-2
26.720	3.302E-4	4.452E-2
26.728	9.699E-5	4.440E-2
26.737	-1.859E-4	4.430E-2
26.745	-5.187E-4	4.428E-2
26.753	-7.720E-4	4.432E-2
26.762	-9.508E-4	4.445E-2
26.770	-1.045E-3	4.464E-2
26.779	-1.037E-3	4.483E-2
26.787	-9.124E-4	4.504E-2
26.795	-7.541E-4	4.519E-2
26.804	-5.001E-4	4.535E-2
26.812	-1.861E-4	4.542E-2
26.820	9.385E-5	4.542E-2
26.829	3.712E-4	4.539E-2
26.837	5.799E-4	4.528E-2
26.846	7.400E-4	4.515E-2
26.854	7.346E-4	4.497E-2
26.862	6.104E-4	4.478E-2
26.871	4.264E-4	4.461E-2
26.879	1.704E-4	4.450E-2
26.888	-1.365E-4	4.444E-2
26.896	-3.998E-4	4.443E-2
26.904	-6.727E-4	4.447E-2
26.913	-9.282E-4	4.454E-2
26.921	-1.079E-3	4.467E-2
26.930	-1.090E-3	4.483E-2
26.938	-1.030E-3	4.499E-2
26.946	-8.424E-4	4.514E-2
26.955	-5.922E-4	4.524E-2
26.963	-3.095E-4	4.531E-2
26.971	4.684E-5	4.536E-2
26.980	3.328E-4	4.534E-2
26.988	5.808E-4	4.524E-2
26.997	7.876E-4	4.514E-2
27.005	8.368E-4	4.499E-2
27.013	8.179E-4	4.486E-2
27.022	6.352E-4	4.474E-2
27.030	3.864E-4	4.464E-2
27.039	1.099E-4	4.457E-2
27.047	-2.368E-4	4.452E-2
27.055	-5.674E-4	4.453E-2
27.064	-8.263E-4	4.457E-2
27.072	-1.023E-3	4.468E-2
27.081	-1.072E-3	4.478E-2
27.089	-1.049E-3	4.490E-2
27.097	-9.526E-4	4.500E-2
27.106	-7.515E-4	4.509E-2
27.114	-4.502E-4	4.516E-2
27.122	-1.227E-4	4.516E-2
27.131	2.049E-4	4.517E-2
27.139	5.244E-4	4.513E-2
27.148	7.648E-4	4.507E-2
27.156	8.624E-4	4.498E-2
27.164	8.637E-4	4.488E-2
27.173	7.862E-4	4.479E-2
27.181	5.745E-4	4.471E-2
27.190	2.926E-4	4.467E-2
27.198	-6.454E-5	4.468E-2
27.206	-3.741E-4	4.469E-2
27.215	-6.912E-4	4.472E-2
27.223	-9.585E-4	4.474E-2
27.232	-1.067E-3	4.483E-2
27.240	-1.081E-3	4.492E-2
27.248	-1.016E-3	4.498E-2
27.257	-8.167E-4	4.502E-2
27.265	-5.487E-4	4.504E-2
27.273	-2.055E-4	4.501E-2
27.282	1.147E-4	4.500E-2
27.290	4.088E-4	4.497E-2
27.299	6.706E-4	4.493E-2
27.307	8.286E-4	4.489E-2
27.315	8.879E-4	4.485E-2
27.324	8.188E-4	4.486E-2
27.332	6.283E-4	4.480E-2
27.341	3.571E-4	4.475E-2
27.349	8.042E-5	4.474E-2
27.357	-2.976E-4	4.474E-2
27.366	-5.922E-4	4.475E-2
27.374	-8.578E-4	4.475E-2
27.383	-1.042E-3	4.478E-2
27.391	-1.092E-3	4.482E-2
27.399	-1.042E-3	4.488E-2
27.408	-9.142E-4	4.492E-2
27.416	-6.937E-4	4.493E-2
27.424	-3.689E-4	4.493E-2
27.433	-5.062E-5	4.493E-2
27.441	3.229E-4	4.491E-2
27.450	6.005E-4	4.490E-2
27.458	8.251E-4	4.490E-2
27.466	9.129E-4	4.490E-2
27.475	8.757E-4	4.491E-2
27.483	7.757E-4	4.491E-2
27.492	5.520E-4	4.492E-2
27.500	2.087E-4	4.493E-2
27.508	-1.226E-4	4.493E-2
27.517	-4.737E-4	4.495E-2
27.525	-7.874E-4	4.495E-2
27.534	-1.017E-3	4.495E-2
27.542	-1.096E-3	4.494E-2
27.550	-1.077E-3	4.493E-2
27.559	-1.005E-3	4.491E-2
27.567	-7.971E-4	4.489E-2
27.576	-5.293E-4	4.488E-2
27.584	-1.631E-4	4.489E-2
27.592	1.504E-4	4.485E-2
27.601	4.522E-4	4.487E-2
27.609	6.987E-4	4.489E-2
27.617	8.289E-4	4.493E-2
27.626	8.675E-4	4.495E-2
27.634	7.995E-4	4.496E-2
27.643	5.907E-4	4.501E-2
27.651	3.422E-4	4.504E-2
27.659	2.304E-6	4.511E-2
27.668	-3.500E-4	4.513E-2
27.676	-6.165E-4	4.513E-2
27.685	-8.778E-4	4.513E-2
27.693	-1.061E-3	4.505E-2
27.701	-1.087E-3	4.498E-2
27.710	-1.034E-3	4.492E-2
27.718	-8.503E-4	4.485E-2
27.727	-5.812E-4	4.479E-2
27.735	-3.087E-4	4.476E-2
27.743	4.566E-5	4.472E-2
27.752	3.515E-4	4.472E-2
27.760	6.010E-4	4.475E-2
27.768	8.098E-4	4.479E-2
27.777	8.588E-4	4.488E-2
27.785	8.302E-4	4.497E-2
27.794	6.589E-4	4.504E-2
27.802	4.148E-4	4.511E-2
27.810	1.211E-4	4.516E-2
27.819	-1.607E-4	4.517E-2
27.827	-5.145E-4	4.516E-2
27.836	-7.952E-4	4.513E-2
27.844	-9.886E-4	4.505E-2
27.852	-1.059E-3	4.495E-2
27.861	-1.043E-3	4.485E-2
27.869	-9.411E-4	4.474E-2
27.878	-7.594E-4	4.467E-2
27.886	-4.928E-4	4.461E-2
27.894	-1.474E-4	4.463E-2
27.903	1.426E-4	4.464E-2
27.911	4.270E-4	4.470E-2
27.919	6.269E-4	4.477E-2
27.928	7.856E-4	4.490E-2
27.936	8.002E-4	4.501E-2
27.945	7.008E-4	4.513E-2
27.953	5.252E-4	4.522E-2
27.961	2.742E-4	4.530E-2
27.970	-7.691E-5	4.536E-2
27.978	-3.564E-4	4.535E-2
27.987	-6.110E-4	4.525E-2
27.995	-8.289E-4	4.514E-2
28.003	-9.892E-4	4.500E-2
28.012	-1.022E-3	4.484E-2
28.020	-9.667E-4	4.472E-2
28.029	-8.116E-4	4.459E-2
28.037	-5.729E-4	4.452E-2
28.045	-3.009E-4	4.450E-2
28.054	1.144E-5	4.449E-2
28.062	3.147E-4	4.453E-2
28.070	5.588E-4	4.466E-2
28.079	6.842E-4	4.480E-2
28.087	7.700E-4	4.496E-2
28.096	7.303E-4	4.512E-2
28.104	5.738E-4	4.525E-2
28.112	3.494E-4	4.537E-2
28.121	1.063E-4	4.541E-2
28.129	-1.721E-4	4.540E-2
28.138	-4.560E-4	4.534E-2
28.146	-7.132E-4	4.519E-2
28.154	-8.493E-4	4.501E-2
28.163	-9.126E-4	4.483E-2
28.171	-9.397E-4	4.468E-2
28.180	-8.305E-4	4.450E-2
28.188	-6.095E-4	4.440E-2
28.196	-3.638E-4	4.434E-2
28.205	-1.009E-4	4.431E-2
28.213	1.566E-4	4.442E-2
28.221	3.861E-4	4.453E-2
28.230	5.825E-4	4.471E-2
28.238	6.691E-4	4.491E-2
28.247	6.555E-4	4.513E-2
28.255	5.829E-4	4.532E-2
28.263	3.955E-4	4.544E-2
28.272	1.589E-4	4.549E-2
28.280	-9.203E-5	4.547E-2
28.289	-3.427E-4	4.541E-2
28.297	-5.755E-4	4.525E-2
28.305	-7.748E-4	4.505E-2
28.314	-8.373E-4	4.487E-2
28.322	-8.484E-4	4.466E-2
28.331	-7.959E-4	4.448E-2
28.339	-6.332E-4	4.432E-2
28.347	-4.549E-4	4.423E-2
28.356	-2.573E-4	4.423E-2
28.364	-8.508E-6	4.428E-2
28.372	2.057E-4	4.445E-2
28.381	3.838E-4	4.465E-2
28.389	5.568E-4	4.489E-2
28.398	5.929E-4	4.514E-2
28.406	5.691E-4	4.537E-2
28.414	4.443E-4	4.551E-2
28.423	2.989E-4	4.563E-2
28.431	9.402E-5	4.564E-2
28.440	-1.291E-4	4.558E-2
28.448	-3.470E-4	4.542E-2
28.456	-5.508E-4	4.519E-2
28.465	-6.921E-4	4.496E-2
28.473	-7.868E-4	4.471E-2
28.482	-7.847E-4	4.448E-2
28.490	-6.682E-4	4.428E-2
28.498	-5.678E-4	4.419E-2
28.507	-3.517E-4	4.419E-2
28.515	-1.222E-4	4.421E-2
28.523	1.071E-4	4.440E-2
28.532	3.107E-4	4.463E-2
28.540	4.212E-4	4.487E-2
28.549	5.396E-4	4.515E-2
28.557	5.694E-4	4.539E-2
28.565	5.240E-4	4.558E-2
28.574	3.934E-4	4.569E-2
28.582	1.940E-4	4.571E-2
28.591	-1.110E-5	4.565E-2
28.599	-2.242E-4	4.548E-2
28.607	-3.892E-4	4.526E-2
28.616	-5.607E-4	4.500E-2
28.624	-5.957E-4	4.471E-2
28.633	-6.329E-4	4.446E-2
28.641	-5.905E-4	4.424E-2
28.649	-5.452E-4	4.410E-2
28.658	-3.648E-4	4.403E-2
28.666	-2.065E-4	4.404E-2
28.674	-5.950E-5	4.422E-2
28.683	1.293E-4	4.446E-2
28.691	3.215E-4	4.471E-2
28.700	3.972E-4	4.498E-2
28.708	4.362E-4	4.525E-2
28.716	4.127E-4	4.546E-2
28.725	3.594E-4	4.561E-2
28.733	2.518E-4	4.566E-2
28.742	9.088E-5	4.563E-2
28.750	-9.722E-5	4.551E-2
28.758	-2.837E-4	4.526E-2
28.767	-3.892E-4	4.498E-2
28.775	-5.220E-4	4.470E-2
28.784	-5.634E-4	4.443E-2
28.792	-5.891E-4	4.421E-2
28.800	-5.642E-4	4.403E-2
28.809	-4.980E-4	4.398E-2
28.817	-3.536E-4	4.401E-2
28.826	-1.907E-4	4.413E-2
28.834	-7.688E-5	4.438E-2
28.842	1.026E-4	4.466E-2
28.851	2.139E-4	4.496E-2
28.859	3.261E-4	4.523E-2
28.867	3.536E-4	4.546E-2
28.876	3.566E-4	4.564E-2
28.884	3.224E-4	4.572E-2
28.893	1.740E-4	4.569E-2
28.901	8.568E-5	4.559E-2
28.909	-8.821E-5	4.540E-2
28.918	-2.409E-4	4.512E-2
28.926	-3.530E-4	4.482E-2
28.935	-4.664E-4	4.455E-2
28.943	-5.442E-4	4.427E-2
28.951	-5.645E-4	4.407E-2
28.960	-5.607E-4	4.399E-2
28.968	-4.526E-4	4.400E-2
28.977	-3.547E-4	4.410E-2
28.985	-2.160E-4	4.428E-2
28.993	-1.076E-4	4.454E-2
29.002	6.886E-5	4.482E-2
29.010	1.481E-4	4.515E-2
29.018	2.510E-4	4.543E-2
29.027	2.996E-4	4.563E-2
29.035	3.183E-4	4.574E-2
29.044	2.690E-4	4.572E-2
29.052	1.359E-4	4.563E-2
29.060	6.585E-5	4.544E-2
29.069	-8.976E-5	4.517E-2
29.077	-2.054E-4	4.488E-2
29.086	-3.383E-4	4.458E-2
29.094	-3.840E-4	4.428E-2
29.102	-4.800E-4	4.405E-2
29.111	-5.302E-4	4.396E-2
29.119	-5.224E-4	4.395E-2
29.128	-4.440E-4	4.403E-2
29.136	-3.771E-4	4.422E-2
29.144	-2.670E-4	4.448E-2
29.153	-1.285E-4	4.477E-2
29.161	-3.233E-6	4.507E-2
29.169	1.001E-4	4.538E-2
29.178	1.824E-4	4.562E-2
29.186	1.972E-4	4.573E-2
29.195	1.982E-4	4.577E-2
29.203	1.857E-4	4.569E-2
29.211	1.188E-4	4.553E-2
29.220	6.821E-5	4.531E-2
29.228	-8.476E-5	4.501E-2
29.237	-1.723E-4	4.469E-2
29.245	-3.148E-4	4.442E-2
29.253	-3.711E-4	4.420E-2
29.262	-4.515E-4	4.405E-2
29.270	-5.335E-4	4.400E-2
29.279	-5.359E-4	4.404E-2
29.287	-4.862E-4	4.422E-2
29.295	-3.902E-4	4.446E-2
29.304	-3.035E-4	4.474E-2
29.312	-1.424E-4	4.503E-2
29.320	-3.406E-5	4.531E-2
29.329	9.849E-5	4.557E-2
29.337	1.837E-4	4.573E-2
29.346	2.490E-4	4.574E-2
29.354	2.941E-4	4.569E-2
29.362	2.975E-4	4.555E-2
29.371	2.303E-4	4.535E-2
29.379	1.171E-4	4.507E-2
29.388	-1.542E-5	4.477E-2
29.396	-1.356E-4	4.447E-2
29.404	-2.972E-4	4.424E-2
29.413	-3.746E-4	4.406E-2
29.421	-5.012E-4	4.400E-2
29.430	-5.534E-4	4.402E-2
29.438	-5.587E-4	4.417E-2
29.446	-5.536E-4	4.442E-2
29.455	-3.941E-4	4.469E-2
29.463	-3.089E-4	4.497E-2
29.471	-1.361E-4	4.524E-2
29.480	-2.324E-5	4.546E-2
29.488	1.212E-4	4.564E-2
29.497	2.387E-4	4.570E-2
29.505	3.290E-4	4.568E-2
29.513	3.515E-4	4.558E-2
29.522	3.541E-4	4.538E-2
29.530	3.115E-4	4.512E-2
29.539	1.564E-4	4.484E-2
29.547	6.042E-5	4.457E-2
29.555	-1.000E-4	4.430E-2
29.564	-2.793E-4	4.412E-2
29.572	-3.747E-4	4.401E-2
29.581	-5.147E-4	4.402E-2
29.589	-5.611E-4	4.412E-2
29.597	-5.611E-4	4.434E-2
29.606	-5.566E-4	4.457E-2
29.614	-4.108E-4	4.484E-2
29.622	-3.268E-4	4.513E-2
29.631	-1.367E-4	4.539E-2
29.639	2.898E-5	4.559E-2
29.648	1.386E-4	4.568E-2
29.656	3.235E-4	4.567E-2
29.664	3.776E-4	4.558E-2
29.673	4.025E-4	4.541E-2
29.681	3.736E-4	4.517E-2
29.690	3.337E-4	4.490E-2
29.698	1.512E-4	4.464E-2
29.706	-1.679E-5	4.442E-2
29.715	-1.707E-4	4.424E-2
29.723	-3.469E-4	4.413E-2
29.732	-5.289E-4	4.415E-2
29.740	-5.902E-4	4.423E-2
29.748	-6.246E-4	4.441E-2
29.757	-6.068E-4	4.465E-2
29.765	-5.506E-4	4.490E-2
29.773	-4.276E-4	4.516E-2
29.782	-3.109E-4	4.539E-2
29.790	-1.082E-4	4.557E-2
29.799	1.073E-4	4.567E-2
29.807	2.996E-4	4.566E-2
29.815	4.021E-4	4.562E-2
29.824	5.204E-4	4.545E-2
29.832	5.125E-4	4.524E-2
29.841	4.021E-4	4.498E-2
29.849	3.167E-4	4.472E-2
29.857	1.307E-4	4.449E-2
29.866	-7.487E-5	4.430E-2
29.874	-2.983E-4	4.419E-2
29.883	-4.806E-4	4.417E-2
29.891	-6.159E-4	4.423E-2
29.899	-7.454E-4	4.437E-2
29.908	-7.787E-4	4.458E-2
29.916	-7.773E-4	4.482E-2
29.924	-6.192E-4	4.509E-2
29.933	-4.917E-4	4.532E-2
29.941	-3.101E-4	4.549E-2
29.950	-8.321E-5	4.560E-2
29.958	1.405E-4	4.560E-2
29.966	3.393E-4	4.560E-2
29.975	4.850E-4	4.546E-2
29.983	5.490E-4	4.527E-2
29.992	5.629E-4	4.504E-2
30.000	4.443E-4	4.479E-2
30.008	3.108E-4	4.456E-2
30.017	1.076E-4	4.437E-2
30.025	-1.182E-4	4.427E-2
30.034	-3.432E-4	4.423E-2
30.042	-5.619E-4	4.427E-2
30.050	-7.292E-4	4.438E-2
30.059	-8.092E-4	4.455E-2
30.067	-8.017E-4	4.473E-2
30.076	-7.575E-4	4.494E-2
30.084	-5.813E-4	4.514E-2
30.092	-3.659E-4	4.533E-2
30.101	-1.305E-4	4.543E-2
30.109	1.174E-4	4.545E-2
30.117	3.568E-4	4.544E-2
30.126	5.483E-4	4.536E-2
30.134	6.373E-4	4.519E-2
30.143	6.507E-4	4.502E-2
30.151	6.012E-4	4.482E-2
30.159	4.636E-4	4.467E-2
30.168	2.622E-4	4.449E-2
30.176	-3.404E-5	4.441E-2
30.185	-3.109E-4	4.436E-2
30.193	-5.513E-4	4.440E-2
30.201	-7.516E-4	4.447E-2
30.210	-8.556E-4	4.460E-2
30.218	-8.447E-4	4.477E-2
30.227	-8.301E-4	4.494E-2
30.235	-7.404E-4	4.512E-2
30.243	-5.549E-4	4.524E-2
30.252	-3.185E-4	4.536E-2
30.260	-5.898E-5	4.541E-2
30.268	1.885E-4	4.540E-2
30.277	4.074E-4	4.535E-2
30.285	5.825E-4	4.522E-2
30.294	6.470E-4	4.509E-2
30.302	6.394E-4	4.493E-2
30.310	5.542E-4	4.475E-2
30.319	3.643E-4	4.464E-2
30.327	1.175E-4	4.452E-2
30.336	-1.424E-4	4.447E-2
30.344	-3.891E-4	4.448E-2
30.352	-6.031E-4	4.451E-2
30.361	-7.949E-4	4.463E-2
30.369	-8.876E-4	4.474E-2
30.378	-9.264E-4	4.489E-2
30.386	-8.317E-4	4.503E-2
30.394	-6.311E-4	4.514E-2
30.403	-3.902E-4	4.521E-2
30.411	-1.066E-4	4.525E-2
30.419	1.514E-4	4.523E-2
30.428	3.918E-4	4.521E-2
30.436	6.072E-4	4.512E-2
30.445	7.543E-4	4.500E-2
30.453	8.113E-4	4.489E-2
30.461	7.059E-4	4.476E-2
30.470	5.597E-4	4.467E-2
30.478	3.315E-4	4.460E-2
30.487	4.186E-5	4.455E-2
30.495	-2.981E-4	4.453E-2
30.503	-5.563E-4	4.454E-2
30.512	-7.922E-4	4.463E-2
30.520	-9.237E-4	4.473E-2
30.529	-9.830E-4	4.484E-2
30.537	-9.814E-4	4.495E-2
30.545	-8.147E-4	4.503E-2
30.554	-5.765E-4	4.509E-2
30.562	-3.222E-4	4.515E-2
30.570	-3.816E-5	4.516E-2
30.579	2.913E-4	4.516E-2
30.587	5.459E-4	4.510E-2
30.596	7.121E-4	4.502E-2
30.604	7.871E-4	4.493E-2
30.612	7.907E-4	4.484E-2
30.621	6.138E-4	4.478E-2
30.629	3.856E-4	4.472E-2
30.638	1.273E-4	4.469E-2
30.646	-1.534E-4	4.469E-2
30.654	-4.703E-4	4.470E-2
30.663	-7.474E-4	4.474E-2
30.671	-9.182E-4	4.478E-2
30.680	-1.037E-3	4.484E-2
30.688	-1.027E-3	4.492E-2
30.696	-8.769E-4	4.497E-2
30.705	-7.215E-4	4.501E-2
30.713	-4.670E-4	4.501E-2
30.721	-1.588E-4	4.499E-2
30.730	1.223E-4	4.498E-2
30.738	3.951E-4	4.496E-2
30.747	6.012E-4	4.491E-2
30.755	7.671E-4	4.487E-2
30.763	7.889E-4	4.483E-2
30.772	6.743E-4	4.481E-2
30.780	5.019E-4	4.477E-2
30.789	1.964E-4	4.475E-2
30.797	-1.086E-4	4.474E-2
30.805	-3.774E-4	4.474E-2
30.814	-6.286E-4	4.473E-2
30.822	-8.370E-4	4.478E-2
30.831	-9.905E-4	4.479E-2
30.839	-1.006E-3	4.477E-2
30.847	-9.746E-4	4.481E-2
30.856	-8.060E-4	4.480E-2
30.864	-5.669E-4	4.478E-2
30.872	-2.921E-4	4.476E-2
30.881	6.415E-5	4.474E-2
30.889	3.532E-4	4.473E-2
30.898	5.889E-4	4.470E-2
30.906	7.727E-4	4.470E-2
30.914	8.262E-4	4.470E-2
30.923	7.905E-4	4.471E-2
30.931	6.132E-4	4.471E-2
30.940	3.810E-4	4.471E-2
30.948	1.126E-4	4.473E-2
30.956	-2.134E-4	4.474E-2
30.965	-5.428E-4	4.475E-2
30.973	-7.849E-4	4.475E-2
30.982	-9.467E-4	4.474E-2
30.990	-1.029E-3	4.474E-2
30.998	-1.024E-3	4.473E-2
31.007	-8.386E-4	4.469E-2
31.015	-6.036E-4	4.468E-2
31.023	-3.467E-4	4.468E-2
31.032	-7.169E-5	4.468E-2
31.040	2.241E-4	4.469E-2
31.049	4.830E-4	4.469E-2
31.057	6.351E-4	4.471E-2
31.065	7.732E-4	4.473E-2
31.074	7.881E-4	4.475E-2
31.082	6.395E-4	4.479E-2
31.091	4.274E-4	4.482E-2
31.099	1.526E-4	4.488E-2
31.107	-1.236E-4	4.494E-2
31.116	-3.830E-4	4.494E-2
31.124	-6.271E-4	4.494E-2
31.133	-8.179E-4	4.491E-2
31.141	-9.564E-4	4.488E-2
31.149	-9.758E-4	4.486E-2
31.158	-8.817E-4	4.478E-2
31.166	-7.644E-4	4.472E-2
31.174	-5.302E-4	4.468E-2
31.183	-2.409E-4	4.468E-2
31.191	7.496E-5	4.468E-2
31.200	3.406E-4	4.469E-2
31.208	5.802E-4	4.473E-2
31.216	7.119E-4	4.478E-2
31.225	7.578E-4	4.487E-2
31.233	6.687E-4	4.496E-2
31.242	5.463E-4	4.501E-2
31.250	3.265E-4	4.503E-2
31.258	3.982E-5	4.508E-2
31.267	-3.049E-4	4.511E-2
31.275	-5.722E-4	4.512E-2
31.284	-7.952E-4	4.507E-2
31.292	-9.159E-4	4.500E-2
31.300	-1.000E-3	4.490E-2
31.309	-9.922E-4	4.479E-2
31.317	-8.175E-4	4.470E-2
31.326	-5.878E-4	4.464E-2
31.334	-3.411E-4	4.460E-2
31.342	-6.499E-5	4.462E-2
31.351	2.089E-4	4.464E-2
31.359	4.241E-4	4.473E-2
31.367	5.888E-4	4.481E-2
31.376	6.567E-4	4.491E-2
31.384	6.328E-4	4.502E-2
31.393	5.465E-4	4.512E-2
31.401	3.460E-4	4.520E-2
31.409	1.080E-4	4.521E-2
31.418	-1.406E-4	4.523E-2
31.426	-3.841E-4	4.519E-2
31.435	-5.986E-4	4.514E-2
31.443	-7.901E-4	4.502E-2
31.451	-8.466E-4	4.490E-2
31.460	-8.319E-4	4.476E-2
31.468	-7.660E-4	4.465E-2
31.477	-5.716E-4	4.453E-2
31.485	-3.430E-4	4.447E-2
31.493	-1.016E-4	4.447E-2
31.502	1.458E-4	4.449E-2
31.510	3.816E-4	4.456E-2
31.518	5.826E-4	4.468E-2
31.527	6.636E-4	4.481E-2
31.535	6.613E-4	4.495E-2
31.544	5.938E-4	4.509E-2
31.552	4.219E-4	4.522E-2
31.560	1.985E-4	4.529E-2
31.569	-5.758E-5	4.535E-2
31.577	-3.233E-4	4.534E-2
31.586	-5.546E-4	4.523E-2
31.594	-7.310E-4	4.512E-2
31.602	-8.320E-4	4.496E-2
31.611	-8.392E-4	4.478E-2
31.619	-8.200E-4	4.463E-2
31.628	-6.371E-4	4.450E-2
31.636	-4.790E-4	4.443E-2
31.644	-2.798E-4	4.442E-2
31.653	-4.838E-5	4.444E-2
31.661	1.784E-4	4.451E-2
31.669	3.682E-4	4.467E-2
31.678	5.493E-4	4.483E-2
31.686	5.963E-4	4.501E-2
31.695	5.851E-4	4.517E-2
31.703	4.650E-4	4.533E-2
31.711	2.997E-4	4.543E-2
31.720	1.060E-4	4.542E-2
31.728	-1.199E-4	4.542E-2
31.737	-3.405E-4	4.535E-2
31.745	-5.454E-4	4.520E-2
31.753	-6.679E-4	4.501E-2
31.762	-7.913E-4	4.482E-2
31.770	-7.909E-4	4.466E-2
31.779	-6.956E-4	4.448E-2
31.787	-5.688E-4	4.437E-2
31.795	-3.584E-4	4.432E-2
31.804	-1.302E-4	4.431E-2
31.812	1.024E-4	4.442E-2
31.820	3.101E-4	4.455E-2
31.829	4.177E-4	4.474E-2
31.837	5.556E-4	4.495E-2
31.846	5.720E-4	4.514E-2
31.854	5.293E-4	4.533E-2
31.862	3.936E-4	4.544E-2
31.871	1.894E-4	4.549E-2
31.879	-1.135E-5	4.547E-2
31.888	-2.481E-4	4.539E-2
31.896	-3.983E-4	4.523E-2
31.904	-5.571E-4	4.502E-2
31.913	-6.157E-4	4.478E-2
31.921	-6.630E-4	4.455E-2
31.930	-6.232E-4	4.437E-2
31.938	-5.531E-4	4.426E-2
31.946	-3.771E-4	4.419E-2
31.955	-2.307E-4	4.420E-2
31.963	-6.539E-5	4.427E-2
31.971	1.333E-4	4.445E-2
31.980	3.243E-4	4.465E-2
31.988	3.982E-4	4.490E-2
31.997	4.375E-4	4.513E-2
32.005	4.140E-4	4.534E-2
32.013	3.505E-4	4.548E-2
32.022	2.175E-4	4.558E-2
32.030	7.155E-5	4.559E-2
32.039	-1.104E-4	4.551E-2
32.047	-3.030E-4	4.539E-2
32.055	-4.275E-4	4.516E-2
32.064	-5.756E-4	4.494E-2
32.072	-6.038E-4	4.470E-2
32.081	-5.918E-4	4.448E-2
32.089	-5.642E-4	4.429E-2
32.097	-4.823E-4	4.421E-2
32.106	-3.470E-4	4.421E-2
32.114	-1.494E-4	4.426E-2
32.122	-4.863E-6	4.443E-2
32.131	1.230E-4	4.464E-2
32.139	2.962E-4	4.489E-2
32.148	3.664E-4	4.514E-2
32.156	3.764E-4	4.538E-2
32.164	3.655E-4	4.556E-2
32.173	3.197E-4	4.566E-2
32.181	1.707E-4	4.565E-2
32.190	3.740E-5	4.561E-2
32.198	-1.273E-4	4.545E-2
32.206	-3.039E-4	4.522E-2
32.215	-3.818E-4	4.497E-2
32.223	-5.125E-4	4.471E-2
32.232	-5.370E-4	4.447E-2
32.240	-5.466E-4	4.427E-2
32.248	-5.237E-4	4.417E-2
32.257	-3.839E-4	4.414E-2
32.265	-3.016E-4	4.421E-2
32.273	-1.264E-4	4.434E-2
32.282	-6.833E-6	4.453E-2
32.290	1.149E-4	4.477E-2
32.299	2.191E-4	4.502E-2
32.307	2.997E-4	4.524E-2
32.315	3.302E-4	4.544E-2
32.324	3.255E-4	4.559E-2
32.332	2.288E-4	4.561E-2
32.341	1.171E-4	4.562E-2
32.349	-9.856E-6	4.546E-2
32.357	-1.278E-4	4.524E-2
32.366	-2.744E-4	4.498E-2
32.374	-3.552E-4	4.472E-2
32.383	-4.288E-4	4.447E-2
32.391	-4.713E-4	4.424E-2
32.399	-5.190E-4	4.410E-2
32.408	-4.866E-4	4.403E-2
32.416	-3.868E-4	4.406E-2
32.424	-2.999E-4	4.420E-2
32.433	-1.511E-4	4.441E-2
32.441	-4.955E-5	4.468E-2
32.450	8.996E-5	4.495E-2
32.458	1.511E-4	4.520E-2
32.466	2.076E-4	4.542E-2
32.475	2.247E-4	4.559E-2
32.483	1.860E-4	4.565E-2
32.492	1.565E-4	4.565E-2
32.500	7.275E-5	4.552E-2
32.508	-4.928E-5	4.535E-2
32.517	-1.437E-4	4.511E-2
32.525	-2.750E-4	4.484E-2
32.534	-3.520E-4	4.459E-2
32.542	-3.834E-4	4.438E-2
32.550	-3.810E-4	4.423E-2
32.559	-3.999E-4	4.417E-2
32.567	-3.546E-4	4.419E-2
32.576	-3.191E-4	4.428E-2
32.584	-2.547E-4	4.446E-2
32.592	-1.263E-4	4.470E-2
32.601	-4.258E-5	4.497E-2
32.609	9.398E-5	4.522E-2
32.617	1.482E-4	4.544E-2
32.626	1.995E-4	4.562E-2
32.634	2.392E-4	4.568E-2
32.643	2.060E-4	4.567E-2
32.651	1.762E-4	4.559E-2
32.659	9.679E-5	4.541E-2
32.668	6.105E-6	4.517E-2
32.676	-1.203E-4	4.491E-2
32.685	-2.166E-4	4.465E-2
32.693	-3.413E-4	4.443E-2
32.701	-3.535E-4	4.424E-2
32.710	-4.192E-4	4.413E-2
32.718	-4.935E-4	4.415E-2
32.727	-4.881E-4	4.424E-2
32.735	-4.182E-4	4.442E-2
32.743	-3.730E-4	4.466E-2
32.752	-2.686E-4	4.493E-2
32.760	-1.458E-4	4.519E-2
32.768	-3.893E-5	4.542E-2
32.777	8.318E-5	4.560E-2
32.785	1.388E-4	4.569E-2
32.794	1.819E-4	4.569E-2
32.802	1.764E-4	4.562E-2
32.810	1.662E-4	4.544E-2
32.819	1.022E-4	4.521E-2
32.827	4.158E-5	4.496E-2
32.836	-1.073E-4	4.469E-2
32.844	-2.291E-4	4.445E-2
32.852	-3.531E-4	4.425E-2
32.861	-3.856E-4	4.414E-2
32.869	-4.871E-4	4.414E-2
32.878	-5.437E-4	4.422E-2
32.886	-5.370E-4	4.437E-2
32.894	-4.701E-4	4.459E-2
32.903	-3.961E-4	4.487E-2
32.911	-2.877E-4	4.514E-2
32.919	-1.423E-4	4.538E-2
32.928	-2.242E-5	4.558E-2
32.936	9.924E-5	4.568E-2
32.945	1.833E-4	4.571E-2
32.953	2.406E-4	4.566E-2
32.961	2.283E-4	4.548E-2
32.970	1.944E-4	4.527E-2
32.978	1.095E-4	4.500E-2
32.987	4.317E-5	4.474E-2
32.995	-1.306E-4	4.450E-2
33.003	-2.608E-4	4.428E-2
33.012	-3.796E-4	4.416E-2
33.020	-4.813E-4	4.412E-2
33.029	-5.777E-4	4.420E-2
33.037	-5.923E-4	4.430E-2
33.045	-5.804E-4	4.449E-2
33.054	-5.292E-4	4.472E-2
33.062	-3.900E-4	4.496E-2
33.070	-2.890E-4	4.520E-2
33.079	-1.261E-4	4.541E-2
33.087	5.882E-5	4.554E-2
33.096	1.580E-4	4.562E-2
33.104	3.052E-4	4.561E-2
33.112	3.574E-4	4.546E-2
33.121	3.601E-4	4.529E-2
33.129	3.462E-4	4.508E-2
33.138	2.330E-4	4.486E-2
33.146	1.108E-4	4.464E-2
33.154	-7.364E-5	4.446E-2
33.163	-2.346E-4	4.429E-2
33.171	-3.598E-4	4.423E-2
33.180	-5.010E-4	4.424E-2
33.188	-5.786E-4	4.434E-2
33.196	-5.844E-4	4.449E-2
33.205	-5.726E-4	4.471E-2
33.213	-5.408E-4	4.494E-2
33.221	-3.573E-4	4.517E-2
33.230	-2.229E-4	4.537E-2
33.238	-7.778E-5	4.548E-2
33.247	1.095E-4	4.556E-2
33.255	2.922E-4	4.558E-2
33.263	3.730E-4	4.546E-2
33.272	4.007E-4	4.533E-2
33.280	3.912E-4	4.513E-2
33.289	3.538E-4	4.491E-2
33.297	2.191E-4	4.469E-2
33.305	8.524E-5	4.450E-2
33.314	-1.069E-4	4.435E-2
33.322	-3.058E-4	4.429E-2
33.331	-4.742E-4	4.428E-2
33.339	-5.876E-4	4.434E-2
33.347	-6.243E-4	4.447E-2
33.356	-6.197E-4	4.467E-2
33.364	-5.689E-4	4.489E-2
33.372	-5.150E-4	4.511E-2
33.381	-3.344E-4	4.530E-2
33.389	-1.291E-4	4.543E-2
33.398	7.546E-5	4.549E-2
33.406	2.452E-4	4.548E-2
33.414	3.746E-4	4.541E-2
33.423	4.644E-4	4.531E-2
33.431	5.092E-4	4.514E-2
33.440	4.119E-4	4.495E-2
33.448	3.344E-4	4.474E-2
33.456	1.554E-4	4.454E-2
33.465	-3.219E-5	4.443E-2
33.473	-2.373E-4	4.434E-2
33.482	-4.473E-4	4.431E-2
33.490	-6.128E-4	4.435E-2
33.498	-7.337E-4	4.449E-2
33.507	-8.028E-4	4.466E-2
33.515	-7.857E-4	4.484E-2
33.523	-6.883E-4	4.503E-2
33.532	-5.586E-4	4.518E-2
33.540	-3.551E-4	4.533E-2
33.549	-1.253E-4	4.541E-2
33.557	1.054E-4	4.542E-2
33.565	3.184E-4	4.539E-2
33.574	4.342E-4	4.527E-2
33.582	5.425E-4	4.512E-2
33.591	5.580E-4	4.495E-2
33.599	4.687E-4	4.477E-2
33.607	3.371E-4	4.462E-2
33.616	1.239E-4	4.450E-2
33.624	-1.047E-4	4.444E-2
33.633	-3.327E-4	4.444E-2
33.641	-5.461E-4	4.445E-2
33.649	-6.746E-4	4.453E-2
33.658	-8.069E-4	4.467E-2
33.666	-8.094E-4	4.483E-2
33.674	-7.669E-4	4.499E-2
33.683	-5.931E-4	4.513E-2
33.691	-3.868E-4	4.524E-2
33.700	-1.602E-4	4.532E-2
33.708	9.292E-5	4.536E-2
33.716	3.271E-4	4.535E-2
33.725	4.974E-4	4.526E-2
33.733	5.942E-4	4.514E-2
33.742	6.148E-4	4.500E-2
33.750	5.924E-4	4.485E-2
33.758	4.504E-4	4.473E-2
33.767	2.660E-4	4.462E-2
33.775	5.007E-6	4.455E-2
33.784	-2.699E-4	4.452E-2
33.792	-5.117E-4	4.451E-2
33.800	-6.836E-4	4.456E-2
33.809	-8.424E-4	4.467E-2
33.817	-8.580E-4	4.477E-2
33.826	-8.229E-4	4.490E-2
33.834	-7.246E-4	4.501E-2
33.842	-5.650E-4	4.511E-2
33.851	-3.348E-4	4.518E-2
33.859	-9.651E-5	4.520E-2
33.867	1.408E-4	4.519E-2
33.876	3.632E-4	4.514E-2
33.884	5.557E-4	4.508E-2
33.893	6.138E-4	4.497E-2
33.901	6.093E-4	4.486E-2
33.909	5.500E-4	4.475E-2
33.918	3.617E-4	4.469E-2
33.926	1.309E-4	4.464E-2
33.935	-1.087E-4	4.465E-2
33.943	-3.492E-4	4.465E-2
33.951	-5.719E-4	4.469E-2
33.960	-7.691E-4	4.474E-2
33.968	-8.290E-4	4.484E-2
33.977	-8.271E-4	4.495E-2
33.985	-7.802E-4	4.501E-2
33.993	-5.878E-4	4.509E-2
34.002	-3.648E-4	4.515E-2
34.010	-1.139E-4	4.516E-2
34.018	1.403E-4	4.516E-2
34.027	3.749E-4	4.514E-2
34.035	5.774E-4	4.511E-2
34.044	6.662E-4	4.499E-2
34.052	7.013E-4	4.493E-2
34.060	6.138E-4	4.486E-2
34.069	4.757E-4	4.479E-2
34.077	2.522E-4	4.473E-2
34.086	-4.294E-5	4.472E-2
34.094	-3.201E-4	4.472E-2
34.102	-5.648E-4	4.473E-2
34.111	-7.787E-4	4.477E-2
34.119	-8.604E-4	4.480E-2
34.128	-9.115E-4	4.488E-2
34.136	-8.635E-4	4.494E-2
34.144	-7.635E-4	4.495E-2
34.153	-5.600E-4	4.499E-2
34.161	-3.205E-4	4.500E-2
34.169	-5.406E-5	4.498E-2
34.178	1.916E-4	4.496E-2
34.186	4.030E-4	4.493E-2
34.195	5.774E-4	4.492E-2
34.203	6.340E-4	4.485E-2
34.211	6.156E-4	4.483E-2
34.220	5.348E-4	4.482E-2
34.228	3.403E-4	4.483E-2
34.237	1.095E-4	4.485E-2
34.245	-1.494E-4	4.487E-2
34.253	-3.889E-4	4.489E-2
34.262	-5.983E-4	4.493E-2
34.270	-7.890E-4	4.495E-2
34.279	-8.405E-4	4.495E-2
34.287	-8.265E-4	4.497E-2
34.295	-7.661E-4	4.496E-2
34.304	-5.658E-4	4.496E-2
34.312	-3.352E-4	4.495E-2
34.320	-8.684E-5	4.494E-2
34.329	1.534E-4	4.493E-2
34.337	3.877E-4	4.492E-2
34.346	5.994E-4	4.492E-2
34.354	6.831E-4	4.492E-2
34.362	6.716E-4	4.490E-2
34.371	5.985E-4	4.491E-2
34.379	4.185E-4	4.492E-2
34.388	1.794E-4	4.493E-2
34.396	-9.138E-5	4.493E-2
34.404	-3.446E-4	4.493E-2
34.413	-5.814E-4	4.496E-2
34.421	-7.861E-4	4.495E-2
34.430	-8.609E-4	4.495E-2
34.438	-8.737E-4	4.494E-2
34.446	-8.434E-4	4.493E-2
34.455	-7.085E-4	4.493E-2
34.463	-5.265E-4	4.489E-2
34.471	-2.868E-4	4.487E-2
34.480	-1.119E-5	4.488E-2
34.488	2.329E-4	4.488E-2
34.497	4.163E-4	4.489E-2
34.505	5.708E-4	4.490E-2
34.513	6.114E-4	4.494E-2
34.522	5.874E-4	4.496E-2
34.530	4.804E-4	4.498E-2
34.539	2.796E-4	4.500E-2
34.547	-8.219E-6	4.502E-2
34.555	-3.054E-4	4.500E-2
34.564	-5.607E-4	4.499E-2
34.572	-7.611E-4	4.498E-2
34.581	-8.765E-4	4.494E-2
34.589	-9.706E-4	4.491E-2
34.597	-9.766E-4	4.487E-2
34.606	-8.503E-4	4.486E-2
34.614	-6.301E-4	4.478E-2
34.622	-3.804E-4	4.473E-2
34.631	-1.285E-4	4.471E-2
34.639	1.218E-4	4.471E-2
34.648	3.542E-4	4.473E-2
34.656	5.579E-4	4.474E-2
34.664	6.166E-4	4.483E-2
34.673	6.137E-4	4.492E-2
34.681	5.605E-4	4.498E-2
34.690	3.685E-4	4.503E-2
34.698	1.363E-4	4.508E-2
34.706	-1.056E-4	4.511E-2
34.715	-3.426E-4	4.512E-2
34.723	-5.714E-4	4.513E-2
34.732	-7.676E-4	4.507E-2
34.740	-8.249E-4	4.499E-2
34.748	-8.236E-4	4.490E-2
34.757	-7.861E-4	4.481E-2
34.765	-5.878E-4	4.475E-2
34.773	-3.818E-4	4.470E-2
34.782	-1.351E-4	4.467E-2
34.790	1.224E-4	4.467E-2
34.799	3.580E-4	4.471E-2
34.807	5.482E-4	4.475E-2
34.815	6.443E-4	4.485E-2
34.824	6.523E-4	4.496E-2
34.832	6.045E-4	4.505E-2
34.841	4.667E-4	4.516E-2
34.849	2.758E-4	4.520E-2
34.857	-8.124E-8	4.523E-2
34.866	-2.690E-4	4.522E-2
34.874	-5.064E-4	4.517E-2
34.883	-6.614E-4	4.511E-2
34.891	-8.246E-4	4.500E-2
34.899	-8.346E-4	4.490E-2
34.908	-8.159E-4	4.476E-2
34.916	-6.882E-4	4.467E-2
34.924	-5.536E-4	4.459E-2
34.933	-3.334E-4	4.456E-2
34.941	-9.927E-5	4.453E-2
34.950	1.293E-4	4.456E-2
34.958	3.372E-4	4.464E-2
34.966	4.907E-4	4.475E-2
34.975	5.460E-4	4.489E-2
34.983	5.598E-4	4.502E-2
34.992	4.425E-4	4.513E-2
35.000	3.200E-4	4.521E-2
35.008	1.095E-4	4.526E-2
35.017	-1.118E-4	4.524E-2
35.025	-3.354E-4	4.521E-2
35.034	-5.475E-4	4.511E-2
35.042	-6.299E-4	4.499E-2
35.050	-7.518E-4	4.486E-2
35.059	-7.708E-4	4.472E-2
35.067	-6.750E-4	4.458E-2
35.076	-5.685E-4	4.449E-2
35.084	-3.646E-4	4.445E-2
35.092	-1.374E-4	4.445E-2
35.101	9.388E-5	4.447E-2
35.109	2.974E-4	4.457E-2
35.117	4.200E-4	4.470E-2
35.126	5.484E-4	4.487E-2
35.134	5.644E-4	4.502E-2
35.143	5.365E-4	4.516E-2
35.151	4.032E-4	4.527E-2
35.159	2.135E-4	4.534E-2
35.168	1.848E-5	4.537E-2
35.176	-2.267E-4	4.537E-2
35.185	-3.890E-4	4.522E-2
35.193	-5.615E-4	4.510E-2
35.201	-6.076E-4	4.494E-2
35.210	-6.412E-4	4.476E-2
35.218	-6.244E-4	4.459E-2
35.227	-5.579E-4	4.449E-2
35.235	-3.804E-4	4.441E-2
35.243	-2.287E-4	4.441E-2
35.252	-6.668E-5	4.445E-2
35.260	1.288E-4	4.452E-2
35.268	3.225E-4	4.468E-2
35.277	3.935E-4	4.485E-2
35.285	4.267E-4	4.505E-2
35.294	4.129E-4	4.522E-2
35.302	3.546E-4	4.537E-2
35.310	2.124E-4	4.544E-2
35.319	7.515E-5	4.546E-2
35.327	-1.053E-4	4.544E-2
35.336	-3.162E-4	4.534E-2
35.344	-4.414E-4	4.517E-2
35.352	-5.723E-4	4.499E-2
35.361	-6.040E-4	4.479E-2
35.369	-5.969E-4	4.460E-2
35.378	-5.658E-4	4.446E-2
35.386	-4.577E-4	4.434E-2
35.394	-3.355E-4	4.428E-2
35.403	-1.413E-4	4.430E-2
35.411	2.356E-5	4.441E-2
35.419	1.373E-4	4.456E-2
35.428	3.107E-4	4.473E-2
35.436	3.689E-4	4.494E-2
35.445	3.748E-4	4.514E-2
35.453	3.600E-4	4.532E-2
35.461	3.086E-4	4.543E-2
35.470	1.455E-4	4.547E-2
35.478	-8.983E-6	4.544E-2
35.487	-1.462E-4	4.536E-2
35.495	-3.218E-4	4.521E-2
35.503	-4.107E-4	4.499E-2
35.512	-5.542E-4	4.477E-2
35.520	-5.773E-4	4.456E-2
35.529	-5.667E-4	4.438E-2
35.537	-5.494E-4	4.426E-2
35.545	-3.642E-4	4.422E-2
35.554	-2.693E-4	4.423E-2
35.562	-1.145E-4	4.432E-2
35.570	6.136E-5	4.447E-2
35.579	1.514E-4	4.468E-2
35.587	2.937E-4	4.490E-2
35.596	3.419E-4	4.513E-2
35.604	3.667E-4	4.534E-2
35.612	3.358E-4	4.545E-2
35.621	2.059E-4	4.553E-2
35.629	1.147E-4	4.556E-2
35.638	-4.843E-5	4.546E-2
35.646	-1.477E-4	4.531E-2
35.654	-2.994E-4	4.513E-2
35.663	-3.559E-4	4.491E-2
35.671	-4.030E-4	4.469E-2
35.680	-4.465E-4	4.449E-2
35.688	-4.419E-4	4.432E-2
35.696	-3.941E-4	4.423E-2
35.705	-3.136E-4	4.423E-2
35.713	-1.655E-4	4.430E-2
35.721	-5.611E-5	4.445E-2
35.730	9.123E-5	4.466E-2
35.738	1.601E-4	4.490E-2
35.747	2.350E-4	4.514E-2
35.755	2.792E-4	4.536E-2
35.763	2.351E-4	4.549E-2
35.772	1.635E-4	4.559E-2
35.780	1.080E-4	4.560E-2
35.789	3.694E-5	4.554E-2
35.797	-1.153E-4	4.541E-2
35.805	-2.183E-4	4.518E-2
35.814	-3.404E-4	4.495E-2
35.822	-3.786E-4	4.472E-2
35.831	-4.049E-4	4.449E-2
35.839	-4.004E-4	4.431E-2
35.847	-3.775E-4	4.421E-2
35.856	-3.306E-4	4.421E-2
35.864	-2.842E-4	4.426E-2
35.872	-1.492E-4	4.441E-2
35.881	-7.263E-5	4.461E-2
35.889	6.951E-5	4.487E-2
35.898	1.503E-4	4.512E-2
35.906	1.703E-4	4.536E-2
35.914	2.142E-4	4.552E-2
35.923	1.930E-4	4.564E-2
35.931	1.672E-4	4.566E-2
35.940	1.173E-4	4.561E-2
35.948	5.454E-5	4.545E-2
35.956	-8.782E-5	4.525E-2
35.965	-1.522E-4	4.500E-2
35.973	-2.723E-4	4.475E-2
35.982	-3.426E-4	4.450E-2
35.990	-3.657E-4	4.431E-2
35.998	-3.641E-4	4.420E-2
36.007	-3.543E-4	4.420E-2
36.015	-3.253E-4	4.422E-2
36.023	-2.902E-4	4.434E-2
36.032	-1.914E-4	4.451E-2
36.040	-1.191E-4	4.473E-2
36.049	-2.116E-5	4.497E-2
36.057	5.889E-5	4.520E-2
36.065	1.311E-4	4.540E-2
36.074	1.627E-4	4.552E-2
36.082	1.672E-4	4.561E-2
36.091	1.481E-4	4.558E-2
36.099	1.167E-4	4.545E-2
36.107	8.521E-5	4.526E-2
36.116	-3.362E-5	4.501E-2
36.124	-1.171E-4	4.476E-2
36.133	-2.302E-4	4.452E-2
36.141	-3.250E-4	4.431E-2
36.149	-3.582E-4	4.419E-2
36.158	-3.527E-4	4.415E-2
36.166	-3.501E-4	4.419E-2
36.174	-3.455E-4	4.429E-2
36.183	-3.140E-4	4.447E-2
36.191	-2.537E-4	4.470E-2
36.200	-1.340E-4	4.493E-2
36.208	-6.604E-5	4.516E-2
36.216	6.908E-5	4.538E-2
36.225	1.340E-4	4.551E-2
36.233	1.639E-4	4.561E-2
36.242	1.619E-4	4.561E-2
36.250	1.664E-4	4.548E-2
36.258	1.473E-4	4.532E-2
36.267	1.056E-4	4.512E-2
36.275	-8.087E-6	4.489E-2
36.284	-1.164E-4	4.467E-2
36.292	-2.035E-4	4.447E-2
36.300	-3.367E-4	4.431E-2
36.309	-3.684E-4	4.423E-2
36.317	-3.576E-4	4.423E-2
36.326	-3.904E-4	4.430E-2
36.334	-3.589E-4	4.447E-2
36.342	-3.235E-4	4.468E-2
36.351	-2.779E-4	4.491E-2
36.359	-1.394E-4	4.515E-2
36.367	-5.888E-5	4.537E-2
36.376	8.793E-5	4.549E-2
36.384	1.517E-4	4.558E-2
36.393	2.111E-4	4.559E-2
36.401	2.596E-4	4.551E-2
36.409	2.176E-4	4.536E-2
36.418	1.851E-4	4.515E-2
36.426	1.006E-4	4.493E-2
36.435	-8.347E-7	4.470E-2
36.443	-1.298E-4	4.449E-2
36.451	-2.578E-4	4.432E-2
36.460	-3.558E-4	4.423E-2
36.468	-3.814E-4	4.423E-2
36.477	-4.536E-4	4.429E-2
36.485	-5.338E-4	4.443E-2
36.493	-5.047E-4	4.463E-2
36.502	-4.056E-4	4.486E-2
36.510	-3.286E-4	4.511E-2
36.518	-1.726E-4	4.530E-2
36.527	-6.467E-5	4.546E-2
36.535	9.821E-5	4.556E-2
36.544	1.643E-4	4.560E-2
36.552	2.917E-4	4.554E-2
36.560	3.457E-4	4.542E-2
36.569	3.494E-4	4.522E-2
36.577	3.335E-4	4.499E-2
36.586	1.609E-4	4.476E-2
36.594	8.063E-5	4.455E-2
36.602	-7.614E-5	4.440E-2
36.611	-2.296E-4	4.429E-2
36.619	-3.443E-4	4.427E-2
36.628	-4.393E-4	4.428E-2
36.636	-5.284E-4	4.442E-2
36.644	-5.578E-4	4.460E-2
36.653	-5.348E-4	4.479E-2
36.661	-3.982E-4	4.499E-2
36.669	-3.084E-4	4.517E-2
36.678	-1.263E-4	4.535E-2
36.686	4.077E-6	4.544E-2
36.695	1.280E-4	4.546E-2
36.703	2.684E-4	4.542E-2
36.711	3.275E-4	4.533E-2
36.720	3.515E-4	4.517E-2
36.728	3.560E-4	4.498E-2
36.737	2.924E-4	4.478E-2
36.745	1.424E-4	4.458E-2
36.753	-2.931E-6	4.443E-2
36.762	-1.417E-4	4.431E-2
36.770	-3.275E-4	4.427E-2
36.779	-4.530E-4	4.426E-2
36.787	-5.636E-4	4.440E-2
36.795	-5.840E-4	4.453E-2
36.804	-5.751E-4	4.472E-2
36.812	-5.437E-4	4.491E-2
36.820	-3.887E-4	4.509E-2
36.829	-2.764E-4	4.526E-2
36.837	-9.952E-5	4.537E-2
36.846	1.008E-4	4.540E-2
36.854	2.267E-4	4.539E-2
36.862	3.516E-4	4.533E-2
36.871	3.877E-4	4.518E-2
36.879	3.843E-4	4.500E-2
36.888	3.632E-4	4.484E-2
36.896	2.579E-4	4.468E-2
36.904	9.545E-5	4.453E-2
36.913	-9.628E-5	4.444E-2
36.921	-2.875E-4	4.440E-2
36.930	-4.176E-4	4.442E-2
36.938	-5.858E-4	4.449E-2
36.946	-6.168E-4	4.461E-2
36.955	-6.254E-4	4.476E-2
36.963	-5.745E-4	4.493E-2
36.971	-5.350E-4	4.510E-2
36.980	-3.538E-4	4.523E-2
36.988	-1.595E-4	4.534E-2
36.997	1.980E-5	4.539E-2
37.005	1.604E-4	4.539E-2
37.013	3.496E-4	4.533E-2
37.022	4.143E-4	4.521E-2
37.030	4.650E-4	4.509E-2
37.039	4.380E-4	4.494E-2
37.047	3.374E-4	4.476E-2
37.055	1.705E-4	4.465E-2
37.064	-9.323E-6	4.453E-2
37.072	-1.833E-4	4.448E-2
37.081	-3.948E-4	4.448E-2
37.089	-5.769E-4	4.450E-2
37.097	-6.256E-4	4.463E-2
37.106	-7.263E-4	4.475E-2
37.114	-7.292E-4	4.489E-2
37.122	-6.300E-4	4.503E-2
37.131	-5.309E-4	4.514E-2
37.139	-3.427E-4	4.522E-2
37.148	-1.151E-4	4.526E-2
37.156	1.090E-4	4.524E-2
37.164	3.145E-4	4.519E-2
37.173	4.119E-4	4.513E-2
37.181	5.283E-4	4.500E-2
37.190	5.504E-4	4.489E-2
37.198	5.225E-4	4.476E-2
37.206	3.829E-4	4.466E-2
37.215	1.653E-4	4.457E-2
37.223	-5.778E-5	4.450E-2
37.232	-2.895E-4	4.450E-2
37.240	-4.941E-4	4.450E-2
37.248	-6.064E-4	4.462E-2
37.257	-7.365E-4	4.472E-2
37.265	-7.770E-4	4.483E-2
37.273	-7.376E-4	4.496E-2
37.282	-5.838E-4	4.507E-2
37.290	-3.948E-4	4.515E-2
37.299	-1.729E-4	4.517E-2
37.307	7.261E-5	4.519E-2
37.315	2.935E-4	4.517E-2
37.324	4.486E-4	4.513E-2
37.332	5.783E-4	4.504E-2
37.341	6.120E-4	4.492E-2
37.349	6.028E-4	4.482E-2
37.357	4.421E-4	4.475E-2
37.366	2.854E-4	4.469E-2
37.374	5.919E-5	4.465E-2
37.383	-1.555E-4	4.466E-2
37.391	-3.563E-4	4.467E-2
37.399	-5.473E-4	4.472E-2
37.408	-7.003E-4	4.478E-2
37.416	-7.825E-4	4.487E-2
37.424	-7.791E-4	4.496E-2
37.433	-6.318E-4	4.501E-2
37.441	-5.123E-4	4.506E-2
37.450	-3.160E-4	4.511E-2
37.458	-8.828E-5	4.515E-2
37.466	1.402E-4	4.514E-2
37.475	3.532E-4	4.510E-2
37.483	5.331E-4	4.506E-2
37.492	6.013E-4	4.499E-2
37.500	6.011E-4	4.492E-2
37.508	5.392E-4	4.487E-2
37.517	3.795E-4	4.480E-2
37.525	1.486E-4	4.476E-2
37.534	-8.645E-5	4.473E-2
37.542	-3.201E-4	4.473E-2
37.550	-5.466E-4	4.474E-2
37.559	-6.909E-4	4.480E-2
37.567	-8.002E-4	4.485E-2
37.576	-8.048E-4	4.492E-2
37.584	-7.859E-4	4.496E-2
37.592	-5.811E-4	4.499E-2
37.601	-3.718E-4	4.498E-2
37.609	-1.339E-4	4.497E-2
37.617	1.113E-4	4.497E-2
37.626	3.454E-4	4.495E-2
37.634	5.253E-4	4.491E-2
37.643	6.252E-4	4.489E-2
37.651	6.345E-4	4.490E-2
37.659	6.163E-4	4.486E-2
37.668	4.358E-4	4.483E-2
37.676	2.496E-4	4.485E-2
37.685	-1.710E-5	4.487E-2
37.693	-2.776E-4	4.489E-2
37.701	-5.147E-4	4.490E-2
37.710	-6.698E-4	4.492E-2
37.718	-8.260E-4	4.496E-2
37.727	-8.359E-4	4.496E-2
37.735	-8.115E-4	4.497E-2
37.743	-6.723E-4	4.496E-2
37.752	-5.481E-4	4.496E-2
37.760	-3.252E-4	4.495E-2
37.768	-8.628E-5	4.494E-2
37.777	1.459E-4	4.492E-2
37.785	3.511E-4	4.492E-2
37.794	5.299E-4	4.490E-2
37.802	5.899E-4	4.491E-2
37.810	5.894E-4	4.491E-2
37.819	4.753E-4	4.491E-2
37.827	3.178E-4	4.492E-2
37.836	1.087E-4	4.493E-2
37.844	-1.198E-4	4.494E-2
37.852	-3.459E-4	4.495E-2
37.861	-5.664E-4	4.494E-2
37.869	-7.358E-4	4.495E-2
37.878	-8.018E-4	4.494E-2
37.886	-7.981E-4	4.494E-2
37.894	-7.320E-4	4.492E-2
37.903	-5.752E-4	4.491E-2
37.911	-3.492E-4	4.491E-2
37.919	-1.150E-4	4.488E-2
37.928	1.238E-4	4.487E-2
37.936	3.511E-4	4.489E-2
37.945	5.215E-4	4.490E-2
37.953	5.840E-4	4.491E-2
37.961	5.948E-4	4.492E-2
37.970	5.641E-4	4.494E-2
37.978	3.831E-4	4.498E-2
37.987	1.710E-4	4.500E-2
37.995	-6.753E-5	4.501E-2
38.003	-3.074E-4	4.500E-2
38.012	-5.344E-4	4.498E-2
38.020	-6.684E-4	4.497E-2
38.029	-8.132E-4	4.493E-2
38.037	-8.193E-4	4.490E-2
38.045	-7.850E-4	4.486E-2
38.054	-6.129E-4	4.482E-2
38.062	-4.511E-4	4.484E-2
38.070	-2.703E-4	4.481E-2
38.079	-4.367E-5	4.474E-2
38.087	1.667E-4	4.474E-2
38.096	3.514E-4	4.475E-2
38.104	5.091E-4	4.479E-2
38.112	5.379E-4	4.484E-2
38.121	5.528E-4	4.490E-2
38.129	3.957E-4	4.498E-2
38.138	2.356E-4	4.503E-2
38.146	-1.396E-7	4.502E-2
38.154	-2.465E-4	4.504E-2
38.163	-4.687E-4	4.500E-2
38.171	-6.378E-4	4.498E-2
38.180	-8.000E-4	4.491E-2
38.188	-8.441E-4	4.486E-2
38.196	-8.239E-4	4.478E-2
38.205	-7.185E-4	4.471E-2
38.213	-5.873E-4	4.466E-2
38.221	-3.654E-4	4.466E-2
38.230	-1.302E-4	4.462E-2
38.238	1.056E-4	4.466E-2
38.247	3.205E-4	4.470E-2
38.255	4.231E-4	4.474E-2
38.263	5.384E-4	4.484E-2
38.272	5.584E-4	4.495E-2
38.280	4.554E-4	4.503E-2
38.289	3.393E-4	4.510E-2
38.297	1.286E-4	4.515E-2
38.305	-9.542E-5	4.517E-2
38.314	-3.171E-4	4.517E-2
38.322	-5.136E-4	4.516E-2
38.331	-6.140E-4	4.505E-2
38.339	-7.145E-4	4.496E-2
38.347	-7.604E-4	4.487E-2
38.356	-6.885E-4	4.476E-2
38.364	-5.894E-4	4.469E-2
38.372	-3.864E-4	4.465E-2
38.381	-1.683E-4	4.465E-2
38.389	5.628E-5	4.464E-2
38.398	1.888E-4	4.469E-2
38.406	3.487E-4	4.475E-2
38.414	4.368E-4	4.487E-2
38.423	4.690E-4	4.498E-2
38.431	4.274E-4	4.510E-2
38.440	3.151E-4	4.519E-2
38.448	1.381E-4	4.524E-2
38.456	-4.720E-5	4.523E-2
38.465	-2.478E-4	4.522E-2
38.473	-4.079E-4	4.517E-2
38.482	-6.105E-4	4.511E-2
38.490	-6.421E-4	4.498E-2
38.498	-7.668E-4	4.486E-2
38.507	-7.476E-4	4.473E-2
38.515	-6.370E-4	4.463E-2
38.523	-5.115E-4	4.454E-2
38.532	-3.404E-4	4.449E-2
38.540	-1.317E-4	4.449E-2
38.549	8.415E-5	4.454E-2
38.557	2.614E-4	4.465E-2
38.565	3.499E-4	4.476E-2
38.574	3.916E-4	4.491E-2
38.582	3.869E-4	4.505E-2
38.591	3.396E-4	4.518E-2
38.599	2.058E-4	4.527E-2
38.607	6.948E-5	4.532E-2
38.616	-1.185E-4	4.534E-2
38.624	-3.118E-4	4.528E-2
38.633	-4.495E-4	4.516E-2
38.641	-5.851E-4	4.502E-2
38.649	-6.036E-4	4.486E-2
38.658	-6.003E-4	4.472E-2
38.666	-5.667E-4	4.458E-2
38.674	-4.846E-4	4.450E-2
38.683	-3.421E-4	4.446E-2
38.691	-1.431E-4	4.446E-2
38.700	1.252E-5	4.449E-2
38.708	1.361E-4	4.460E-2
38.716	3.110E-4	4.474E-2
38.725	3.642E-4	4.491E-2
38.733	3.769E-4	4.509E-2
38.742	3.747E-4	4.521E-2
38.750	3.002E-4	4.534E-2
38.758	1.450E-4	4.541E-2
38.767	-1.462E-5	4.541E-2
38.775	-1.511E-4	4.537E-2
38.784	-3.285E-4	4.523E-2
38.792	-4.332E-4	4.511E-2
38.800	-5.531E-4	4.494E-2
38.809	-5.752E-4	4.475E-2
38.817	-5.676E-4	4.458E-2
38.826	-5.224E-4	4.446E-2
38.834	-3.707E-4	4.441E-2
38.842	-2.719E-4	4.441E-2
38.851	-1.123E-4	4.446E-2
38.859	7.950E-5	4.454E-2
38.867	1.630E-4	4.469E-2
38.876	3.057E-4	4.487E-2
38.884	3.586E-4	4.506E-2
38.893	3.614E-4	4.522E-2
38.901	3.561E-4	4.537E-2
38.909	1.855E-4	4.544E-2
38.918	1.001E-4	4.544E-2
38.926	-7.471E-5	4.540E-2
38.935	-1.998E-4	4.531E-2
38.943	-3.429E-4	4.517E-2
38.951	-3.902E-4	4.497E-2
38.960	-4.850E-4	4.477E-2
38.968	-5.302E-4	4.458E-2
38.977	-5.020E-4	4.444E-2
38.985	-3.974E-4	4.433E-2
38.993	-3.014E-4	4.431E-2
39.002	-1.538E-4	4.429E-2
39.010	-4.871E-5	4.443E-2
39.018	9.879E-5	4.456E-2
39.027	1.669E-4	4.473E-2
39.035	2.439E-4	4.495E-2
39.044	2.795E-4	4.513E-2
39.052	2.348E-4	4.531E-2
39.060	1.581E-4	4.542E-2
39.069	8.559E-5	4.544E-2
39.077	-3.689E-5	4.541E-2
39.086	-1.394E-4	4.533E-2
39.094	-2.776E-4	4.517E-2
39.102	-3.486E-4	4.498E-2
39.111	-3.753E-4	4.476E-2
39.119	-4.434E-4	4.456E-2
39.128	-4.772E-4	4.440E-2
39.136	-4.440E-4	4.429E-2
39.144	-3.874E-4	4.425E-2
39.153	-3.113E-4	4.425E-2
39.161	-1.670E-4	4.437E-2
39.169	-7.228E-5	4.453E-2
39.178	6.683E-5	4.472E-2
39.186	1.296E-4	4.493E-2
39.195	1.694E-4	4.514E-2
39.203	1.636E-4	4.533E-2
39.211	1.606E-4	4.543E-2
39.220	1.177E-4	4.547E-2
39.228	8.843E-5	4.545E-2
39.237	-3.710E-5	4.537E-2
39.245	-1.248E-4	4.521E-2
39.253	-2.348E-4	4.502E-2
39.262	-3.085E-4	4.479E-2
39.270	-3.593E-4	4.456E-2
39.279	-3.710E-4	4.440E-2
39.287	-3.593E-4	4.428E-2
39.295	-3.380E-4	4.422E-2
39.304	-2.999E-4	4.423E-2
39.312	-2.564E-4	4.431E-2
39.320	-1.291E-4	4.446E-2
39.329	-6.498E-5	4.466E-2
39.337	6.152E-5	4.488E-2
39.346	1.265E-4	4.510E-2
39.354	1.502E-4	4.530E-2
39.362	1.475E-4	4.544E-2
39.371	1.471E-4	4.550E-2
39.379	1.309E-4	4.548E-2
39.388	9.872E-5	4.540E-2
39.396	-3.606E-6	4.527E-2
39.404	-1.035E-4	4.506E-2
39.413	-1.599E-4	4.487E-2
39.421	-2.633E-4	4.467E-2
39.430	-3.221E-4	4.449E-2
39.438	-3.387E-4	4.434E-2
39.446	-3.403E-4	4.424E-2
39.455	-3.312E-4	4.424E-2
39.463	-3.230E-4	4.428E-2
39.471	-2.547E-4	4.444E-2
39.480	-1.443E-4	4.464E-2
39.488	-8.830E-5	4.487E-2
39.497	-3.408E-6	4.510E-2
39.505	8.470E-5	4.529E-2
39.513	1.183E-4	4.545E-2
39.522	1.393E-4	4.553E-2
39.530	1.458E-4	4.558E-2
39.539	1.341E-4	4.550E-2
39.547	1.070E-4	4.538E-2
39.555	4.571E-5	4.518E-2
39.564	-8.582E-5	4.496E-2
39.572	-1.318E-4	4.473E-2
39.581	-2.486E-4	4.453E-2
39.589	-3.176E-4	4.438E-2
39.597	-3.425E-4	4.430E-2
39.606	-3.483E-4	4.425E-2
39.614	-3.431E-4	4.428E-2
39.622	-3.366E-4	4.443E-2
39.631	-2.809E-4	4.462E-2
39.639	-1.700E-4	4.483E-2
39.648	-9.608E-5	4.507E-2
39.656	-2.280E-5	4.526E-2
39.664	8.922E-5	4.541E-2
39.673	1.290E-4	4.551E-2
39.681	1.519E-4	4.558E-2
39.690	1.561E-4	4.553E-2
39.698	1.431E-4	4.543E-2
39.706	1.130E-4	4.523E-2
39.715	7.632E-5	4.503E-2
39.723	-2.399E-6	4.478E-2
39.732	-1.103E-4	4.458E-2
39.740	-2.177E-4	4.441E-2
39.748	-3.157E-4	4.429E-2
39.757	-3.477E-4	4.425E-2
39.765	-3.557E-4	4.428E-2
39.773	-3.490E-4	4.440E-2
39.782	-3.312E-4	4.456E-2
39.790	-2.999E-4	4.474E-2
39.799	-2.169E-4	4.495E-2
39.807	-1.214E-4	4.514E-2
39.815	-4.995E-5	4.533E-2
39.824	7.972E-5	4.544E-2
39.832	1.324E-4	4.547E-2
39.841	1.663E-4	4.543E-2
39.849	1.758E-4	4.536E-2
39.857	1.583E-4	4.520E-2
39.866	1.199E-4	4.500E-2
39.874	8.847E-5	4.478E-2
39.883	-4.228E-5	4.458E-2
39.891	-1.279E-4	4.440E-2
39.899	-2.608E-4	4.429E-2
39.908	-3.408E-4	4.424E-2
39.916	-3.701E-4	4.425E-2
39.924	-3.885E-4	4.435E-2
39.933	-3.718E-4	4.451E-2
39.941	-3.322E-4	4.470E-2
39.950	-3.047E-4	4.490E-2
39.958	-2.095E-4	4.510E-2
39.966	-1.110E-4	4.527E-2
39.975	6.073E-7	4.539E-2
39.983	1.079E-4	4.543E-2
39.992	1.600E-4	4.542E-2
40.000	2.298E-4	4.537E-2
40.008	2.292E-4	4.523E-2
40.017	1.872E-4	4.503E-2
40.025	1.237E-4	4.483E-2
40.034	7.857E-5	4.468E-2
40.042	-7.135E-5	4.450E-2
40.050	-1.568E-4	4.440E-2
40.059	-3.039E-4	4.433E-2
40.067	-3.619E-4	4.431E-2
40.076	-4.510E-4	4.438E-2
40.084	-5.001E-4	4.451E-2
40.092	-5.206E-4	4.468E-2
40.101	-4.672E-4	4.487E-2
40.109	-3.773E-4	4.507E-2
40.117	-2.851E-4	4.523E-2
40.126	-1.309E-4	4.535E-2
40.134	2.659E-6	4.542E-2
40.143	1.134E-4	4.542E-2
40.151	2.107E-4	4.537E-2
40.159	2.845E-4	4.524E-2
40.168	2.518E-4	4.511E-2
40.176	1.785E-4	4.493E-2
40.185	1.017E-4	4.474E-2
40.193	-1.105E-6	4.457E-2
40.201	-1.523E-4	4.445E-2
40.210	-2.965E-4	4.440E-2
40.218	-3.866E-4	4.441E-2
40.227	-5.117E-4	4.446E-2
40.235	-5.795E-4	4.455E-2
40.243	-5.758E-4	4.469E-2
40.252	-5.705E-4	4.487E-2
40.260	-4.914E-4	4.503E-2
40.268	-3.676E-4	4.517E-2
40.277	-2.223E-4	4.529E-2
40.285	-9.377E-5	4.539E-2
40.294	8.747E-5	4.539E-2
40.302	1.886E-4	4.537E-2
40.310	3.098E-4	4.525E-2
40.319	3.348E-4	4.513E-2
40.327	3.470E-4	4.496E-2
40.336	3.106E-4	4.479E-2
40.344	1.549E-4	4.464E-2
40.352	5.092E-5	4.452E-2
40.361	-1.304E-4	4.446E-2
40.369	-3.169E-4	4.445E-2
40.378	-4.161E-4	4.447E-2
40.386	-5.703E-4	4.454E-2
40.394	-5.761E-4	4.468E-2
40.403	-5.820E-4	4.480E-2
40.411	-5.584E-4	4.495E-2
40.419	-4.215E-4	4.509E-2
40.428	-3.316E-4	4.520E-2
40.436	-1.357E-4	4.526E-2
40.445	5.861E-5	4.525E-2
40.453	1.789E-4	4.523E-2
40.461	3.384E-4	4.516E-2
40.470	3.855E-4	4.505E-2
40.478	3.870E-4	4.495E-2
40.487	3.547E-4	4.481E-2
40.495	2.873E-4	4.468E-2
40.503	1.055E-4	4.455E-2
40.512	-7.703E-5	4.448E-2
40.520		4.446E-2
