#multi:
	mass A	mass B	
t	x	x	
0.000	-4.106E-3	4.465E-2
0.008	-4.096E-3	4.467E-2
0.017	-4.029E-3	4.467E-2
0.025	-3.927E-3	4.467E-2
0.034	-3.862E-3	4.468E-2
0.042	-3.700E-3	4.467E-2
0.050	-3.536E-3	4.467E-2
0.059	-3.319E-3	4.467E-2
0.067	-2.983E-3	4.467E-2
0.075	-2.506E-3	4.467E-2
0.084	-1.792E-3	4.468E-2
0.092	-9.345E-4	4.468E-2
0.101	9.914E-5	4.468E-2
0.109	1.131E-3	4.471E-2
0.117	2.032E-3	4.475E-2
0.126	2.728E-3	4.480E-2
0.134	3.094E-3	4.489E-2
0.142	3.031E-3	4.495E-2
0.151	2.578E-3	4.497E-2
0.159	1.791E-3	4.503E-2
0.168	8.123E-4	4.509E-2
0.176	-1.926E-4	4.509E-2
0.184	-1.190E-3	4.505E-2
0.193	-2.006E-3	4.499E-2
0.201	-2.600E-3	4.487E-2
0.209	-2.917E-3	4.473E-2
0.218	-2.928E-3	4.461E-2
0.226	-2.602E-3	4.448E-2
0.235	-2.072E-3	4.439E-2
0.243	-1.272E-3	4.434E-2
0.251	-3.139E-4	4.436E-2
0.260	6.513E-4	4.438E-2
0.268	1.641E-3	4.449E-2
0.276	2.404E-3	4.466E-2
0.285	2.858E-3	4.484E-2
0.293	3.032E-3	4.504E-2
0.302	2.720E-3	4.526E-2
0.310	2.151E-3	4.541E-2
0.318	1.276E-3	4.552E-2
0.327	2.856E-4	4.556E-2
0.335	-6.932E-4	4.551E-2
0.343	-1.572E-3	4.538E-2
0.352	-2.280E-3	4.518E-2
0.360	-2.707E-3	4.492E-2
0.369	-2.859E-3	4.465E-2
0.377	-2.734E-3	4.441E-2
0.385	-2.290E-3	4.420E-2
0.394	-1.611E-3	4.405E-2
0.402	-7.948E-4	4.398E-2
0.410	1.716E-4	4.398E-2
0.419	1.119E-3	4.417E-2
0.427	1.951E-3	4.440E-2
0.436	2.569E-3	4.468E-2
0.444	2.829E-3	4.497E-2
0.452	2.781E-3	4.531E-2
0.461	2.348E-3	4.559E-2
0.469	1.621E-3	4.579E-2
0.477	7.437E-4	4.586E-2
0.486	-2.102E-4	4.583E-2
0.494	-1.115E-3	4.567E-2
0.503	-1.851E-3	4.540E-2
0.511	-2.418E-3	4.506E-2
0.519	-2.708E-3	4.469E-2
0.528	-2.703E-3	4.428E-2
0.536	-2.435E-3	4.397E-2
0.544	-1.908E-3	4.373E-2
0.553	-1.124E-3	4.360E-2
0.561	-2.546E-4	4.357E-2
0.570	6.725E-4	4.374E-2
0.578	1.561E-3	4.400E-2
0.586	2.181E-3	4.439E-2
0.595	2.597E-3	4.482E-2
0.603	2.718E-3	4.528E-2
0.611	2.463E-3	4.568E-2
0.620	1.910E-3	4.596E-2
0.628	1.115E-3	4.614E-2
0.637	2.732E-4	4.612E-2
0.645	-6.064E-4	4.597E-2
0.653	-1.409E-3	4.568E-2
0.662	-2.012E-3	4.527E-2
0.670	-2.408E-3	4.479E-2
0.678	-2.549E-3	4.431E-2
0.687	-2.388E-3	4.388E-2
0.695	-2.026E-3	4.355E-2
0.704	-1.444E-3	4.333E-2
0.712	-6.622E-4	4.329E-2
0.720	2.081E-4	4.343E-2
0.729	1.040E-3	4.374E-2
0.737	1.753E-3	4.419E-2
0.746	2.267E-3	4.469E-2
0.754	2.532E-3	4.522E-2
0.762	2.475E-3	4.572E-2
0.771	2.091E-3	4.615E-2
0.779	1.467E-3	4.638E-2
0.787	7.116E-4	4.644E-2
0.796	-1.129E-4	4.632E-2
0.804	-9.067E-4	4.602E-2
0.813	-1.556E-3	4.555E-2
0.821	-2.038E-3	4.499E-2
0.829	-2.276E-3	4.438E-2
0.838	-2.272E-3	4.381E-2
0.846	-2.049E-3	4.335E-2
0.854	-1.587E-3	4.305E-2
0.863	-9.741E-4	4.296E-2
0.871	-2.099E-4	4.308E-2
0.880	5.710E-4	4.337E-2
0.888	1.276E-3	4.384E-2
0.896	1.858E-3	4.446E-2
0.905	2.228E-3	4.507E-2
0.913	2.320E-3	4.569E-2
0.921	2.138E-3	4.619E-2
0.930	1.698E-3	4.657E-2
0.938	1.049E-3	4.671E-2
0.947	3.298E-4	4.662E-2
0.955	-4.038E-4	4.635E-2
0.963	-1.090E-3	4.584E-2
0.972	-1.611E-3	4.523E-2
0.980	-1.986E-3	4.456E-2
0.988	-2.072E-3	4.392E-2
0.997	-1.984E-3	4.335E-2
1.005	-1.733E-3	4.296E-2
1.014	-1.286E-3	4.281E-2
1.022	-6.554E-4	4.285E-2
1.030	4.081E-5	4.311E-2
1.039	7.287E-4	4.360E-2
1.047	1.359E-3	4.423E-2
1.055	1.818E-3	4.492E-2
1.064	2.084E-3	4.561E-2
1.072	2.088E-3	4.623E-2
1.081	1.831E-3	4.670E-2
1.089	1.399E-3	4.694E-2
1.097	7.905E-4	4.693E-2
1.106	1.265E-4	4.667E-2
1.114	-5.075E-4	4.621E-2
1.122	-1.078E-3	4.556E-2
1.131	-1.515E-3	4.482E-2
1.139	-1.766E-3	4.408E-2
1.148	-1.808E-3	4.343E-2
1.156	-1.693E-3	4.294E-2
1.164	-1.373E-3	4.268E-2
1.173	-9.063E-4	4.263E-2
1.181	-3.457E-4	4.286E-2
1.189	2.786E-4	4.333E-2
1.198	8.467E-4	4.400E-2
1.206	1.344E-3	4.473E-2
1.215	1.695E-3	4.548E-2
1.223	1.842E-3	4.620E-2
1.231	1.797E-3	4.676E-2
1.240	1.533E-3	4.708E-2
1.248	1.067E-3	4.718E-2
1.256	5.297E-4	4.695E-2
1.265	-4.189E-5	4.649E-2
1.273	-5.900E-4	4.584E-2
1.282	-1.068E-3	4.505E-2
1.290	-1.443E-3	4.423E-2
1.298	-1.570E-3	4.349E-2
1.307	-1.571E-3	4.289E-2
1.315	-1.420E-3	4.253E-2
1.323	-1.100E-3	4.242E-2
1.332	-6.623E-4	4.260E-2
1.340	-1.527E-4	4.304E-2
1.349	3.660E-4	4.371E-2
1.357	8.543E-4	4.451E-2
1.365	1.233E-3	4.530E-2
1.374	1.521E-3	4.607E-2
1.382	1.627E-3	4.670E-2
1.391	1.528E-3	4.713E-2
1.399	1.254E-3	4.727E-2
1.407	8.560E-4	4.711E-2
1.416	3.498E-4	4.672E-2
1.424	-1.573E-4	4.608E-2
1.432	-6.594E-4	4.528E-2
1.441	-1.066E-3	4.444E-2
1.449	-1.349E-3	4.362E-2
1.458	-1.510E-3	4.298E-2
1.466	-1.497E-3	4.254E-2
1.474	-1.359E-3	4.236E-2
1.483	-1.090E-3	4.246E-2
1.491	-6.788E-4	4.287E-2
1.499	-2.051E-4	4.350E-2
1.508	2.639E-4	4.429E-2
1.516	7.233E-4	4.512E-2
1.525	1.111E-3	4.593E-2
1.533	1.384E-3	4.663E-2
1.541	1.459E-3	4.714E-2
1.550	1.408E-3	4.739E-2
1.558	1.183E-3	4.730E-2
1.566	8.207E-4	4.693E-2
1.575	3.965E-4	4.635E-2
1.583	-7.391E-5	4.558E-2
1.592	-5.186E-4	4.469E-2
1.600	-8.900E-4	4.382E-2
1.608	-1.130E-3	4.305E-2
1.617	-1.304E-3	4.254E-2
1.625	-1.321E-3	4.231E-2
1.633	-1.162E-3	4.235E-2
1.642	-9.177E-4	4.266E-2
1.650	-5.868E-4	4.322E-2
1.659	-1.629E-4	4.401E-2
1.667	2.650E-4	4.484E-2
1.675	7.011E-4	4.569E-2
1.684	1.040E-3	4.645E-2
1.692	1.252E-3	4.702E-2
1.700	1.408E-3	4.731E-2
1.709	1.412E-3	4.735E-2
1.717	1.177E-3	4.708E-2
1.726	8.722E-4	4.656E-2
1.734	5.038E-4	4.582E-2
1.742	6.213E-5	4.497E-2
1.751	-3.669E-4	4.407E-2
1.759	-7.604E-4	4.327E-2
1.767	-1.070E-3	4.268E-2
1.776	-1.224E-3	4.238E-2
1.784	-1.312E-3	4.232E-2
1.793	-1.191E-3	4.256E-2
1.801	-9.449E-4	4.307E-2
1.809	-6.378E-4	4.379E-2
1.818	-2.122E-4	4.461E-2
1.826	2.286E-4	4.548E-2
1.834	6.447E-4	4.625E-2
1.843	1.020E-3	4.687E-2
1.851	1.262E-3	4.727E-2
1.860	1.431E-3	4.735E-2
1.868	1.430E-3	4.717E-2
1.876	1.236E-3	4.671E-2
1.885	9.461E-4	4.603E-2
1.893	5.492E-4	4.523E-2
1.901	8.785E-5	4.438E-2
1.910	-3.559E-4	4.354E-2
1.918	-7.659E-4	4.290E-2
1.927	-1.109E-3	4.248E-2
1.935	-1.303E-3	4.237E-2
1.943	-1.349E-3	4.252E-2
1.952	-1.299E-3	4.296E-2
1.960	-1.085E-3	4.363E-2
1.968	-7.388E-4	4.445E-2
1.977	-3.243E-4	4.527E-2
1.985	1.218E-4	4.605E-2
1.994	5.563E-4	4.669E-2
2.002	9.601E-4	4.712E-2
2.010	1.270E-3	4.730E-2
2.019	1.430E-3	4.717E-2
2.027	1.435E-3	4.677E-2
2.035	1.265E-3	4.618E-2
2.044	9.479E-4	4.546E-2
2.052	5.312E-4	4.465E-2
2.061	5.520E-5	4.381E-2
2.069	-4.232E-4	4.312E-2
2.077	-8.738E-4	4.264E-2
2.086	-1.204E-3	4.242E-2
2.094	-1.389E-3	4.246E-2
2.103	-1.428E-3	4.284E-2
2.111	-1.354E-3	4.343E-2
2.119	-1.123E-3	4.419E-2
2.128	-7.733E-4	4.500E-2
2.136	-3.300E-4	4.578E-2
2.144	1.811E-4	4.642E-2
2.153	7.153E-4	4.692E-2
2.161	1.165E-3	4.717E-2
2.170	1.495E-3	4.717E-2
2.178	1.676E-3	4.683E-2
2.186	1.668E-3	4.628E-2
2.195	1.457E-3	4.559E-2
2.203	1.072E-3	4.483E-2
2.211	5.653E-4	4.406E-2
2.220	3.654E-5	4.336E-2
2.228	-5.000E-4	4.285E-2
2.237	-9.820E-4	4.260E-2
2.245	-1.333E-3	4.259E-2
2.253	-1.560E-3	4.284E-2
2.262	-1.610E-3	4.332E-2
2.270	-1.504E-3	4.397E-2
2.278	-1.239E-3	4.472E-2
2.287	-8.342E-4	4.545E-2
2.295	-2.896E-4	4.608E-2
2.304	2.676E-4	4.656E-2
2.312	8.279E-4	4.685E-2
2.320	1.328E-3	4.691E-2
2.329	1.641E-3	4.673E-2
2.337	1.834E-3	4.629E-2
2.345	1.765E-3	4.568E-2
2.354	1.467E-3	4.497E-2
2.362	1.000E-3	4.425E-2
2.371	4.607E-4	4.358E-2
2.379	-1.612E-4	4.307E-2
2.387	-7.583E-4	4.279E-2
2.396	-1.307E-3	4.276E-2
2.404	-1.659E-3	4.290E-2
2.412	-1.830E-3	4.328E-2
2.421	-1.824E-3	4.383E-2
2.429	-1.606E-3	4.450E-2
2.438	-1.283E-3	4.517E-2
2.446	-7.776E-4	4.578E-2
2.454	-1.616E-4	4.629E-2
2.463	4.923E-4	4.660E-2
2.471	1.098E-3	4.670E-2
2.479	1.596E-3	4.656E-2
2.488	1.911E-3	4.622E-2
2.496	2.047E-3	4.571E-2
2.505	1.896E-3	4.515E-2
2.513	1.509E-3	4.450E-2
2.521	9.499E-4	4.388E-2
2.530	2.929E-4	4.341E-2
2.538	-3.939E-4	4.309E-2
2.546	-1.050E-3	4.300E-2
2.555	-1.564E-3	4.308E-2
2.563	-1.890E-3	4.335E-2
2.572	-2.019E-3	4.379E-2
2.580	-1.990E-3	4.437E-2
2.588	-1.671E-3	4.497E-2
2.597	-1.181E-3	4.554E-2
2.605	-5.740E-4	4.602E-2
2.613	1.199E-4	4.634E-2
2.622	8.118E-4	4.648E-2
2.630	1.443E-3	4.645E-2
2.639	1.916E-3	4.621E-2
2.647	2.174E-3	4.580E-2
2.655	2.154E-3	4.530E-2
2.664	1.889E-3	4.475E-2
2.672	1.397E-3	4.419E-2
2.680	7.477E-4	4.373E-2
2.689	-1.077E-5	4.343E-2
2.697	-7.574E-4	4.328E-2
2.706	-1.384E-3	4.330E-2
2.714	-1.850E-3	4.351E-2
2.722	-2.119E-3	4.385E-2
2.731	-2.187E-3	4.434E-2
2.739	-1.999E-3	4.487E-2
2.747	-1.596E-3	4.537E-2
2.756	-1.030E-3	4.579E-2
2.764	-3.149E-4	4.608E-2
2.773	4.239E-4	4.626E-2
2.781	1.191E-3	4.626E-2
2.789	1.832E-3	4.607E-2
2.798	2.246E-3	4.578E-2
2.806	2.371E-3	4.537E-2
2.815	2.223E-3	4.490E-2
2.823	1.795E-3	4.444E-2
2.831	1.179E-3	4.402E-2
2.840	3.979E-4	4.373E-2
2.848	-4.090E-4	4.355E-2
2.856	-1.144E-3	4.353E-2
2.865	-1.759E-3	4.367E-2
2.873	-2.191E-3	4.393E-2
2.882	-2.344E-3	4.428E-2
2.890	-2.277E-3	4.468E-2
2.898	-1.971E-3	4.509E-2
2.907	-1.447E-3	4.546E-2
2.915	-8.004E-4	4.573E-2
2.923	1.634E-5	4.589E-2
2.932	8.156E-4	4.592E-2
2.940	1.544E-3	4.580E-2
2.949	2.099E-3	4.559E-2
2.957	2.397E-3	4.529E-2
2.965	2.392E-3	4.494E-2
2.974	2.102E-3	4.460E-2
2.982	1.525E-3	4.426E-2
2.990	7.580E-4	4.400E-2
2.999	-8.790E-5	4.383E-2
3.007	-9.096E-4	4.376E-2
3.016	-1.604E-3	4.383E-2
3.024	-2.118E-3	4.398E-2
3.032	-2.427E-3	4.421E-2
3.041	-2.490E-3	4.452E-2
3.049	-2.287E-3	4.482E-2
3.057	-1.828E-3	4.512E-2
3.066	-1.174E-3	4.535E-2
3.074	-3.734E-4	4.551E-2
3.083	4.630E-4	4.558E-2
3.091	1.288E-3	4.558E-2
3.099	1.947E-3	4.541E-2
3.108	2.388E-3	4.520E-2
3.116	2.565E-3	4.493E-2
3.124	2.380E-3	4.468E-2
3.133	1.913E-3	4.445E-2
3.141	1.207E-3	4.425E-2
3.150	3.559E-4	4.415E-2
3.158	-5.074E-4	4.410E-2
3.166	-1.303E-3	4.416E-2
3.175	-1.944E-3	4.424E-2
3.183	-2.366E-3	4.439E-2
3.191	-2.527E-3	4.459E-2
3.200	-2.462E-3	4.479E-2
3.208	-2.080E-3	4.498E-2
3.217	-1.528E-3	4.512E-2
3.225	-8.011E-4	4.523E-2
3.233	6.650E-5	4.532E-2
3.242	9.226E-4	4.533E-2
3.250	1.699E-3	4.528E-2
3.258	2.300E-3	4.516E-2
3.267	2.601E-3	4.505E-2
3.275	2.590E-3	4.491E-2
3.284	2.234E-3	4.479E-2
3.292	1.607E-3	4.468E-2
3.300	7.993E-4	4.461E-2
3.309	-9.844E-5	4.457E-2
3.317	-9.709E-4	4.457E-2
3.325	-1.671E-3	4.460E-2
3.334	-2.207E-3	4.466E-2
3.342	-2.504E-3	4.471E-2
3.351	-2.520E-3	4.478E-2
3.359	-2.292E-3	4.488E-2
3.367	-1.803E-3	4.493E-2
3.376	-1.126E-3	4.498E-2
3.384	-3.118E-4	4.499E-2
3.392	5.487E-4	4.497E-2
3.401	1.381E-3	4.495E-2
3.409	2.084E-3	4.493E-2
3.418	2.543E-3	4.490E-2
3.426	2.661E-3	4.488E-2
3.434	2.431E-3	4.488E-2
3.443	1.920E-3	4.486E-2
3.451	1.179E-3	4.486E-2
3.459	3.304E-4	4.486E-2
3.468	-5.672E-4	4.485E-2
3.476	-1.357E-3	4.484E-2
3.485	-1.988E-3	4.485E-2
3.493	-2.413E-3	4.481E-2
3.501	-2.562E-3	4.478E-2
3.510	-2.443E-3	4.480E-2
3.518	-2.051E-3	4.474E-2
3.527	-1.506E-3	4.470E-2
3.535	-7.465E-4	4.469E-2
3.543	1.354E-4	4.468E-2
3.552	9.731E-4	4.470E-2
3.560	1.734E-3	4.471E-2
3.568	2.289E-3	4.482E-2
3.577	2.571E-3	4.491E-2
3.585	2.540E-3	4.499E-2
3.594	2.156E-3	4.506E-2
3.602	1.575E-3	4.513E-2
3.610	7.373E-4	4.514E-2
3.619	-1.318E-4	4.515E-2
3.627	-9.669E-4	4.512E-2
3.635	-1.640E-3	4.506E-2
3.644	-2.148E-3	4.494E-2
3.652	-2.448E-3	4.481E-2
3.661	-2.463E-3	4.467E-2
3.669	-2.211E-3	4.452E-2
3.677	-1.738E-3	4.441E-2
3.686	-1.075E-3	4.436E-2
3.694	-2.704E-4	4.436E-2
3.702	5.884E-4	4.441E-2
3.711	1.377E-3	4.449E-2
3.719	2.033E-3	4.465E-2
3.728	2.426E-3	4.483E-2
3.736	2.526E-3	4.503E-2
3.744	2.311E-3	4.523E-2
3.753	1.817E-3	4.540E-2
3.761	1.099E-3	4.551E-2
3.769	3.101E-4	4.553E-2
3.778	-5.376E-4	4.553E-2
3.786	-1.297E-3	4.539E-2
3.795	-1.870E-3	4.518E-2
3.803	-2.242E-3	4.494E-2
3.811	-2.344E-3	4.468E-2
3.820	-2.227E-3	4.444E-2
3.828	-1.844E-3	4.421E-2
3.836	-1.286E-3	4.408E-2
3.845	-5.607E-4	4.404E-2
3.853	2.345E-4	4.406E-2
3.862	1.023E-3	4.418E-2
3.870	1.705E-3	4.441E-2
3.878	2.174E-3	4.468E-2
3.887	2.391E-3	4.496E-2
3.895	2.335E-3	4.525E-2
3.903	1.946E-3	4.553E-2
3.912	1.363E-3	4.572E-2
3.920	6.216E-4	4.581E-2
3.929	-1.795E-4	4.580E-2
3.937	-9.288E-4	4.563E-2
3.945	-1.560E-3	4.539E-2
3.954	-2.008E-3	4.509E-2
3.962	-2.250E-3	4.473E-2
3.970	-2.249E-3	4.438E-2
3.979	-1.980E-3	4.408E-2
3.987	-1.547E-3	4.387E-2
3.996	-9.135E-4	4.377E-2
4.004	-1.699E-4	4.376E-2
4.012	5.673E-4	4.392E-2
4.021	1.262E-3	4.418E-2
4.029	1.839E-3	4.451E-2
4.037	2.166E-3	4.490E-2
4.046	2.245E-3	4.529E-2
4.054	2.027E-3	4.564E-2
4.063	1.593E-3	4.590E-2
4.071	9.611E-4	4.604E-2
4.079	2.478E-4	4.604E-2
4.088	-4.941E-4	4.589E-2
4.096	-1.126E-3	4.562E-2
4.104	-1.631E-3	4.525E-2
4.113	-1.963E-3	4.484E-2
4.121	-2.043E-3	4.439E-2
4.130	-1.936E-3	4.398E-2
4.138	-1.623E-3	4.368E-2
4.146	-1.108E-3	4.351E-2
4.155	-4.693E-4	4.348E-2
4.163	2.431E-4	4.359E-2
4.172	9.355E-4	4.387E-2
4.180	1.525E-3	4.428E-2
4.188	1.918E-3	4.474E-2
4.197	2.127E-3	4.521E-2
4.205	2.069E-3	4.563E-2
4.213	1.771E-3	4.600E-2
4.222	1.231E-3	4.624E-2
4.230	5.868E-4	4.629E-2
4.239	-9.374E-5	4.617E-2
4.247	-7.549E-4	4.590E-2
4.255	-1.327E-3	4.546E-2
4.264	-1.709E-3	4.499E-2
4.272	-1.904E-3	4.444E-2
4.280	-1.871E-3	4.393E-2
4.289	-1.645E-3	4.354E-2
4.297	-1.296E-3	4.328E-2
4.306	-7.930E-4	4.322E-2
4.314	-1.660E-4	4.332E-2
4.322	4.766E-4	4.357E-2
4.331	1.051E-3	4.399E-2
4.339	1.514E-3	4.452E-2
4.347	1.828E-3	4.509E-2
4.356	1.897E-3	4.561E-2
4.364	1.742E-3	4.606E-2
4.373	1.389E-3	4.634E-2
4.381	8.879E-4	4.648E-2
4.389	3.002E-4	4.639E-2
4.398	-3.010E-4	4.613E-2
4.406	-8.802E-4	4.567E-2
4.414	-1.325E-3	4.513E-2
4.423	-1.602E-3	4.455E-2
4.431	-1.707E-3	4.397E-2
4.440	-1.635E-3	4.349E-2
4.448	-1.372E-3	4.313E-2
4.456	-9.813E-4	4.300E-2
4.465	-4.393E-4	4.305E-2
4.473	1.092E-4	4.330E-2
4.481	6.680E-4	4.374E-2
4.490	1.171E-3	4.431E-2
4.498	1.536E-3	4.496E-2
4.507	1.702E-3	4.556E-2
4.515	1.690E-3	4.608E-2
4.523	1.480E-3	4.647E-2
4.532	1.118E-3	4.666E-2
4.540	6.584E-4	4.668E-2
4.548	1.234E-4	4.641E-2
4.557	-4.033E-4	4.600E-2
4.565	-8.698E-4	4.542E-2
4.574	-1.220E-3	4.477E-2
4.582	-1.435E-3	4.415E-2
4.590	-1.480E-3	4.355E-2
4.599	-1.363E-3	4.312E-2
4.607	-1.111E-3	4.287E-2
4.615	-7.188E-4	4.286E-2
4.624	-2.372E-4	4.308E-2
4.632	2.720E-4	4.350E-2
4.641	7.436E-4	4.410E-2
4.649	1.155E-3	4.478E-2
4.657	1.451E-3	4.548E-2
4.666	1.548E-3	4.606E-2
4.674	1.467E-3	4.652E-2
4.682	1.237E-3	4.678E-2
4.691	9.172E-4	4.678E-2
4.699	5.005E-4	4.658E-2
4.708	3.668E-5	4.614E-2
4.716	-4.116E-4	4.556E-2
4.724	-8.275E-4	4.491E-2
4.733	-1.104E-3	4.420E-2
4.741	-1.286E-3	4.356E-2
4.749	-1.299E-3	4.305E-2
4.758	-1.157E-3	4.277E-2
4.766	-9.078E-4	4.273E-2
4.775	-5.594E-4	4.289E-2
4.783	-1.643E-4	4.328E-2
4.791	2.723E-4	4.383E-2
4.800	7.038E-4	4.454E-2
4.808	1.037E-3	4.526E-2
4.816	1.233E-3	4.594E-2
4.825	1.370E-3	4.647E-2
4.833	1.276E-3	4.681E-2
4.842	1.083E-3	4.691E-2
4.850	7.400E-4	4.677E-2
4.858	3.644E-4	4.637E-2
4.867	-4.021E-5	4.579E-2
4.875	-4.170E-4	4.513E-2
4.884	-7.477E-4	4.441E-2
4.892	-9.752E-4	4.372E-2
4.900	-1.094E-3	4.316E-2
4.909	-1.098E-3	4.282E-2
4.917	-1.018E-3	4.267E-2
4.925	-8.161E-4	4.278E-2
4.934	-4.765E-4	4.311E-2
4.942	-1.330E-4	4.365E-2
4.951	2.647E-4	4.437E-2
4.959	6.199E-4	4.510E-2
4.967	9.151E-4	4.579E-2
4.976	1.155E-3	4.638E-2
4.984	1.220E-3	4.676E-2
4.992	1.193E-3	4.694E-2
5.001	1.011E-3	4.687E-2
5.009	7.428E-4	4.655E-2
5.018	4.223E-4	4.603E-2
5.026	5.506E-5	4.535E-2
5.034	-3.137E-4	4.462E-2
5.043	-6.454E-4	4.389E-2
5.051	-8.788E-4	4.329E-2
5.059	-1.034E-3	4.284E-2
5.068	-1.056E-3	4.263E-2
5.076	-9.805E-4	4.266E-2
5.085	-7.810E-4	4.293E-2
5.093	-4.871E-4	4.347E-2
5.101	-1.571E-4	4.415E-2
5.110	2.116E-4	4.489E-2
5.118	5.485E-4	4.561E-2
5.126	8.387E-4	4.624E-2
5.135	1.033E-3	4.670E-2
5.143	1.158E-3	4.696E-2
5.152	1.164E-3	4.695E-2
5.160	9.987E-4	4.668E-2
5.168	7.606E-4	4.621E-2
5.177	4.679E-4	4.557E-2
5.185	9.250E-5	4.484E-2
5.193	-2.412E-4	4.413E-2
5.202	-5.871E-4	4.348E-2
5.210	-8.486E-4	4.299E-2
5.219	-1.011E-3	4.272E-2
5.227	-1.078E-3	4.273E-2
5.235	-1.023E-3	4.297E-2
5.244	-8.716E-4	4.342E-2
5.252	-6.146E-4	4.405E-2
5.260	-2.509E-4	4.476E-2
5.269	9.442E-5	4.546E-2
5.277	4.692E-4	4.608E-2
5.286	7.707E-4	4.657E-2
5.294	1.008E-3	4.686E-2
5.302	1.165E-3	4.696E-2
5.311	1.181E-3	4.677E-2
5.319	1.054E-3	4.632E-2
5.327	7.931E-4	4.573E-2
5.336	4.911E-4	4.504E-2
5.344	1.122E-4	4.434E-2
5.353	-2.497E-4	4.369E-2
5.361	-6.154E-4	4.315E-2
5.369	-8.916E-4	4.285E-2
5.378	-1.081E-3	4.276E-2
5.386	-1.130E-3	4.291E-2
5.394	-1.092E-3	4.327E-2
5.403	-9.096E-4	4.383E-2
5.411	-6.473E-4	4.450E-2
5.420	-2.810E-4	4.519E-2
5.428	1.162E-4	4.584E-2
5.436	5.112E-4	4.637E-2
5.445	8.701E-4	4.671E-2
5.453	1.173E-3	4.683E-2
5.461	1.297E-3	4.671E-2
5.470	1.282E-3	4.634E-2
5.478	1.180E-3	4.580E-2
5.487	9.367E-4	4.515E-2
5.495	5.660E-4	4.446E-2
5.503	1.597E-4	4.381E-2
5.512	-2.737E-4	4.324E-2
5.520	-6.604E-4	4.288E-2
5.528	-9.534E-4	4.276E-2
5.537	-1.142E-3	4.283E-2
5.545	-1.234E-3	4.314E-2
5.554	-1.177E-3	4.366E-2
5.562	-9.789E-4	4.429E-2
5.570	-6.503E-4	4.497E-2
5.579	-2.411E-4	4.561E-2
5.587	2.107E-4	4.614E-2
5.596	6.507E-4	4.651E-2
5.604	1.052E-3	4.670E-2
5.612	1.334E-3	4.666E-2
5.621	1.520E-3	4.640E-2
5.629	1.494E-3	4.595E-2
5.637	1.304E-3	4.536E-2
5.646	9.831E-4	4.471E-2
5.654	5.632E-4	4.408E-2
5.663	8.445E-5	4.353E-2
5.671	-3.856E-4	4.313E-2
5.679	-8.447E-4	4.291E-2
5.688	-1.140E-3	4.292E-2
5.696	-1.354E-3	4.319E-2
5.704	-1.390E-3	4.361E-2
5.713	-1.326E-3	4.420E-2
5.721	-1.077E-3	4.482E-2
5.730	-6.891E-4	4.544E-2
5.738	-2.101E-4	4.597E-2
5.746	2.899E-4	4.637E-2
5.755	7.575E-4	4.656E-2
5.763	1.197E-3	4.656E-2
5.771	1.489E-3	4.635E-2
5.780	1.649E-3	4.595E-2
5.788	1.609E-3	4.545E-2
5.797	1.383E-3	4.484E-2
5.805	9.897E-4	4.426E-2
5.813	5.185E-4	4.373E-2
5.822	-2.461E-5	4.331E-2
5.830	-5.554E-4	4.307E-2
5.838	-1.035E-3	4.305E-2
5.847	-1.354E-3	4.324E-2
5.855	-1.548E-3	4.355E-2
5.864	-1.557E-3	4.402E-2
5.872	-1.374E-3	4.458E-2
5.880	-1.082E-3	4.516E-2
5.889	-6.299E-4	4.566E-2
5.897	-1.015E-4	4.606E-2
5.905	4.729E-4	4.629E-2
5.914	9.910E-4	4.634E-2
5.922	1.433E-3	4.622E-2
5.931	1.701E-3	4.591E-2
5.939	1.794E-3	4.546E-2
5.947	1.679E-3	4.496E-2
5.956	1.378E-3	4.443E-2
5.964	8.851E-4	4.396E-2
5.972	3.211E-4	4.354E-2
5.981	-2.635E-4	4.330E-2
5.989	-8.295E-4	4.324E-2
5.998	-1.295E-3	4.333E-2
6.006	-1.587E-3	4.358E-2
6.014	-1.723E-3	4.396E-2
6.023	-1.664E-3	4.444E-2
6.031	-1.388E-3	4.494E-2
6.039	-9.859E-4	4.540E-2
6.048	-4.449E-4	4.579E-2
6.056	1.493E-4	4.604E-2
6.065	7.520E-4	4.613E-2
6.073	1.279E-3	4.605E-2
6.081	1.685E-3	4.582E-2
6.090	1.899E-3	4.547E-2
6.098	1.901E-3	4.507E-2
6.106	1.663E-3	4.462E-2
6.115	1.217E-3	4.420E-2
6.123	6.476E-4	4.383E-2
6.132	3.130E-5	4.357E-2
6.140	-6.141E-4	4.347E-2
6.148	-1.163E-3	4.353E-2
6.157	-1.590E-3	4.371E-2
6.165	-1.798E-3	4.400E-2
6.173	-1.830E-3	4.440E-2
6.182	-1.661E-3	4.482E-2
6.190	-1.311E-3	4.523E-2
6.199	-8.218E-4	4.560E-2
6.207	-1.871E-4	4.583E-2
6.215	4.753E-4	4.594E-2
6.224	1.106E-3	4.596E-2
6.232	1.658E-3	4.582E-2
6.240	1.988E-3	4.555E-2
6.249	2.113E-3	4.520E-2
6.257	1.973E-3	4.481E-2
6.266	1.598E-3	4.446E-2
6.274	1.041E-3	4.415E-2
6.282	3.748E-4	4.393E-2
6.291	-3.368E-4	4.381E-2
6.299	-9.885E-4	4.379E-2
6.308	-1.540E-3	4.394E-2
6.316	-1.861E-3	4.415E-2
6.324	-2.016E-3	4.444E-2
6.333	-1.965E-3	4.476E-2
6.341	-1.685E-3	4.509E-2
6.349	-1.263E-3	4.537E-2
6.358	-6.518E-4	4.559E-2
6.366	4.413E-5	4.569E-2
6.375	7.397E-4	4.573E-2
6.383	1.384E-3	4.565E-2
6.391	1.863E-3	4.545E-2
6.400	2.124E-3	4.518E-2
6.408	2.126E-3	4.489E-2
6.416	1.859E-3	4.461E-2
6.425	1.369E-3	4.438E-2
6.433	7.267E-4	4.420E-2
6.442	1.926E-5	4.407E-2
6.450	-6.829E-4	4.404E-2
6.458	-1.309E-3	4.408E-2
6.467	-1.770E-3	4.424E-2
6.475	-2.018E-3	4.444E-2
6.483	-2.047E-3	4.467E-2
6.492	-1.869E-3	4.491E-2
6.500	-1.489E-3	4.514E-2
6.509	-9.241E-4	4.531E-2
6.517	-2.247E-4	4.539E-2
6.525	5.052E-4	4.541E-2
6.534	1.197E-3	4.537E-2
6.542	1.764E-3	4.526E-2
6.550	2.130E-3	4.512E-2
6.559	2.243E-3	4.493E-2
6.567	2.085E-3	4.472E-2
6.576	1.668E-3	4.454E-2
6.584	1.043E-3	4.444E-2
6.592	3.181E-4	4.437E-2
6.601	-4.142E-4	4.438E-2
6.609	-1.105E-3	4.439E-2
6.617	-1.637E-3	4.445E-2
6.626	-2.000E-3	4.457E-2
6.634	-2.116E-3	4.471E-2
6.643	-2.028E-3	4.485E-2
6.651	-1.739E-3	4.498E-2
6.659	-1.256E-3	4.508E-2
6.668	-6.148E-4	4.514E-2
6.676	1.145E-4	4.517E-2
6.684	8.434E-4	4.515E-2
6.693	1.477E-3	4.511E-2
6.701	1.941E-3	4.505E-2
6.710	2.180E-3	4.495E-2
6.718	2.141E-3	4.485E-2
6.726	1.843E-3	4.477E-2
6.735	1.317E-3	4.472E-2
6.743	6.067E-4	4.467E-2
6.751	-1.595E-4	4.466E-2
6.760	-8.888E-4	4.466E-2
6.768	-1.508E-3	4.466E-2
6.777	-1.965E-3	4.469E-2
6.785	-2.217E-3	4.471E-2
6.793	-2.251E-3	4.476E-2
6.802	-2.041E-3	4.480E-2
6.810	-1.604E-3	4.483E-2
6.818	-1.021E-3	4.489E-2
6.827	-2.806E-4	4.489E-2
6.835	4.801E-4	4.489E-2
6.844	1.181E-3	4.489E-2
6.852	1.749E-3	4.489E-2
6.860	2.098E-3	4.489E-2
6.869	2.195E-3	4.489E-2
6.877	2.010E-3	4.489E-2
6.885	1.550E-3	4.490E-2
6.894	9.010E-4	4.490E-2
6.902	2.018E-4	4.491E-2
6.911	-5.290E-4	4.491E-2
6.919	-1.211E-3	4.490E-2
6.927	-1.741E-3	4.486E-2
6.936	-2.068E-3	4.483E-2
6.944	-2.172E-3	4.478E-2
6.953	-2.076E-3	4.474E-2
6.961	-1.758E-3	4.470E-2
6.969	-1.247E-3	4.465E-2
6.978	-6.023E-4	4.463E-2
6.986	1.285E-4	4.464E-2
6.994	8.329E-4	4.466E-2
7.003	1.446E-3	4.470E-2
7.011	1.898E-3	4.476E-2
7.020	2.114E-3	4.490E-2
7.028	2.075E-3	4.499E-2
7.036	1.745E-3	4.506E-2
7.045	1.190E-3	4.514E-2
7.053	5.171E-4	4.518E-2
7.061	-2.037E-4	4.517E-2
7.070	-8.964E-4	4.515E-2
7.078	-1.489E-3	4.505E-2
7.087	-1.944E-3	4.494E-2
7.095	-2.107E-3	4.481E-2
7.103	-2.076E-3	4.468E-2
7.112	-1.842E-3	4.453E-2
7.120	-1.392E-3	4.441E-2
7.128	-8.263E-4	4.436E-2
7.137	-1.354E-4	4.435E-2
7.145	5.607E-4	4.438E-2
7.154	1.217E-3	4.448E-2
7.162	1.737E-3	4.463E-2
7.170	2.068E-3	4.482E-2
7.179	2.122E-3	4.502E-2
7.187	1.914E-3	4.521E-2
7.195	1.475E-3	4.536E-2
7.204	8.595E-4	4.543E-2
7.212	1.536E-4	4.545E-2
7.221	-5.685E-4	4.542E-2
7.229	-1.177E-3	4.526E-2
7.237	-1.642E-3	4.511E-2
7.246	-1.917E-3	4.489E-2
7.254	-2.039E-3	4.467E-2
7.262	-1.890E-3	4.443E-2
7.271	-1.568E-3	4.423E-2
7.279	-1.072E-3	4.411E-2
7.288	-4.238E-4	4.406E-2
7.296	2.634E-4	4.409E-2
7.304	9.131E-4	4.422E-2
7.313	1.480E-3	4.443E-2
7.321	1.880E-3	4.468E-2
7.329	2.074E-3	4.495E-2
7.338	1.969E-3	4.522E-2
7.346	1.657E-3	4.542E-2
7.355	1.149E-3	4.559E-2
7.363	5.352E-4	4.564E-2
7.371	-1.457E-4	4.563E-2
7.380	-7.922E-4	4.546E-2
7.388	-1.323E-3	4.521E-2
7.396	-1.683E-3	4.491E-2
7.405	-1.868E-3	4.462E-2
7.413	-1.828E-3	4.429E-2
7.422	-1.612E-3	4.400E-2
7.430	-1.214E-3	4.380E-2
7.438	-6.566E-4	4.371E-2
7.447	-2.449E-5	4.374E-2
7.455	6.131E-4	4.387E-2
7.463	1.182E-3	4.414E-2
7.472	1.644E-3	4.447E-2
7.480	1.909E-3	4.482E-2
7.489	1.922E-3	4.518E-2
7.497	1.734E-3	4.550E-2
7.505	1.344E-3	4.575E-2
7.514	8.015E-4	4.587E-2
7.522	2.093E-4	4.586E-2
7.530	-3.855E-4	4.574E-2
7.539	-9.516E-4	4.550E-2
7.547	-1.356E-3	4.517E-2
7.556	-1.604E-3	4.477E-2
7.564	-1.687E-3	4.441E-2
7.572	-1.592E-3	4.404E-2
7.581	-1.316E-3	4.376E-2
7.589	-8.699E-4	4.359E-2
7.597	-3.345E-4	4.357E-2
7.606	2.522E-4	4.369E-2
7.614	8.049E-4	4.395E-2
7.623	1.275E-3	4.430E-2
7.631	1.629E-3	4.471E-2
7.639	1.760E-3	4.514E-2
7.648	1.680E-3	4.555E-2
7.656	1.425E-3	4.585E-2
7.665	9.917E-4	4.604E-2
7.673	4.797E-4	4.608E-2
7.681	-9.097E-5	4.596E-2
7.690	-6.440E-4	4.573E-2
7.698	-1.100E-3	4.536E-2
7.706	-1.394E-3	4.490E-2
7.715	-1.558E-3	4.444E-2
7.723	-1.559E-3	4.400E-2
7.732	-1.364E-3	4.366E-2
7.740	-1.060E-3	4.346E-2
7.748	-6.212E-4	4.341E-2
7.757	-1.002E-4	4.352E-2
7.765	4.395E-4	4.376E-2
7.773	9.337E-4	4.417E-2
7.782	1.323E-3	4.463E-2
7.790	1.530E-3	4.513E-2
7.799	1.581E-3	4.560E-2
7.807	1.455E-3	4.598E-2
7.815	1.162E-3	4.624E-2
7.824	7.346E-4	4.634E-2
7.832	2.612E-4	4.625E-2
7.840	-2.343E-4	4.600E-2
7.849	-6.829E-4	4.559E-2
7.857	-1.059E-3	4.512E-2
7.866	-1.303E-3	4.460E-2
7.874	-1.366E-3	4.410E-2
7.882	-1.319E-3	4.369E-2
7.891	-1.099E-3	4.340E-2
7.899	-7.917E-4	4.330E-2
7.907	-3.656E-4	4.334E-2
7.916	8.902E-5	4.357E-2
7.924	5.411E-4	4.396E-2
7.933	9.514E-4	4.446E-2
7.941	1.232E-3	4.500E-2
7.949	1.421E-3	4.556E-2
7.958	1.420E-3	4.601E-2
7.966	1.216E-3	4.634E-2
7.974	9.341E-4	4.648E-2
7.983	5.270E-4	4.644E-2
7.991	7.879E-5	4.622E-2
8.000	-3.586E-4	4.582E-2
8.008	-7.265E-4	4.530E-2
8.016	-1.018E-3	4.474E-2
8.025	-1.175E-3	4.418E-2
8.033	-1.210E-3	4.369E-2
8.041	-1.096E-3	4.333E-2
8.050	-8.740E-4	4.315E-2
8.058	-5.778E-4	4.319E-2
8.067	-1.780E-4	4.342E-2
8.075	2.399E-4	4.379E-2
8.083	6.318E-4	4.429E-2
8.092	9.481E-4	4.487E-2
8.100	1.184E-3	4.546E-2
8.108	1.248E-3	4.599E-2
8.117	1.213E-3	4.637E-2
8.125	1.032E-3	4.656E-2
8.134	7.444E-4	4.655E-2
8.142	4.149E-4	4.635E-2
8.150	3.599E-5	4.596E-2
8.159	-3.528E-4	4.545E-2
8.167	-6.639E-4	4.485E-2
8.175	-8.958E-4	4.426E-2
8.184	-1.045E-3	4.371E-2
8.192	-1.065E-3	4.328E-2
8.201	-9.393E-4	4.305E-2
8.209	-7.326E-4	4.303E-2
8.217	-4.129E-4	4.321E-2
8.226	-9.138E-5	4.355E-2
8.234	2.541E-4	4.405E-2
8.242	5.782E-4	4.465E-2
8.251	8.611E-4	4.527E-2
8.259	1.007E-3	4.584E-2
8.268	1.116E-3	4.628E-2
8.276	1.064E-3	4.656E-2
8.284	9.063E-4	4.660E-2
8.293	6.808E-4	4.647E-2
8.301	3.462E-4	4.610E-2
8.309	1.353E-5	4.559E-2
8.318	-3.040E-4	4.499E-2
8.326	-6.203E-4	4.435E-2
8.335	-8.277E-4	4.378E-2
8.343	-9.270E-4	4.330E-2
8.351	-9.209E-4	4.302E-2
8.360	-8.546E-4	4.291E-2
8.368	-6.598E-4	4.307E-2
8.377	-3.982E-4	4.337E-2
8.385	-1.145E-4	4.384E-2
8.393	2.230E-4	4.446E-2
8.402	5.190E-4	4.510E-2
8.410	7.575E-4	4.570E-2
8.418	9.510E-4	4.623E-2
8.427	1.006E-3	4.655E-2
8.435	9.849E-4	4.668E-2
8.444	8.492E-4	4.659E-2
8.452	6.068E-4	4.628E-2
8.460	3.057E-4	4.580E-2
8.469	2.014E-5	4.520E-2
8.477	-2.528E-4	4.456E-2
8.485	-4.973E-4	4.398E-2
8.494	-6.949E-4	4.346E-2
8.502	-8.349E-4	4.309E-2
8.511	-8.515E-4	4.292E-2
8.519	-8.156E-4	4.303E-2
8.527	-6.558E-4	4.330E-2
8.536	-4.111E-4	4.374E-2
8.544	-1.507E-4	4.431E-2
8.552	1.406E-4	4.497E-2
8.561	4.479E-4	4.558E-2
8.569	7.074E-4	4.611E-2
8.578	9.047E-4	4.647E-2
8.586	9.885E-4	4.666E-2
8.594	9.854E-4	4.665E-2
8.603	8.915E-4	4.643E-2
8.611	7.136E-4	4.601E-2
8.619	4.634E-4	4.543E-2
8.628	1.586E-4	4.477E-2
8.636	-1.646E-4	4.419E-2
8.645	-4.226E-4	4.363E-2
8.653	-6.540E-4	4.324E-2
8.661	-8.200E-4	4.305E-2
8.670	-8.543E-4	4.304E-2
8.678	-8.441E-4	4.327E-2
8.686	-6.838E-4	4.366E-2
8.695	-4.422E-4	4.420E-2
8.703	-1.752E-4	4.483E-2
8.712	1.082E-4	4.547E-2
8.720	4.364E-4	4.602E-2
8.728	7.216E-4	4.644E-2
8.737	9.392E-4	4.668E-2
8.745	1.034E-3	4.672E-2
8.753	1.031E-3	4.652E-2
8.762	9.550E-4	4.613E-2
8.770	7.546E-4	4.558E-2
8.779	5.075E-4	4.498E-2
8.787	1.842E-4	4.434E-2
8.795	-1.422E-4	4.379E-2
8.804	-4.257E-4	4.333E-2
8.812	-6.836E-4	4.308E-2
8.820	-8.586E-4	4.305E-2
8.829	-9.047E-4	4.316E-2
8.837	-8.833E-4	4.354E-2
8.846	-7.514E-4	4.402E-2
8.854	-4.917E-4	4.460E-2
8.862	-1.780E-4	4.522E-2
8.871	1.460E-4	4.577E-2
8.879	4.834E-4	4.623E-2
8.887	7.744E-4	4.651E-2
8.896	1.005E-3	4.656E-2
8.904	1.156E-3	4.644E-2
8.913	1.190E-3	4.612E-2
8.921	1.060E-3	4.562E-2
8.929	8.210E-4	4.506E-2
8.938	5.205E-4	4.448E-2
8.946	1.762E-4	4.393E-2
8.954	-1.728E-4	4.348E-2
8.963	-5.150E-4	4.319E-2
8.971	-7.983E-4	4.309E-2
8.980	-9.824E-4	4.321E-2
8.988	-1.042E-3	4.350E-2
8.996	-1.014E-3	4.394E-2
9.005	-8.631E-4	4.447E-2
9.013	-6.095E-4	4.504E-2
9.021	-2.348E-4	4.561E-2
9.030	1.403E-4	4.605E-2
9.038	5.157E-4	4.635E-2
9.047	8.514E-4	4.647E-2
9.055	1.111E-3	4.640E-2
9.063	1.236E-3	4.617E-2
9.072	1.231E-3	4.576E-2
9.080	1.135E-3	4.525E-2
9.089	8.668E-4	4.469E-2
9.097	4.976E-4	4.418E-2
9.105	7.730E-5	4.372E-2
9.114	-3.460E-4	4.341E-2
9.122	-7.102E-4	4.329E-2
9.130	-9.999E-4	4.329E-2
9.139	-1.178E-3	4.354E-2
9.147	-1.227E-3	4.391E-2
9.156	-1.149E-3	4.439E-2
9.164	-9.262E-4	4.491E-2
9.172	-6.138E-4	4.543E-2
9.181	-1.955E-4	4.585E-2
9.189	2.569E-4	4.617E-2
9.197	6.984E-4	4.635E-2
9.206	1.048E-3	4.631E-2
9.214	1.288E-3	4.611E-2
9.223	1.420E-3	4.576E-2
9.231	1.420E-3	4.531E-2
9.239	1.182E-3	4.481E-2
9.248	8.315E-4	4.434E-2
9.256	4.089E-4	4.393E-2
9.264	-3.697E-5	4.358E-2
9.273	-4.706E-4	4.340E-2
9.281	-8.695E-4	4.343E-2
9.290	-1.148E-3	4.360E-2
9.298	-1.305E-3	4.389E-2
9.306	-1.316E-3	4.431E-2
9.315	-1.167E-3	4.479E-2
9.323	-8.822E-4	4.529E-2
9.331	-4.706E-4	4.571E-2
9.340	-2.776E-7	4.604E-2
9.348	4.982E-4	4.623E-2
9.357	9.572E-4	4.625E-2
9.365	1.320E-3	4.611E-2
9.373	1.527E-3	4.582E-2
9.382	1.588E-3	4.544E-2
9.390	1.473E-3	4.496E-2
9.398	1.186E-3	4.449E-2
9.407	7.593E-4	4.408E-2
9.415	2.784E-4	4.380E-2
9.424	-2.386E-4	4.359E-2
9.432	-7.155E-4	4.356E-2
9.440	-1.098E-3	4.363E-2
9.449	-1.365E-3	4.390E-2
9.457	-1.466E-3	4.424E-2
9.465	-1.398E-3	4.464E-2
9.474	-1.171E-3	4.506E-2
9.482	-8.177E-4	4.543E-2
9.491	-3.444E-4	4.573E-2
9.499	1.779E-4	4.593E-2
9.507	7.287E-4	4.602E-2
9.516	1.194E-3	4.595E-2
9.524	1.540E-3	4.575E-2
9.532	1.694E-3	4.547E-2
9.541	1.687E-3	4.511E-2
9.549	1.452E-3	4.471E-2
9.558	1.042E-3	4.435E-2
9.566	5.415E-4	4.407E-2
9.574	-2.978E-6	4.390E-2
9.583	-5.712E-4	4.383E-2
9.591	-1.059E-3	4.384E-2
9.599	-1.433E-3	4.402E-2
9.608	-1.583E-3	4.426E-2
9.616	-1.592E-3	4.459E-2
9.625	-1.414E-3	4.493E-2
9.633	-1.114E-3	4.527E-2
9.641	-6.574E-4	4.555E-2
9.650	-1.211E-4	4.573E-2
9.658	4.558E-4	4.582E-2
9.666	9.984E-4	4.578E-2
9.675	1.444E-3	4.563E-2
9.683	1.716E-3	4.539E-2
9.692	1.819E-3	4.510E-2
9.700	1.698E-3	4.480E-2
9.708	1.378E-3	4.451E-2
9.717	8.971E-4	4.425E-2
9.725	3.281E-4	4.405E-2
9.734	-2.545E-4	4.397E-2
9.742	-8.271E-4	4.397E-2
9.750	-1.289E-3	4.410E-2
9.759	-1.575E-3	4.432E-2
9.767	-1.701E-3	4.458E-2
9.775	-1.658E-3	4.486E-2
9.784	-1.365E-3	4.512E-2
9.792	-9.559E-4	4.535E-2
9.801	-3.955E-4	4.552E-2
9.809	1.880E-4	4.559E-2
9.817	7.967E-4	4.559E-2
9.826	1.314E-3	4.550E-2
9.834	1.684E-3	4.535E-2
9.842	1.892E-3	4.513E-2
9.851	1.896E-3	4.489E-2
9.859	1.627E-3	4.466E-2
9.868	1.191E-3	4.446E-2
9.876	6.185E-4	4.433E-2
9.884	-6.777E-6	4.425E-2
9.893	-6.239E-4	4.424E-2
9.901	-1.135E-3	4.427E-2
9.909	-1.533E-3	4.442E-2
9.918	-1.755E-3	4.459E-2
9.926	-1.775E-3	4.478E-2
9.935	-1.591E-3	4.498E-2
9.943	-1.253E-3	4.513E-2
9.951	-7.596E-4	4.525E-2
9.960	-1.668E-4	4.535E-2
9.968	4.749E-4	4.536E-2
9.976	1.045E-3	4.531E-2
9.985	1.517E-3	4.521E-2
9.993	1.832E-3	4.508E-2
10.002	1.902E-3	4.491E-2
10.010	1.751E-3	4.477E-2
10.018	1.391E-3	4.466E-2
10.027	8.515E-4	4.456E-2
10.035	2.339E-4	4.450E-2
10.043	-4.027E-4	4.448E-2
10.052	-9.893E-4	4.447E-2
10.060	-1.478E-3	4.457E-2
10.069	-1.794E-3	4.467E-2
10.077	-1.865E-3	4.476E-2
10.085	-1.788E-3	4.486E-2
10.094	-1.511E-3	4.495E-2
10.102	-1.079E-3	4.500E-2
10.110	-4.641E-4	4.508E-2
10.119	1.654E-4	4.510E-2
10.127	7.579E-4	4.509E-2
10.136	1.322E-3	4.507E-2
10.144	1.667E-3	4.501E-2
10.152	1.874E-3	4.496E-2
10.161	1.860E-3	4.487E-2
10.169	1.585E-3	4.482E-2
10.177	1.125E-3	4.479E-2
10.186	5.391E-4	4.477E-2
10.194	-1.137E-4	4.479E-2
10.203	-7.467E-4	4.481E-2
10.211	-1.260E-3	4.483E-2
10.219	-1.646E-3	4.488E-2
10.228	-1.810E-3	4.489E-2
10.236	-1.800E-3	4.490E-2
10.244	-1.598E-3	4.490E-2
10.253	-1.225E-3	4.490E-2
10.261	-7.164E-4	4.489E-2
10.270	-8.493E-5	4.490E-2
10.278	5.366E-4	4.489E-2
10.286	1.135E-3	4.489E-2
10.295	1.626E-3	4.489E-2
10.303	1.905E-3	4.489E-2
10.311	1.938E-3	4.489E-2
10.320	1.758E-3	4.492E-2
10.328	1.372E-3	4.493E-2
10.337	8.110E-4	4.492E-2
10.345	1.860E-4	4.494E-2
10.353	-4.303E-4	4.493E-2
10.362	-1.019E-3	4.493E-2
10.370	-1.467E-3	4.488E-2
10.378	-1.766E-3	4.484E-2
10.387	-1.829E-3	4.479E-2
10.395	-1.731E-3	4.474E-2
10.404	-1.419E-3	4.467E-2
10.412	-9.464E-4	4.464E-2
10.420	-3.618E-4	4.462E-2
10.429	2.730E-4	4.462E-2
10.437	8.762E-4	4.465E-2
10.446	1.423E-3	4.469E-2
10.454	1.781E-3	4.476E-2
10.462	1.901E-3	4.486E-2
10.471	1.860E-3	4.495E-2
10.479	1.542E-3	4.504E-2
10.487	1.027E-3	4.513E-2
10.496	4.622E-4	4.516E-2
10.504	-1.656E-4	4.516E-2
10.513	-7.610E-4	4.515E-2
10.521	-1.290E-3	4.504E-2
10.529	-1.620E-3	4.494E-2
10.538	-1.780E-3	4.481E-2
10.546	-1.772E-3	4.468E-2
10.554	-1.557E-3	4.455E-2
10.563	-1.152E-3	4.445E-2
10.571	-6.410E-4	4.440E-2
10.580	-3.257E-5	4.439E-2
10.588	5.782E-4	4.443E-2
10.596	1.127E-3	4.450E-2
10.605	1.577E-3	4.464E-2
10.613	1.841E-3	4.482E-2
10.621	1.860E-3	4.500E-2
10.630	1.685E-3	4.518E-2
10.638	1.270E-3	4.533E-2
10.647	7.509E-4	4.539E-2
10.655	1.585E-4	4.542E-2
10.663	-4.386E-4	4.537E-2
10.672	-9.662E-4	4.527E-2
10.680	-1.350E-3	4.511E-2
10.688	-1.580E-3	4.491E-2
10.697	-1.646E-3	4.469E-2
10.705	-1.523E-3	4.447E-2
10.714	-1.239E-3	4.427E-2
10.722	-8.291E-4	4.416E-2
10.730	-2.643E-4	4.414E-2
10.739	3.127E-4	4.419E-2
10.747	8.626E-4	4.429E-2
10.755	1.304E-3	4.446E-2
10.764	1.626E-3	4.469E-2
10.772	1.738E-3	4.494E-2
10.781	1.649E-3	4.517E-2
10.789	1.383E-3	4.538E-2
10.797	9.454E-4	4.553E-2
10.806	4.168E-4	4.559E-2
10.814	-1.424E-4	4.558E-2
10.822	-6.675E-4	4.544E-2
10.831	-1.110E-3	4.521E-2
10.839	-1.399E-3	4.492E-2
10.848	-1.543E-3	4.465E-2
10.856	-1.547E-3	4.438E-2
10.864	-1.321E-3	4.415E-2
10.873	-9.665E-4	4.397E-2
10.881	-4.748E-4	4.392E-2
10.889	6.297E-5	4.395E-2
10.898	5.888E-4	4.407E-2
10.906	1.047E-3	4.427E-2
10.915	1.428E-3	4.454E-2
10.923	1.644E-3	4.489E-2
10.931	1.652E-3	4.521E-2
10.940	1.466E-3	4.548E-2
10.948	1.121E-3	4.567E-2
10.956	6.791E-4	4.579E-2
10.965	1.707E-4	4.578E-2
10.973	-3.717E-4	4.565E-2
10.982	-8.465E-4	4.540E-2
10.990	-1.178E-3	4.509E-2
10.998	-1.373E-3	4.473E-2
11.007	-1.409E-3	4.439E-2
11.015	-1.301E-3	4.407E-2
11.023	-1.066E-3	4.386E-2
11.032	-6.693E-4	4.376E-2
11.040	-1.917E-4	4.375E-2
11.049	3.021E-4	4.389E-2
11.057	7.640E-4	4.413E-2
11.065	1.175E-3	4.446E-2
11.074	1.445E-3	4.484E-2
11.082	1.518E-3	4.521E-2
11.090	1.458E-3	4.556E-2
11.099	1.203E-3	4.582E-2
11.107	8.210E-4	4.597E-2
11.116	3.630E-4	4.601E-2
11.124	-1.276E-4	4.589E-2
11.132	-5.948E-4	4.563E-2
11.141	-9.512E-4	4.528E-2
11.149	-1.183E-3	4.489E-2
11.158	-1.314E-3	4.448E-2
11.166	-1.304E-3	4.410E-2
11.174	-1.123E-3	4.380E-2
11.183	-8.497E-4	4.361E-2
11.191	-4.366E-4	4.358E-2
11.199	1.001E-5	4.370E-2
11.208	4.654E-4	4.394E-2
11.216	8.568E-4	4.427E-2
11.225	1.161E-3	4.468E-2
11.233	1.354E-3	4.513E-2
11.241	1.381E-3	4.555E-2
11.250	1.250E-3	4.587E-2
11.258	9.883E-4	4.606E-2
11.266	6.150E-4	4.611E-2
11.275	1.979E-4	4.603E-2
11.283	-2.002E-4	4.580E-2
11.292	-5.979E-4	4.542E-2
11.300	-8.859E-4	4.497E-2
11.308	-1.082E-3	4.450E-2
11.317	-1.128E-3	4.406E-2
11.325	-1.083E-3	4.371E-2
11.333	-8.896E-4	4.347E-2
11.342	-6.150E-4	4.340E-2
11.350	-2.189E-4	4.350E-2
11.359	1.822E-4	4.373E-2
11.367	5.572E-4	4.406E-2
11.375	8.885E-4	4.450E-2
11.384	1.140E-3	4.497E-2
11.392	1.248E-3	4.543E-2
11.400	1.234E-3	4.581E-2
11.409	1.046E-3	4.608E-2
11.417	7.755E-4	4.621E-2
11.426	4.629E-4	4.616E-2
11.434	7.884E-5	4.597E-2
11.442	-2.702E-4	4.561E-2
11.451	-5.962E-4	4.514E-2
11.459	-8.371E-4	4.464E-2
11.467	-9.569E-4	4.417E-2
11.476	-9.739E-4	4.375E-2
11.484	-8.646E-4	4.347E-2
11.493	-6.690E-4	4.332E-2
11.501	-3.903E-4	4.335E-2
11.509	-8.022E-5	4.354E-2
11.518	2.543E-4	4.389E-2
11.526	5.535E-4	4.437E-2
11.534	8.011E-4	4.489E-2
11.543	9.819E-4	4.539E-2
11.551	1.043E-3	4.583E-2
11.560	9.934E-4	4.614E-2
11.568	8.634E-4	4.630E-2
11.576	5.859E-4	4.629E-2
11.585	2.783E-4	4.609E-2
11.593	-9.577E-6	4.574E-2
11.601	-3.276E-4	4.529E-2
11.610	-6.170E-4	4.476E-2
11.618	-8.110E-4	4.423E-2
11.627	-9.112E-4	4.376E-2
11.635	-9.047E-4	4.342E-2
11.643	-8.127E-4	4.326E-2
11.652	-6.468E-4	4.326E-2
11.660	-3.978E-4	4.344E-2
11.668	-1.163E-4	4.377E-2
11.677	1.771E-4	4.421E-2
11.685	4.870E-4	4.473E-2
11.694	7.243E-4	4.526E-2
11.702	8.882E-4	4.576E-2
11.710	9.572E-4	4.612E-2
11.719	9.260E-4	4.633E-2
11.727	7.800E-4	4.634E-2
11.735	5.624E-4	4.622E-2
11.744	2.901E-4	4.587E-2
11.752	3.235E-5	4.541E-2
11.761	-2.205E-4	4.488E-2
11.769	-4.387E-4	4.435E-2
11.777	-6.332E-4	4.386E-2
11.786	-7.214E-4	4.350E-2
11.794	-7.202E-4	4.325E-2
11.802	-6.590E-4	4.321E-2
11.811	-4.763E-4	4.335E-2
11.819	-2.565E-4	4.363E-2
11.828	1.699E-6	4.408E-2
11.836	2.790E-4	4.463E-2
11.844	5.250E-4	4.516E-2
11.853	7.251E-4	4.567E-2
11.861	8.567E-4	4.608E-2
11.870	9.092E-4	4.633E-2
11.878	8.991E-4	4.641E-2
11.886	7.924E-4	4.632E-2
11.895	5.907E-4	4.603E-2
11.903	3.358E-4	4.560E-2
11.911	7.699E-5	4.508E-2
11.920	-1.697E-4	4.452E-2
11.928	-3.965E-4	4.399E-2
11.937	-5.947E-4	4.356E-2
11.945	-6.753E-4	4.327E-2
11.953	-6.736E-4	4.315E-2
11.962	-6.632E-4	4.328E-2
11.970	-4.963E-4	4.354E-2
11.978	-3.226E-4	4.393E-2
11.987	-1.069E-4	4.444E-2
11.995	1.348E-4	4.498E-2
12.004	3.634E-4	4.551E-2
12.012	5.588E-4	4.599E-2
12.020	7.212E-4	4.629E-2
12.029	7.927E-4	4.642E-2
12.037	7.815E-4	4.638E-2
12.045	7.141E-4	4.611E-2
12.054	5.370E-4	4.570E-2
12.062	3.126E-4	4.520E-2
12.071	6.577E-5	4.465E-2
12.079	-1.887E-4	4.414E-2
12.087	-4.158E-4	4.370E-2
12.096	-6.259E-4	4.335E-2
12.104	-7.236E-4	4.321E-2
12.112	-7.084E-4	4.323E-2
12.121	-6.890E-4	4.349E-2
12.129	-6.018E-4	4.384E-2
12.138	-4.020E-4	4.435E-2
12.146	-1.754E-4	4.489E-2
12.154	8.113E-5	4.541E-2
12.163	3.272E-4	4.587E-2
12.171	5.588E-4	4.621E-2
12.179	7.366E-4	4.638E-2
12.188	8.742E-4	4.635E-2
12.196	9.112E-4	4.616E-2
12.205	8.299E-4	4.583E-2
12.213	6.676E-4	4.535E-2
12.221	4.582E-4	4.483E-2
12.230	1.960E-4	4.431E-2
12.238	-9.043E-5	4.386E-2
12.246	-3.745E-4	4.352E-2
12.255	-6.136E-4	4.333E-2
12.263	-7.378E-4	4.331E-2
12.272	-7.551E-4	4.347E-2
12.280	-7.870E-4	4.377E-2
12.288	-6.736E-4	4.421E-2
12.297	-4.416E-4	4.471E-2
12.305	-1.943E-4	4.522E-2
12.313	8.167E-5	4.567E-2
12.322	3.801E-4	4.603E-2
12.330	6.478E-4	4.626E-2
12.339	8.709E-4	4.630E-2
12.347	9.964E-4	4.615E-2
12.355	9.984E-4	4.587E-2
12.364	9.347E-4	4.543E-2
12.372	7.447E-4	4.492E-2
12.380	5.000E-4	4.442E-2
12.389	1.856E-4	4.396E-2
12.397	-1.347E-4	4.359E-2
12.406	-4.183E-4	4.334E-2
12.414	-6.665E-4	4.328E-2
12.422	-8.445E-4	4.339E-2
12.431	-8.910E-4	4.370E-2
12.439	-8.582E-4	4.409E-2
12.447	-7.016E-4	4.458E-2
12.456	-4.472E-4	4.509E-2
12.464	-1.532E-4	4.556E-2
12.473	1.798E-4	4.592E-2
12.481	5.329E-4	4.612E-2
12.489	8.040E-4	4.620E-2
12.498	1.010E-3	4.613E-2
12.506	1.147E-3	4.587E-2
12.515	1.156E-3	4.549E-2
12.523	1.024E-3	4.505E-2
12.531	7.750E-4	4.459E-2
12.540	4.782E-4	4.415E-2
12.548	1.033E-4	4.380E-2
12.556	-2.534E-4	4.354E-2
12.565	-5.891E-4	4.345E-2
12.573	-8.542E-4	4.352E-2
12.582	-1.011E-3	4.374E-2
12.590	-1.073E-3	4.407E-2
12.598	-9.887E-4	4.446E-2
12.607	-8.267E-4	4.491E-2
12.615	-5.133E-4	4.535E-2
12.623	-1.577E-4	4.571E-2
12.632	2.429E-4	4.599E-2
12.640	6.070E-4	4.610E-2
12.649	9.290E-4	4.605E-2
12.657	1.169E-3	4.587E-2
12.665	1.231E-3	4.556E-2
12.674	1.221E-3	4.515E-2
12.682	9.967E-4	4.471E-2
12.690	7.170E-4	4.428E-2
12.699	3.277E-4	4.394E-2
12.707	-7.832E-5	4.369E-2
12.716	-4.685E-4	4.357E-2
12.724	-8.300E-4	4.355E-2
12.732	-1.081E-3	4.373E-2
12.741	-1.177E-3	4.401E-2
12.749	-1.155E-3	4.438E-2
12.757	-1.050E-3	4.479E-2
12.766	-7.973E-4	4.520E-2
12.774	-4.319E-4	4.555E-2
12.783	-6.539E-6	4.582E-2
12.791	4.314E-4	4.593E-2
12.799	8.242E-4	4.596E-2
12.808	1.157E-3	4.584E-2
12.816	1.358E-3	4.559E-2
12.824	1.430E-3	4.524E-2
12.833	1.299E-3	4.488E-2
12.841	1.001E-3	4.449E-2
12.850	6.356E-4	4.417E-2
12.858	1.892E-4	4.393E-2
12.866	-2.439E-4	4.378E-2
12.875	-6.589E-4	4.377E-2
12.883	-9.986E-4	4.388E-2
12.891	-1.232E-3	4.411E-2
12.900	-1.330E-3	4.441E-2
12.908	-1.260E-3	4.475E-2
12.917	-1.079E-3	4.509E-2
12.925	-7.224E-4	4.540E-2
12.933	-2.822E-4	4.563E-2
12.942	2.058E-4	4.578E-2
12.950	6.786E-4	4.581E-2
12.958	1.082E-3	4.574E-2
12.967	1.372E-3	4.556E-2
12.975	1.493E-3	4.529E-2
12.984	1.471E-3	4.498E-2
12.992	1.228E-3	4.463E-2
13.000	9.033E-4	4.435E-2
13.009	4.880E-4	4.413E-2
13.017	2.149E-6	4.400E-2
13.025	-4.668E-4	4.396E-2
13.034	-8.753E-4	4.400E-2
13.042	-1.182E-3	4.418E-2
13.051	-1.326E-3	4.442E-2
13.059	-1.332E-3	4.469E-2
13.067	-1.188E-3	4.496E-2
13.076	-8.898E-4	4.524E-2
13.084	-4.789E-4	4.548E-2
13.092	1.582E-5	4.562E-2
13.101	5.199E-4	4.565E-2
13.109	9.790E-4	4.559E-2
13.118	1.351E-3	4.545E-2
13.126	1.592E-3	4.523E-2
13.134	1.662E-3	4.500E-2
13.143	1.533E-3	4.476E-2
13.151	1.209E-3	4.450E-2
13.159	7.723E-4	4.428E-2
13.168	2.712E-4	4.416E-2
13.176	-2.452E-4	4.411E-2
13.185	-7.133E-4	4.414E-2
13.193	-1.081E-3	4.427E-2
13.201	-1.333E-3	4.444E-2
13.210	-1.430E-3	4.465E-2
13.218	-1.331E-3	4.487E-2
13.227	-1.106E-3	4.508E-2
13.235	-7.437E-4	4.528E-2
13.243	-2.356E-4	4.540E-2
13.252	2.945E-4	4.543E-2
13.260	7.944E-4	4.539E-2
13.268	1.233E-3	4.533E-2
13.277	1.543E-3	4.517E-2
13.285	1.685E-3	4.498E-2
13.294	1.663E-3	4.477E-2
13.302	1.408E-3	4.463E-2
13.310	9.978E-4	4.446E-2
13.319	5.136E-4	4.437E-2
13.327	-2.879E-5	4.434E-2
13.335	-5.573E-4	4.437E-2
13.344	-1.025E-3	4.443E-2
13.352	-1.343E-3	4.454E-2
13.361	-1.513E-3	4.470E-2
13.369	-1.531E-3	4.484E-2
13.377	-1.352E-3	4.500E-2
13.386	-1.047E-3	4.513E-2
13.394	-6.122E-4	4.521E-2
13.402	-6.907E-5	4.525E-2
13.411	4.724E-4	4.527E-2
13.419	9.644E-4	4.521E-2
13.428	1.401E-3	4.511E-2
13.436	1.648E-3	4.499E-2
13.444	1.669E-3	4.490E-2
13.453	1.540E-3	4.478E-2
13.461	1.177E-3	4.470E-2
13.469	7.174E-4	4.463E-2
13.478	1.885E-4	4.460E-2
13.486	-3.621E-4	4.461E-2
13.495	-8.781E-4	4.462E-2
13.503	-1.269E-3	4.470E-2
13.511	-1.526E-3	4.474E-2
13.520	-1.582E-3	4.483E-2
13.528	-1.489E-3	4.490E-2
13.536	-1.233E-3	4.497E-2
13.545	-8.622E-4	4.497E-2
13.553	-3.512E-4	4.497E-2
13.562	2.206E-4	4.497E-2
13.570	7.471E-4	4.493E-2
13.578	1.207E-3	4.490E-2
13.587	1.530E-3	4.487E-2
13.595	1.654E-3	4.486E-2
13.603	1.617E-3	4.480E-2
13.612	1.363E-3	4.476E-2
13.620	9.471E-4	4.471E-2
13.629	4.403E-4	4.470E-2
13.637	-1.222E-4	4.469E-2
13.645	-6.593E-4	4.469E-2
13.654	-1.110E-3	4.469E-2
13.662	-1.393E-3	4.471E-2
13.670	-1.551E-3	4.471E-2
13.679	-1.538E-3	4.470E-2
13.687	-1.336E-3	4.470E-2
13.696	-1.002E-3	4.469E-2
13.704	-5.485E-4	4.469E-2
13.712	1.161E-6	4.467E-2
13.721	5.394E-4	4.466E-2
13.729	1.024E-3	4.467E-2
13.737	1.424E-3	4.467E-2
13.746	1.651E-3	4.468E-2
13.754	1.662E-3	4.469E-2
13.763	1.477E-3	4.474E-2
13.771	1.141E-3	4.478E-2
13.779	6.676E-4	4.484E-2
13.788	1.217E-4	4.488E-2
13.796	-4.204E-4	4.488E-2
13.804	-9.092E-4	4.489E-2
13.813	-1.291E-3	4.485E-2
13.821	-1.517E-3	4.480E-2
13.830	-1.565E-3	4.475E-2
13.838	-1.420E-3	4.467E-2
13.846	-1.130E-3	4.463E-2
13.855	-7.161E-4	4.459E-2
13.863	-1.861E-4	4.457E-2
13.871	3.331E-4	4.459E-2
13.880	8.485E-4	4.463E-2
13.888	1.248E-3	4.468E-2
13.897	1.550E-3	4.474E-2
13.905	1.643E-3	4.485E-2
13.913	1.599E-3	4.494E-2
13.922	1.273E-3	4.503E-2
13.930	8.411E-4	4.511E-2
13.939	3.111E-4	4.515E-2
13.947	-2.062E-4	4.515E-2
13.955	-7.027E-4	4.514E-2
13.964	-1.114E-3	4.505E-2
13.972	-1.374E-3	4.493E-2
13.980	-1.513E-3	4.481E-2
13.989	-1.463E-3	4.469E-2
13.997	-1.298E-3	4.456E-2
14.006	-9.342E-4	4.446E-2
14.014	-4.469E-4	4.442E-2
14.022	6.316E-5	4.441E-2
14.031	5.688E-4	4.445E-2
14.039	1.013E-3	4.453E-2
14.047	1.392E-3	4.465E-2
14.056	1.581E-3	4.482E-2
14.064	1.603E-3	4.499E-2
14.073	1.422E-3	4.513E-2
14.081	1.036E-3	4.526E-2
14.089	5.716E-4	4.535E-2
14.098	5.901E-5	4.537E-2
14.106	-4.281E-4	4.533E-2
14.114	-8.833E-4	4.521E-2
14.123	-1.201E-3	4.504E-2
14.131	-1.356E-3	4.487E-2
14.140	-1.386E-3	4.468E-2
14.148	-1.281E-3	4.448E-2
14.156	-1.013E-3	4.432E-2
14.165	-6.350E-4	4.423E-2
14.173	-1.579E-4	4.420E-2
14.181	3.252E-4	4.424E-2
14.190	7.803E-4	4.435E-2
14.198	1.181E-3	4.453E-2
14.207	1.440E-3	4.473E-2
14.215	1.499E-3	4.494E-2
14.223	1.415E-3	4.516E-2
14.232	1.154E-3	4.534E-2
14.240	7.553E-4	4.545E-2
14.248	2.899E-4	4.550E-2
14.257	-1.824E-4	4.547E-2
14.265	-6.425E-4	4.537E-2
14.274	-9.974E-4	4.517E-2
14.282	-1.270E-3	4.492E-2
14.290	-1.358E-3	4.467E-2
14.299	-1.329E-3	4.442E-2
14.307	-1.117E-3	4.420E-2
14.315	-8.027E-4	4.403E-2
14.324	-3.910E-4	4.398E-2
14.332	6.225E-5	4.400E-2
14.341	5.144E-4	4.414E-2
14.349	9.323E-4	4.436E-2
14.357	1.211E-3	4.464E-2
14.366	1.411E-3	4.492E-2
14.374	1.417E-3	4.520E-2
14.382	1.222E-3	4.542E-2
14.391	9.146E-4	4.559E-2
14.399	5.215E-4	4.565E-2
14.408	6.814E-5	4.562E-2
14.416	-3.718E-4	4.551E-2
14.424	-7.651E-4	4.530E-2
14.433	-1.071E-3	4.502E-2
14.441	-1.212E-3	4.472E-2
14.449	-1.219E-3	4.442E-2
14.458	-1.125E-3	4.415E-2
14.466	-8.914E-4	4.395E-2
14.475	-5.403E-4	4.386E-2
14.483	-1.592E-4	4.390E-2
14.491	2.629E-4	4.401E-2
14.500	6.868E-4	4.422E-2
14.508	9.883E-4	4.451E-2
14.516	1.203E-3	4.485E-2
14.525	1.250E-3	4.519E-2
14.533	1.206E-3	4.549E-2
14.542	9.721E-4	4.573E-2
14.550	6.751E-4	4.585E-2
14.558	2.835E-4	4.584E-2
14.567	-1.277E-4	4.574E-2
14.575	-4.734E-4	4.552E-2
14.583	-8.119E-4	4.520E-2
14.592	-1.033E-3	4.483E-2
14.600	-1.116E-3	4.447E-2
14.609	-1.094E-3	4.414E-2
14.617	-9.155E-4	4.391E-2
14.625	-6.548E-4	4.376E-2
14.634	-3.184E-4	4.375E-2
14.642	4.036E-5	4.384E-2
14.651	4.451E-4	4.409E-2
14.659	7.536E-4	4.443E-2
14.667	9.919E-4	4.481E-2
14.676	1.162E-3	4.519E-2
14.684	1.174E-3	4.554E-2
14.692	1.026E-3	4.582E-2
14.701	7.833E-4	4.598E-2
14.709	4.978E-4	4.603E-2
14.718	1.202E-4	4.592E-2
14.726	-2.301E-4	4.571E-2
14.734	-5.359E-4	4.538E-2
14.743	-8.092E-4	4.498E-2
14.751	-9.400E-4	4.457E-2
14.759	-9.659E-4	4.421E-2
14.768	-8.902E-4	4.391E-2
14.776	-7.058E-4	4.371E-2
14.785	-4.176E-4	4.367E-2
14.793	-1.338E-4	4.375E-2
14.801	2.112E-4	4.397E-2
14.810	5.302E-4	4.427E-2
14.818	7.754E-4	4.467E-2
14.826	9.655E-4	4.509E-2
14.835	1.025E-3	4.551E-2
14.843	1.006E-3	4.584E-2
14.852	8.515E-4	4.604E-2
14.860	6.015E-4	4.610E-2
14.868	2.966E-4	4.603E-2
14.877	1.202E-5	4.582E-2
14.885	-2.745E-4	4.549E-2
14.893	-5.146E-4	4.509E-2
14.902	-6.835E-4	4.465E-2
14.910	-8.050E-4	4.422E-2
14.919	-8.319E-4	4.387E-2
14.927	-7.276E-4	4.366E-2
14.935	-5.643E-4	4.355E-2
14.944	-3.456E-4	4.359E-2
14.952	-6.237E-5	4.377E-2
14.960	2.210E-4	4.409E-2
14.969	4.960E-4	4.453E-2
14.977	7.223E-4	4.495E-2
14.986	8.534E-4	4.539E-2
14.994	8.411E-4	4.576E-2
15.002	8.092E-4	4.603E-2
15.011	6.929E-4	4.615E-2
15.019	4.973E-4	4.609E-2
15.027	2.549E-4	4.589E-2
15.036	-6.150E-7	4.556E-2
15.044	-2.382E-4	4.515E-2
15.053	-4.360E-4	4.467E-2
15.061	-6.285E-4	4.422E-2
15.069	-6.798E-4	4.383E-2
15.078	-6.746E-4	4.353E-2
15.086	-6.142E-4	4.339E-2
15.094	-4.271E-4	4.344E-2
15.103	-2.155E-4	4.364E-2
15.111	2.446E-5	4.396E-2
15.120	2.737E-4	4.437E-2
15.128	5.083E-4	4.485E-2
15.136	6.864E-4	4.533E-2
15.145	7.915E-4	4.574E-2
15.153	8.224E-4	4.604E-2
15.161	7.569E-4	4.623E-2
15.170	6.716E-4	4.624E-2
15.178	5.062E-4	4.607E-2
15.187	2.799E-4	4.577E-2
15.195	5.074E-5	4.535E-2
15.203	-1.754E-4	4.488E-2
15.212	-3.774E-4	4.442E-2
15.220	-5.135E-4	4.399E-2
15.228	-6.123E-4	4.365E-2
15.237	-6.195E-4	4.348E-2
15.245	-5.545E-4	4.348E-2
15.254	-4.089E-4	4.359E-2
15.262	-2.189E-4	4.387E-2
15.270	-9.808E-7	4.427E-2
15.279	2.299E-4	4.471E-2
15.287	4.408E-4	4.519E-2
15.296	6.070E-4	4.562E-2
15.304	7.296E-4	4.596E-2
15.312	7.674E-4	4.618E-2
15.321	7.482E-4	4.623E-2
15.329	6.464E-4	4.612E-2
15.337	5.235E-4	4.583E-2
15.346	3.026E-4	4.543E-2
15.354	7.877E-5	4.495E-2
15.363	-1.484E-4	4.446E-2
15.371	-3.490E-4	4.400E-2
15.379	-4.532E-4	4.367E-2
15.388	-5.911E-4	4.346E-2
15.396	-6.091E-4	4.342E-2
15.404	-6.005E-4	4.353E-2
15.413	-4.276E-4	4.376E-2
15.421	-2.667E-4	4.413E-2
15.430	-7.520E-5	4.460E-2
15.438	1.203E-4	4.508E-2
15.446	3.096E-4	4.555E-2
15.455	5.046E-4	4.591E-2
15.463	6.554E-4	4.612E-2
15.471	7.352E-4	4.621E-2
15.480	7.395E-4	4.614E-2
15.488	6.689E-4	4.588E-2
15.497	5.343E-4	4.552E-2
15.505	3.204E-4	4.508E-2
15.513	9.400E-5	4.461E-2
15.522	-1.370E-4	4.416E-2
15.530	-3.412E-4	4.378E-2
15.538	-4.701E-4	4.351E-2
15.547	-6.068E-4	4.340E-2
15.555	-6.321E-4	4.349E-2
15.564	-6.357E-4	4.372E-2
15.572	-4.750E-4	4.405E-2
15.580	-3.455E-4	4.445E-2
15.589	-1.574E-4	4.492E-2
15.597	6.981E-5	4.538E-2
15.605	2.912E-4	4.578E-2
15.614	5.090E-4	4.605E-2
15.622	6.853E-4	4.617E-2
15.631	7.547E-4	4.616E-2
15.639	7.605E-4	4.599E-2
15.647	7.136E-4	4.566E-2
15.656	5.530E-4	4.522E-2
15.664	3.515E-4	4.473E-2
15.672	1.002E-4	4.426E-2
15.681	-1.546E-4	4.387E-2
15.689	-3.878E-4	4.362E-2
15.698	-5.711E-4	4.350E-2
15.706	-7.008E-4	4.351E-2
15.714	-6.907E-4	4.370E-2
15.723	-6.804E-4	4.399E-2
15.731	-5.864E-4	4.439E-2
15.739	-4.108E-4	4.484E-2
15.748	-1.792E-4	4.529E-2
15.756	6.917E-5	4.569E-2
15.765	3.186E-4	4.595E-2
15.773	5.433E-4	4.612E-2
15.781	7.286E-4	4.610E-2
15.790	8.488E-4	4.595E-2
15.798	8.107E-4	4.568E-2
15.806	7.304E-4	4.530E-2
15.815	5.520E-4	4.486E-2
15.823	3.152E-4	4.443E-2
15.832	4.512E-5	4.403E-2
15.840	-2.163E-4	4.375E-2
15.848	-4.461E-4	4.356E-2
15.857	-6.687E-4	4.354E-2
15.865	-7.936E-4	4.367E-2
15.873	-8.492E-4	4.393E-2
15.882	-8.190E-4	4.428E-2
15.890	-6.838E-4	4.468E-2
15.899	-4.360E-4	4.510E-2
15.907	-1.771E-4	4.550E-2
15.915	1.096E-4	4.582E-2
15.924	4.163E-4	4.600E-2
15.932	6.971E-4	4.605E-2
15.940	9.007E-4	4.594E-2
15.949	9.830E-4	4.573E-2
15.957	9.801E-4	4.540E-2
15.966	8.795E-4	4.498E-2
15.974	6.814E-4	4.456E-2
15.982	4.035E-4	4.421E-2
15.991	6.452E-5	4.391E-2
15.999	-2.365E-4	4.373E-2
16.008	-5.132E-4	4.370E-2
16.016	-7.199E-4	4.376E-2
16.024	-8.415E-4	4.397E-2
16.033	-8.641E-4	4.425E-2
16.041	-8.084E-4	4.462E-2
16.049	-6.318E-4	4.502E-2
16.058	-3.733E-4	4.539E-2
16.066	-5.148E-5	4.567E-2
16.075	3.001E-4	4.586E-2
16.083	5.949E-4	4.591E-2
16.091	8.693E-4	4.584E-2
16.100	1.054E-3	4.564E-2
16.108	1.141E-3	4.537E-2
16.116	1.105E-3	4.501E-2
16.125	9.371E-4	4.466E-2
16.133	6.690E-4	4.429E-2
16.142	3.345E-4	4.400E-2
16.150	-2.424E-5	4.379E-2
16.158	-3.596E-4	4.372E-2
16.167	-6.599E-4	4.373E-2
16.175	-8.733E-4	4.394E-2
16.183	-9.792E-4	4.420E-2
16.192	-9.443E-4	4.449E-2
16.200	-8.130E-4	4.485E-2
16.209	-5.923E-4	4.519E-2
16.217	-2.606E-4	4.546E-2
16.225	1.006E-4	4.568E-2
16.234	4.872E-4	4.576E-2
16.242	8.076E-4	4.574E-2
16.250	1.046E-3	4.562E-2
16.259	1.205E-3	4.538E-2
16.267	1.213E-3	4.509E-2
16.276	1.116E-3	4.475E-2
16.284	8.852E-4	4.443E-2
16.292	5.589E-4	4.418E-2
16.301	1.743E-4	4.398E-2
16.309	-1.988E-4	4.390E-2
16.317	-5.811E-4	4.392E-2
16.326	-8.627E-4	4.403E-2
16.334	-1.055E-3	4.424E-2
16.343	-1.098E-3	4.448E-2
16.351	-1.048E-3	4.476E-2
16.359	-8.620E-4	4.505E-2
16.368	-5.579E-4	4.533E-2
16.376	-1.776E-4	4.554E-2
16.384	2.466E-4	4.563E-2
16.393	6.437E-4	4.561E-2
16.401	9.892E-4	4.553E-2
16.410	1.216E-3	4.536E-2
16.418	1.337E-3	4.512E-2
16.426	1.293E-3	4.485E-2
16.435	1.075E-3	4.458E-2
16.443	7.459E-4	4.437E-2
16.451	3.373E-4	4.419E-2
16.460	-8.830E-5	4.410E-2
16.468	-4.892E-4	4.411E-2
16.477	-8.497E-4	4.418E-2
16.485	-1.100E-3	4.435E-2
16.493	-1.205E-3	4.457E-2
16.502	-1.167E-3	4.482E-2
16.510	-1.047E-3	4.507E-2
16.518	-7.671E-4	4.530E-2
16.527	-4.015E-4	4.547E-2
16.535	1.897E-5	4.558E-2
16.544	4.754E-4	4.559E-2
16.552	8.763E-4	4.553E-2
16.560	1.203E-3	4.539E-2
16.569	1.405E-3	4.519E-2
16.577	1.418E-3	4.496E-2
16.585	1.283E-3	4.472E-2
16.594	9.852E-4	4.452E-2
16.602	5.835E-4	4.435E-2
16.611	1.386E-4	4.426E-2
16.619	-3.407E-4	4.423E-2
16.627	-7.473E-4	4.423E-2
16.636	-1.060E-3	4.438E-2
16.644	-1.252E-3	4.454E-2
16.652	-1.327E-3	4.472E-2
16.661	-1.212E-3	4.491E-2
16.669	-9.654E-4	4.508E-2
16.678	-6.236E-4	4.522E-2
16.686	-1.819E-4	4.530E-2
16.694	2.756E-4	4.534E-2
16.703	7.298E-4	4.531E-2
16.711	1.106E-3	4.523E-2
16.720	1.384E-3	4.512E-2
16.728	1.487E-3	4.496E-2
16.736	1.435E-3	4.478E-2
16.745	1.194E-3	4.466E-2
16.753	8.142E-4	4.455E-2
16.761	3.632E-4	4.448E-2
16.770	-1.258E-4	4.445E-2
16.778	-5.927E-4	4.445E-2
16.787	-9.493E-4	4.450E-2
16.795	-1.192E-3	4.462E-2
16.803	-1.315E-3	4.473E-2
16.812	-1.304E-3	4.485E-2
16.820	-1.113E-3	4.496E-2
16.828	-8.359E-4	4.506E-2
16.837	-4.110E-4	4.511E-2
16.845	5.006E-5	4.514E-2
16.854	5.206E-4	4.513E-2
16.862	9.500E-4	4.508E-2
16.870	1.253E-3	4.503E-2
16.879	1.449E-3	4.493E-2
16.887	1.448E-3	4.484E-2
16.895	1.325E-3	4.475E-2
16.904	9.611E-4	4.467E-2
16.912	5.402E-4	4.462E-2
16.921	6.634E-5	4.462E-2
16.929	-4.038E-4	4.463E-2
16.937	-8.429E-4	4.464E-2
16.946	-1.143E-3	4.471E-2
16.954	-1.343E-3	4.475E-2
16.962	-1.355E-3	4.481E-2
16.971	-1.262E-3	4.489E-2
16.979	-1.029E-3	4.493E-2
16.988	-6.564E-4	4.492E-2
16.996	-1.882E-4	4.495E-2
17.004	2.837E-4	4.493E-2
17.013	7.463E-4	4.491E-2
17.021	1.150E-3	4.488E-2
17.029	1.419E-3	4.485E-2
17.038	1.480E-3	4.485E-2
17.046	1.415E-3	4.482E-2
17.055	1.162E-3	4.481E-2
17.063	7.637E-4	4.481E-2
17.071	3.046E-4	4.482E-2
17.080	-1.752E-4	4.484E-2
17.088	-6.338E-4	4.485E-2
17.096	-1.011E-3	4.486E-2
17.105	-1.285E-3	4.488E-2
17.113	-1.365E-3	4.488E-2
17.122	-1.329E-3	4.488E-2
17.130	-1.125E-3	4.488E-2
17.138	-8.263E-4	4.487E-2
17.147	-3.893E-4	4.487E-2
17.155	7.431E-5	4.485E-2
17.163	5.377E-4	4.484E-2
17.172	9.626E-4	4.485E-2
17.180	1.268E-3	4.486E-2
17.189	1.432E-3	4.488E-2
17.197	1.435E-3	4.488E-2
17.205	1.222E-3	4.493E-2
17.214	9.195E-4	4.495E-2
17.222	5.018E-4	4.494E-2
17.230	3.076E-5	4.497E-2
17.239	-4.267E-4	4.495E-2
17.247	-8.531E-4	4.494E-2
17.256	-1.135E-3	4.489E-2
17.264	-1.313E-3	4.484E-2
17.272	-1.330E-3	4.479E-2
17.281	-1.178E-3	4.474E-2
17.289	-9.117E-4	4.467E-2
17.297	-5.357E-4	4.463E-2
17.306	-1.061E-4	4.461E-2
17.314	3.414E-4	4.462E-2
17.323	7.724E-4	4.465E-2
17.331	1.153E-3	4.469E-2
17.339	1.401E-3	4.475E-2
17.348	1.448E-3	4.485E-2
17.356	1.353E-3	4.494E-2
17.364	1.087E-3	4.502E-2
17.373	7.001E-4	4.511E-2
17.381	2.584E-4	4.514E-2
17.390	-1.970E-4	4.514E-2
17.398	-6.364E-4	4.513E-2
17.406	-9.741E-4	4.503E-2
17.415	-1.176E-3	4.493E-2
17.423	-1.266E-3	4.481E-2
17.432	-1.196E-3	4.469E-2
17.440	-9.938E-4	4.459E-2
17.448	-6.732E-4	4.450E-2
17.457	-2.520E-4	4.444E-2
17.465	2.137E-4	4.444E-2
17.473	6.551E-4	4.446E-2
17.482	1.038E-3	4.456E-2
17.490	1.281E-3	4.469E-2
17.499	1.438E-3	4.484E-2
17.507	1.431E-3	4.501E-2
17.515	1.203E-3	4.515E-2
17.524	8.757E-4	4.527E-2
17.532	4.952E-4	4.535E-2
17.540	4.979E-5	4.535E-2
17.549	-3.829E-4	4.534E-2
17.557	-7.809E-4	4.518E-2
17.566	-1.065E-3	4.504E-2
17.574	-1.186E-3	4.487E-2
17.582	-1.173E-3	4.469E-2
17.591	-1.052E-3	4.450E-2
17.599	-8.056E-4	4.438E-2
17.607	-4.263E-4	4.428E-2
17.616	-7.230E-6	4.425E-2
17.624	4.153E-4	4.429E-2
17.633	8.081E-4	4.440E-2
17.641	1.121E-3	4.457E-2
17.649	1.295E-3	4.478E-2
17.658	1.334E-3	4.502E-2
17.666	1.240E-3	4.522E-2
17.674	9.886E-4	4.536E-2
17.683	6.346E-4	4.545E-2
17.691	2.227E-4	4.545E-2
17.700	-1.791E-4	4.538E-2
17.708	-5.825E-4	4.527E-2
17.716	-8.769E-4	4.510E-2
17.725	-1.078E-3	4.488E-2
17.733	-1.124E-3	4.466E-2
17.741	-1.082E-3	4.444E-2
17.750	-8.863E-4	4.424E-2
17.758	-6.072E-4	4.413E-2
17.767	-2.152E-4	4.410E-2
17.775	1.920E-4	4.417E-2
17.783	5.668E-4	4.427E-2
17.792	9.063E-4	4.446E-2
17.800	1.162E-3	4.469E-2
17.808	1.242E-3	4.495E-2
17.817	1.231E-3	4.518E-2
17.825	1.020E-3	4.538E-2
17.834	7.456E-4	4.554E-2
17.842	3.959E-4	4.560E-2
17.850	7.121E-6	4.557E-2
17.859	-3.747E-4	4.542E-2
17.867	-6.755E-4	4.520E-2
17.875	-8.984E-4	4.493E-2
17.884	-1.038E-3	4.466E-2
17.892	-1.050E-3	4.439E-2
17.901	-9.144E-4	4.417E-2
17.909	-6.801E-4	4.400E-2
17.917	-3.805E-4	4.394E-2
17.926	-1.894E-5	4.397E-2
17.934	3.324E-4	4.409E-2
17.942	6.832E-4	4.433E-2
17.951	9.483E-4	4.462E-2
17.959	1.113E-3	4.492E-2
17.968	1.135E-3	4.521E-2
17.976	1.064E-3	4.545E-2
17.984	8.688E-4	4.561E-2
17.993	5.771E-4	4.569E-2
18.001	2.422E-4	4.565E-2
18.009	-1.099E-4	4.554E-2
18.018	-4.102E-4	4.533E-2
18.026	-6.741E-4	4.505E-2
18.035	-8.509E-4	4.473E-2
18.043	-8.947E-4	4.442E-2
18.051	-8.570E-4	4.414E-2
18.060	-6.943E-4	4.395E-2
18.068	-4.427E-4	4.383E-2
18.077	-1.564E-4	4.381E-2
18.085	1.564E-4	4.393E-2
18.093	4.771E-4	4.416E-2
18.102	7.371E-4	4.445E-2
18.110	9.360E-4	4.480E-2
18.118	1.008E-3	4.515E-2
18.127	1.001E-3	4.545E-2
18.135	8.843E-4	4.565E-2
18.144	6.900E-4	4.578E-2
18.152	4.273E-4	4.580E-2
18.160	1.200E-4	4.569E-2
18.169	-1.759E-4	4.543E-2
18.177	-4.246E-4	4.513E-2
18.185	-6.403E-4	4.478E-2
18.194	-7.520E-4	4.445E-2
18.202	-7.934E-4	4.412E-2
18.211	-7.267E-4	4.390E-2
18.219	-5.689E-4	4.376E-2
18.227	-3.534E-4	4.375E-2
18.236	-8.013E-5	4.381E-2
18.244	2.069E-4	4.401E-2
18.252	4.858E-4	4.431E-2
18.261	7.115E-4	4.470E-2
18.269	8.356E-4	4.508E-2
18.278	8.452E-4	4.541E-2
18.286	8.052E-4	4.568E-2
18.294	6.915E-4	4.583E-2
18.303	5.027E-4	4.586E-2
18.311	2.576E-4	4.579E-2
18.319	7.486E-6	4.558E-2
18.328	-2.332E-4	4.529E-2
18.336	-4.294E-4	4.491E-2
18.345	-6.199E-4	4.452E-2
18.353	-6.674E-4	4.416E-2
18.361	-6.614E-4	4.388E-2
18.370	-6.019E-4	4.372E-2
18.378	-4.127E-4	4.368E-2
18.386	-1.993E-4	4.374E-2
18.395	3.269E-5	4.394E-2
18.403	2.770E-4	4.423E-2
18.412	5.104E-4	4.461E-2
18.420	6.754E-4	4.502E-2
18.428	7.800E-4	4.541E-2
18.437	7.831E-4	4.571E-2
18.445	7.518E-4	4.593E-2
18.453	6.113E-4	4.603E-2
18.462	4.418E-4	4.598E-2
18.470	2.361E-4	4.581E-2
18.479	1.354E-5	4.550E-2
18.487	-1.956E-4	4.512E-2
18.495	-3.782E-4	4.470E-2
18.504	-4.955E-4	4.431E-2
18.512	-5.798E-4	4.400E-2
18.520	-5.869E-4	4.375E-2
18.529	-4.682E-4	4.366E-2
18.537	-3.578E-4	4.373E-2
18.546	-1.727E-4	4.390E-2
18.554	4.733E-5	4.419E-2
18.562	2.648E-4	4.456E-2
18.571	4.610E-4	4.497E-2
18.579	5.791E-4	4.537E-2
18.587	6.936E-4	4.569E-2
18.596	7.233E-4	4.596E-2
18.604	6.847E-4	4.608E-2
18.613	5.662E-4	4.606E-2
18.621	4.186E-4	4.588E-2
18.629	2.501E-4	4.559E-2
18.638	5.500E-5	4.520E-2
18.646	-1.474E-4	4.477E-2
18.654	-3.315E-4	4.439E-2
18.663	-4.259E-4	4.403E-2
18.671	-4.725E-4	4.375E-2
18.680	-4.591E-4	4.362E-2
18.688	-4.012E-4	4.365E-2
18.696	-3.162E-4	4.380E-2
18.705	-1.608E-4	4.406E-2
18.713	3.290E-5	4.441E-2
18.721	2.262E-4	4.482E-2
18.730	4.012E-4	4.526E-2
18.738	5.227E-4	4.563E-2
18.747	5.994E-4	4.589E-2
18.755	6.371E-4	4.603E-2
18.763	6.195E-4	4.604E-2
18.772	5.165E-4	4.591E-2
18.780	3.924E-4	4.563E-2
18.789	2.156E-4	4.527E-2
18.797	3.884E-5	4.487E-2
18.805	-1.515E-4	4.445E-2
18.814	-3.124E-4	4.406E-2
18.822	-4.302E-4	4.376E-2
18.830	-4.683E-4	4.358E-2
18.839	-4.575E-4	4.356E-2
18.847	-4.379E-4	4.367E-2
18.856	-3.425E-4	4.393E-2
18.864	-1.922E-4	4.426E-2
18.872	-2.022E-5	4.466E-2
18.881	1.661E-4	4.509E-2
18.889	3.077E-4	4.549E-2
18.897	4.914E-4	4.580E-2
18.906	5.691E-4	4.599E-2
18.914	6.246E-4	4.605E-2
18.923	5.878E-4	4.595E-2
18.931	5.087E-4	4.574E-2
18.939	4.170E-4	4.541E-2
18.948	2.582E-4	4.498E-2
18.956	6.383E-5	4.456E-2
18.964	-1.322E-4	4.419E-2
18.973	-3.125E-4	4.390E-2
18.981	-4.395E-4	4.371E-2
18.990	-4.926E-4	4.365E-2
18.998	-4.887E-4	4.373E-2
19.006	-4.647E-4	4.395E-2
19.015	-3.875E-4	4.424E-2
19.023	-2.269E-4	4.463E-2
19.031	-5.747E-5	4.505E-2
19.040	1.520E-4	4.544E-2
19.048	3.194E-4	4.575E-2
19.057	5.072E-4	4.598E-2
19.065	6.293E-4	4.605E-2
19.073	6.923E-4	4.599E-2
19.082	7.073E-4	4.581E-2
19.090	6.561E-4	4.551E-2
19.098	5.314E-4	4.513E-2
19.107	3.228E-4	4.471E-2
19.115	1.054E-4	4.430E-2
19.124	-1.216E-4	4.398E-2
19.132	-3.162E-4	4.375E-2
19.140	-4.556E-4	4.365E-2
19.149	-5.860E-4	4.370E-2
19.157	-6.169E-4	4.391E-2
19.165	-6.166E-4	4.420E-2
19.174	-4.685E-4	4.454E-2
19.182	-3.242E-4	4.495E-2
19.191	-1.511E-4	4.533E-2
19.199	7.562E-5	4.564E-2
19.207	2.951E-4	4.586E-2
19.216	5.014E-4	4.596E-2
19.224	6.776E-4	4.595E-2
19.232	7.466E-4	4.581E-2
19.241	7.452E-4	4.555E-2
19.249	6.935E-4	4.518E-2
19.258	5.248E-4	4.481E-2
19.266	3.107E-4	4.443E-2
19.274	6.986E-5	4.412E-2
19.283	-1.717E-4	4.390E-2
19.291	-4.010E-4	4.378E-2
19.299	-5.875E-4	4.377E-2
19.308	-6.803E-4	4.392E-2
19.316	-6.896E-4	4.416E-2
19.325	-6.508E-4	4.448E-2
19.333	-4.908E-4	4.484E-2
19.341	-3.207E-4	4.519E-2
19.350	-9.972E-5	4.551E-2
19.358	1.731E-4	4.577E-2
19.366	4.144E-4	4.588E-2
19.375	6.412E-4	4.587E-2
19.383	7.989E-4	4.577E-2
19.392	8.800E-4	4.555E-2
19.400	8.807E-4	4.525E-2
19.408	7.729E-4	4.491E-2
19.417	5.631E-4	4.456E-2
19.425	3.053E-4	4.424E-2
19.433	3.749E-5	4.400E-2
19.442	-2.292E-4	4.386E-2
19.450	-4.517E-4	4.388E-2
19.459	-6.445E-4	4.397E-2
19.467	-7.433E-4	4.416E-2
19.475	-7.339E-4	4.444E-2
19.484	-6.471E-4	4.476E-2
19.492	-4.725E-4	4.508E-2
19.501	-2.216E-4	4.538E-2
19.509	6.605E-5	4.561E-2
19.517	3.375E-4	4.577E-2
19.526	6.016E-4	4.581E-2
19.534	8.051E-4	4.574E-2
19.542	9.613E-4	4.557E-2
19.551	9.932E-4	4.531E-2
19.559	9.736E-4	4.500E-2
19.568	7.589E-4	4.468E-2
19.576	5.236E-4	4.439E-2
19.584	2.405E-4	4.416E-2
19.593	-9.765E-5	4.400E-2
19.601	-3.979E-4	4.395E-2
19.609	-6.515E-4	4.399E-2
19.618	-8.317E-4	4.417E-2
19.626	-8.901E-4	4.442E-2
19.635	-8.722E-4	4.469E-2
19.643	-7.097E-4	4.497E-2
19.651	-4.685E-4	4.525E-2
19.660	-1.780E-4	4.551E-2
19.668	1.316E-4	4.565E-2
19.676	4.680E-4	4.568E-2
19.685	7.501E-4	4.562E-2
19.693	9.664E-4	4.550E-2
19.702	1.073E-3	4.529E-2
19.710	1.047E-3	4.503E-2
19.718	9.360E-4	4.474E-2
19.727	7.167E-4	4.446E-2
19.735	4.330E-4	4.424E-2
19.743	8.186E-5	4.409E-2
19.752	-2.490E-4	4.404E-2
19.760	-5.717E-4	4.403E-2
19.769	-8.203E-4	4.418E-2
19.777	-9.404E-4	4.438E-2
19.785	-9.648E-4	4.463E-2
19.794	-8.626E-4	4.487E-2
19.802	-6.665E-4	4.512E-2
19.810	-3.849E-4	4.534E-2
19.819	-4.879E-5	4.549E-2
19.827	3.177E-4	4.557E-2
19.836	6.610E-4	4.556E-2
19.844	9.596E-4	4.543E-2
19.852	1.146E-3	4.528E-2
19.861	1.224E-3	4.507E-2
19.869	1.189E-3	4.485E-2
19.877	9.598E-4	4.462E-2
19.886	6.686E-4	4.443E-2
19.894	3.198E-4	4.428E-2
19.903	-6.266E-5	4.420E-2
19.911	-4.224E-4	4.420E-2
19.919	-7.293E-4	4.427E-2
19.928	-9.109E-4	4.442E-2
19.936	-1.017E-3	4.462E-2
19.944	-9.994E-4	4.483E-2
19.953	-8.683E-4	4.505E-2
19.961	-6.225E-4	4.523E-2
19.970	-2.614E-4	4.538E-2
19.978	1.122E-4	4.542E-2
19.986	4.998E-4	4.540E-2
19.995	8.133E-4	4.535E-2
20.003	1.051E-3	4.522E-2
20.011	1.190E-3	4.504E-2
20.020	1.196E-3	4.487E-2
20.028	1.044E-3	4.468E-2
20.037	7.652E-4	4.450E-2
20.045	4.496E-4	4.440E-2
20.053	5.262E-5	4.435E-2
20.062	-3.485E-4	4.436E-2
20.070	-6.897E-4	4.441E-2
20.078	-9.252E-4	4.450E-2
20.087	-1.093E-3	4.464E-2
20.095	-1.104E-3	4.480E-2
20.104	-1.020E-3	4.495E-2
20.112	-8.210E-4	4.509E-2
20.120	-4.666E-4	4.519E-2
20.129	-1.031E-4	4.523E-2
20.137	2.854E-4	4.528E-2
20.145	6.939E-4	4.524E-2
20.154	9.943E-4	4.517E-2
20.162	1.196E-3	4.505E-2
20.171	1.249E-3	4.492E-2
20.179	1.200E-3	4.479E-2
20.187	9.605E-4	4.469E-2
20.196	6.430E-4	4.459E-2
20.204	2.707E-4	4.454E-2
20.213	-1.527E-4	4.456E-2
20.221	-5.501E-4	4.459E-2
20.229	-8.749E-4	4.467E-2
20.238	-1.090E-3	4.474E-2
20.246	-1.144E-3	4.484E-2
20.254	-1.102E-3	4.493E-2
20.263	-9.142E-4	4.503E-2
20.271	-6.402E-4	4.511E-2
20.280	-2.275E-4	4.511E-2
20.288	1.611E-4	4.515E-2
20.296	5.393E-4	4.512E-2
20.305	9.099E-4	4.508E-2
20.313	1.185E-3	4.502E-2
20.321	1.299E-3	4.494E-2
20.330	1.269E-3	4.485E-2
20.338	1.097E-3	4.479E-2
20.347	7.622E-4	4.474E-2
20.355	4.227E-4	4.469E-2
20.363	1.542E-5	4.467E-2
20.372	-3.976E-4	4.468E-2
20.380	-7.611E-4	4.468E-2
20.388	-1.059E-3	4.473E-2
20.397	-1.169E-3	4.479E-2
20.405	-1.157E-3	4.487E-2
20.414	-1.062E-3	4.491E-2
20.422	-8.286E-4	4.493E-2
20.430	-4.493E-4	4.492E-2
20.439	-4.788E-5	4.492E-2
20.447	3.795E-4	4.492E-2
20.455	7.514E-4	4.489E-2
20.464	1.052E-3	4.486E-2
20.472	1.218E-3	4.485E-2
20.481	1.268E-3	4.485E-2
20.489	1.183E-3	4.482E-2
20.497	9.416E-4	4.483E-2
20.506	5.812E-4	4.483E-2
20.514	1.789E-4	4.485E-2
20.522	-2.125E-4	4.486E-2
20.531	-6.219E-4	4.487E-2
20.539	-9.096E-4	4.487E-2
20.548	-1.106E-3	4.488E-2
20.556	-1.147E-3	4.488E-2
20.564	-1.094E-3	4.488E-2
20.573	-8.930E-4	4.487E-2
20.581	-6.109E-4	4.487E-2
20.589	-2.014E-4	4.487E-2
20.598	2.196E-4	4.483E-2
20.606	6.215E-4	4.483E-2
20.615	9.590E-4	4.484E-2
20.623	1.203E-3	4.486E-2
20.631	1.301E-3	4.488E-2
20.640	1.267E-3	4.489E-2
20.648	1.042E-3	4.494E-2
20.656	7.318E-4	4.496E-2
20.665	3.437E-4	4.495E-2
20.673	-8.093E-5	4.497E-2
20.682	-4.773E-4	4.495E-2
20.690	-8.315E-4	4.494E-2
20.698	-1.081E-3	4.489E-2
20.707	-1.171E-3	4.484E-2
20.715	-1.145E-3	4.478E-2
20.723	-1.022E-3	4.473E-2
20.732	-7.624E-4	4.467E-2
20.740	-4.293E-4	4.466E-2
20.749	-1.758E-5	4.462E-2
20.757	4.086E-4	4.463E-2
20.765	7.722E-4	4.466E-2
20.774	1.061E-3	4.470E-2
20.782	1.206E-3	4.476E-2
20.790	1.208E-3	4.485E-2
20.799	1.141E-3	4.494E-2
20.807	8.941E-4	4.501E-2
20.816	5.448E-4	4.509E-2
20.824	1.468E-4	4.512E-2
20.832	-2.562E-4	4.512E-2
20.841	-6.237E-4	4.509E-2
20.849	-8.905E-4	4.501E-2
20.858	-1.075E-3	4.493E-2
20.866	-1.110E-3	4.481E-2
20.874	-1.050E-3	4.470E-2
20.883	-8.604E-4	4.460E-2
20.891	-5.499E-4	4.453E-2
20.899	-1.894E-4	4.452E-2
20.908	2.272E-4	4.448E-2
20.916	5.901E-4	4.451E-2
20.925	9.156E-4	4.460E-2
20.933	1.149E-3	4.471E-2
20.941	1.215E-3	4.485E-2
20.950	1.204E-3	4.498E-2
20.958	9.781E-4	4.510E-2
20.966	6.992E-4	4.520E-2
20.975	3.212E-4	4.524E-2
20.983	-5.631E-5	4.527E-2
20.992	-3.979E-4	4.525E-2
21.000	-7.102E-4	4.514E-2
21.008	-9.163E-4	4.500E-2
21.017	-1.021E-3	4.485E-2
21.025	-1.022E-3	4.469E-2
21.033	-8.807E-4	4.453E-2
21.042	-6.434E-4	4.444E-2
21.050	-3.068E-4	4.438E-2
21.059	4.095E-5	4.439E-2
21.067	4.372E-4	4.443E-2
21.075	7.530E-4	4.453E-2
21.084	9.901E-4	4.467E-2
21.092	1.159E-3	4.485E-2
21.100	1.170E-3	4.504E-2
21.109	1.022E-3	4.521E-2
21.117	7.793E-4	4.534E-2
21.126	4.940E-4	4.540E-2
21.134	1.286E-4	4.541E-2
21.142	-2.280E-4	4.535E-2
21.151	-5.610E-4	4.523E-2
21.159	-8.259E-4	4.508E-2
21.167	-9.479E-4	4.488E-2
21.176	-9.749E-4	4.467E-2
21.184	-8.893E-4	4.447E-2
21.193	-6.758E-4	4.430E-2
21.201	-3.961E-4	4.422E-2
21.209	-8.912E-5	4.420E-2
21.218	2.545E-4	4.424E-2
21.226	5.619E-4	4.437E-2
21.234	8.107E-4	4.456E-2
21.243	9.837E-4	4.480E-2
21.251	1.038E-3	4.505E-2
21.260	9.829E-4	4.529E-2
21.268	8.026E-4	4.543E-2
21.276	5.401E-4	4.555E-2
21.285	2.459E-4	4.559E-2
21.293	-9.190E-5	4.554E-2
21.301	-4.144E-4	4.540E-2
21.310	-6.754E-4	4.519E-2
21.318	-8.494E-4	4.494E-2
21.327	-9.081E-4	4.469E-2
21.335	-8.916E-4	4.444E-2
21.343	-7.535E-4	4.423E-2
21.352	-5.683E-4	4.410E-2
21.360	-2.811E-4	4.409E-2
21.368	3.108E-5	4.414E-2
21.377	3.341E-4	4.425E-2
21.385	6.120E-4	4.445E-2
21.394	7.769E-4	4.469E-2
21.402	9.170E-4	4.495E-2
21.410	9.351E-4	4.521E-2
21.419	8.318E-4	4.540E-2
21.427	6.529E-4	4.557E-2
21.435	4.216E-4	4.561E-2
21.444	1.193E-4	4.559E-2
21.452	-1.810E-4	4.546E-2
21.461	-4.238E-4	4.528E-2
21.469	-6.498E-4	4.501E-2
21.477	-7.524E-4	4.473E-2
21.486	-8.290E-4	4.445E-2
21.494	-7.577E-4	4.421E-2
21.502	-6.488E-4	4.402E-2
21.511	-4.121E-4	4.396E-2
21.519	-1.534E-4	4.397E-2
21.528	1.227E-4	4.410E-2
21.536	4.062E-4	4.432E-2
21.544	6.401E-4	4.462E-2
21.553	7.844E-4	4.492E-2
21.561	8.353E-4	4.519E-2
21.570	8.020E-4	4.546E-2
21.578	6.866E-4	4.565E-2
21.586	5.016E-4	4.574E-2
21.595	2.639E-4	4.575E-2
21.603	1.976E-5	4.562E-2
21.611	-2.202E-4	4.539E-2
21.620	-4.236E-4	4.511E-2
21.628	-6.217E-4	4.479E-2
21.637	-6.673E-4	4.449E-2
21.645	-6.612E-4	4.421E-2
21.653	-6.105E-4	4.399E-2
21.662	-4.163E-4	4.389E-2
21.670	-2.011E-4	4.391E-2
21.678	3.200E-5	4.401E-2
21.687	2.735E-4	4.421E-2
21.695	5.078E-4	4.449E-2
21.704	6.664E-4	4.482E-2
21.712	7.698E-4	4.515E-2
21.720	7.684E-4	4.543E-2
21.729	7.519E-4	4.564E-2
21.737	6.087E-4	4.577E-2
21.745	4.247E-4	4.579E-2
21.754	2.266E-4	4.569E-2
21.762	7.271E-6	4.551E-2
21.771	-1.946E-4	4.523E-2
21.779	-3.759E-4	4.491E-2
21.787	-4.876E-4	4.456E-2
21.796	-5.621E-4	4.426E-2
21.804	-5.567E-4	4.401E-2
21.812	-4.418E-4	4.384E-2
21.821	-3.361E-4	4.387E-2
21.829	-1.680E-4	4.396E-2
21.838	5.661E-5	4.415E-2
21.846	2.753E-4	4.443E-2
21.854	4.692E-4	4.476E-2
21.863	5.743E-4	4.510E-2
21.871	6.758E-4	4.543E-2
21.879	6.911E-4	4.566E-2
21.888	6.417E-4	4.582E-2
21.896	5.466E-4	4.585E-2
21.905	3.568E-4	4.579E-2
21.913	1.726E-4	4.560E-2
21.921	-3.661E-5	4.531E-2
21.930	-1.925E-4	4.496E-2
21.938	-3.658E-4	4.459E-2
21.946	-4.248E-4	4.426E-2
21.955	-4.549E-4	4.398E-2
21.963	-4.299E-4	4.379E-2
21.972	-3.800E-4	4.374E-2
21.980	-2.401E-4	4.378E-2
21.988	-9.543E-5	4.397E-2
21.997	6.728E-5	4.424E-2
22.005	2.609E-4	4.458E-2
22.013	4.255E-4	4.495E-2
22.022	5.424E-4	4.531E-2
22.030	5.828E-4	4.560E-2
22.039	5.803E-4	4.579E-2
22.047	5.327E-4	4.586E-2
22.055	4.724E-4	4.581E-2
22.064	2.981E-4	4.563E-2
22.072	1.317E-4	4.536E-2
22.080	-2.106E-5	4.501E-2
22.089	-1.805E-4	4.467E-2
22.097	-3.140E-4	4.431E-2
22.106	-4.134E-4	4.404E-2
22.114	-4.273E-4	4.380E-2
22.122	-4.190E-4	4.372E-2
22.131	-3.913E-4	4.373E-2
22.139	-2.413E-4	4.393E-2
22.147	-1.318E-4	4.419E-2
22.156	4.003E-5	4.452E-2
22.164	2.169E-4	4.488E-2
22.173	3.361E-4	4.524E-2
22.181	4.843E-4	4.558E-2
22.189	5.351E-4	4.580E-2
22.198	5.433E-4	4.589E-2
22.206	5.250E-4	4.586E-2
22.214	4.720E-4	4.571E-2
22.223	3.147E-4	4.548E-2
22.231	1.896E-4	4.515E-2
22.240	4.580E-5	4.477E-2
22.248	-1.316E-4	4.444E-2
22.256	-2.371E-4	4.411E-2
22.265	-3.615E-4	4.391E-2
22.273	-4.039E-4	4.379E-2
22.282	-4.046E-4	4.377E-2
22.290	-3.996E-4	4.392E-2
22.298	-2.707E-4	4.416E-2
22.307	-1.465E-4	4.446E-2
22.315	2.695E-5	4.482E-2
22.323	1.842E-4	4.518E-2
22.332	3.255E-4	4.552E-2
22.340	4.831E-4	4.577E-2
22.349	5.508E-4	4.590E-2
22.357	5.665E-4	4.588E-2
22.365	5.504E-4	4.578E-2
22.374	5.021E-4	4.556E-2
22.382	3.612E-4	4.525E-2
22.390	2.327E-4	4.491E-2
22.399	5.689E-5	4.451E-2
22.407	-1.199E-4	4.419E-2
22.416	-2.354E-4	4.395E-2
22.424	-3.787E-4	4.378E-2
22.432	-4.226E-4	4.377E-2
22.441	-4.196E-4	4.385E-2
22.449	-4.088E-4	4.409E-2
22.457	-3.524E-4	4.440E-2
22.466	-1.969E-4	4.474E-2
22.474	-3.146E-5	4.509E-2
22.483	1.407E-4	4.542E-2
22.491	2.910E-4	4.565E-2
22.499	4.736E-4	4.582E-2
22.508	5.481E-4	4.585E-2
22.516	5.926E-4	4.578E-2
22.524	5.655E-4	4.559E-2
22.533	5.045E-4	4.531E-2
22.541	4.123E-4	4.495E-2
22.550	2.605E-4	4.460E-2
22.558	6.801E-5	4.427E-2
22.566	-1.250E-4	4.399E-2
22.575	-2.796E-4	4.381E-2
22.583	-3.970E-4	4.375E-2
22.591	-4.438E-4	4.379E-2
22.600	-4.520E-4	4.398E-2
22.608	-4.292E-4	4.425E-2
22.617	-3.688E-4	4.458E-2
22.625	-1.994E-4	4.493E-2
22.633	-2.147E-5	4.526E-2
22.642	1.885E-4	4.556E-2
22.650	3.785E-4	4.574E-2
22.658	5.405E-4	4.581E-2
22.667	6.607E-4	4.577E-2
22.675	7.360E-4	4.561E-2
22.684	7.242E-4	4.536E-2
22.692	6.296E-4	4.505E-2
22.700	4.913E-4	4.470E-2
22.709	2.892E-4	4.438E-2
22.717	6.569E-5	4.412E-2
22.725	-1.551E-4	4.396E-2
22.734	-3.592E-4	4.389E-2
22.742	-4.665E-4	4.391E-2
22.751	-5.931E-4	4.408E-2
22.759	-6.194E-4	4.433E-2
22.767	-5.537E-4	4.463E-2
22.776	-4.223E-4	4.495E-2
22.784	-2.302E-4	4.525E-2
22.792	-5.861E-6	4.554E-2
22.801	2.360E-4	4.573E-2
22.809	4.679E-4	4.582E-2
22.818	6.413E-4	4.580E-2
22.826	7.754E-4	4.566E-2
22.834	8.024E-4	4.542E-2
22.843	7.646E-4	4.513E-2
22.851	6.573E-4	4.482E-2
22.859	5.020E-4	4.452E-2
22.868	2.763E-4	4.424E-2
22.876	3.545E-5	4.404E-2
22.885	-1.995E-4	4.394E-2
22.893	-4.026E-4	4.396E-2
22.901	-5.940E-4	4.405E-2
22.910	-6.444E-4	4.424E-2
22.918	-6.466E-4	4.449E-2
22.926	-5.913E-4	4.476E-2
22.935	-4.036E-4	4.505E-2
22.943	-1.807E-4	4.533E-2
22.952	5.957E-5	4.552E-2
22.960	3.047E-4	4.563E-2
22.968	5.389E-4	4.562E-2
22.977	7.414E-4	4.555E-2
22.985	8.451E-4	4.537E-2
22.994	8.426E-4	4.513E-2
23.002	7.573E-4	4.485E-2
23.010	5.979E-4	4.458E-2
23.019	3.533E-4	4.436E-2
23.027	7.027E-5	4.418E-2
23.035	-1.985E-4	4.406E-2
23.044	-4.387E-4	4.402E-2
23.052	-6.560E-4	4.409E-2
23.061	-7.806E-4	4.427E-2
23.069	-8.470E-4	4.447E-2
23.077	-8.133E-4	4.471E-2
23.086	-6.833E-4	4.496E-2
23.094	-4.409E-4	4.519E-2
23.102	-1.777E-4	4.537E-2
23.111	1.056E-4	4.546E-2
23.119	4.152E-4	4.553E-2
23.128	6.760E-4	4.548E-2
23.136	8.531E-4	4.537E-2
23.144	9.286E-4	4.515E-2
23.153	9.279E-4	4.491E-2
23.161	7.787E-4	4.467E-2
23.169	5.539E-4	4.444E-2
23.178	2.845E-4	4.425E-2
23.186	8.242E-6	4.415E-2
23.195	-2.928E-4	4.413E-2
23.203	-5.950E-4	4.418E-2
23.211	-7.898E-4	4.432E-2
23.220	-8.989E-4	4.450E-2
23.228	-8.944E-4	4.471E-2
23.236	-7.998E-4	4.492E-2
23.245	-6.325E-4	4.512E-2
23.253	-3.646E-4	4.531E-2
23.262	-4.156E-5	4.540E-2
23.270	2.749E-4	4.542E-2
23.278	5.645E-4	4.538E-2
23.287	7.866E-4	4.529E-2
23.295	9.368E-4	4.513E-2
23.303	9.710E-4	4.493E-2
23.312	9.299E-4	4.471E-2
23.320	7.361E-4	4.451E-2
23.329	4.929E-4	4.436E-2
23.337	1.678E-4	4.425E-2
23.345	-1.851E-4	4.421E-2
23.354	-4.592E-4	4.423E-2
23.362	-6.996E-4	4.433E-2
23.370	-8.704E-4	4.447E-2
23.379	-9.078E-4	4.466E-2
23.387	-8.672E-4	4.484E-2
23.396	-6.954E-4	4.501E-2
23.404	-4.332E-4	4.517E-2
23.412	-1.482E-4	4.528E-2
23.421	2.033E-4	4.534E-2
23.429	5.390E-4	4.533E-2
23.437	7.972E-4	4.526E-2
23.446	9.892E-4	4.513E-2
23.454	1.102E-3	4.498E-2
23.463	1.070E-3	4.482E-2
23.471	9.283E-4	4.467E-2
23.479	6.861E-4	4.455E-2
23.488	3.528E-4	4.446E-2
23.496	1.370E-5	4.442E-2
23.504	-3.333E-4	4.443E-2
23.513	-6.387E-4	4.447E-2
23.521	-8.602E-4	4.459E-2
23.530	-9.510E-4	4.471E-2
23.538	-9.325E-4	4.484E-2
23.546	-8.304E-4	4.497E-2
23.555	-6.204E-4	4.508E-2
23.563	-3.264E-4	4.515E-2
23.571	2.479E-5	4.518E-2
23.580	3.612E-4	4.517E-2
23.588	6.986E-4	4.512E-2
23.597	9.552E-4	4.505E-2
23.605	1.119E-3	4.494E-2
23.613	1.166E-3	4.483E-2
23.622	1.047E-3	4.471E-2
23.630	8.038E-4	4.462E-2
23.639	5.133E-4	4.457E-2
23.647	1.558E-4	4.456E-2
23.655	-2.088E-4	4.457E-2
23.664	-5.467E-4	4.462E-2
23.672	-8.399E-4	4.467E-2
23.680	-9.833E-4	4.475E-2
23.689	-1.076E-3	4.483E-2
23.697	-9.929E-4	4.492E-2
23.706	-8.497E-4	4.498E-2
23.714	-5.684E-4	4.501E-2
23.722	-2.296E-4	4.505E-2
23.731	1.258E-4	4.508E-2
23.739	4.796E-4	4.507E-2
23.747	7.666E-4	4.503E-2
23.756	9.707E-4	4.497E-2
23.764	1.094E-3	4.488E-2
23.773	1.015E-3	4.485E-2
23.781	7.998E-4	4.477E-2
23.789	5.096E-4	4.474E-2
23.798	1.932E-4	4.471E-2
23.806	-1.653E-4	4.470E-2
23.814	-4.808E-4	4.470E-2
23.823	-7.868E-4	4.470E-2
23.831	-1.016E-3	4.475E-2
23.840	-1.129E-3	4.479E-2
23.848	-1.107E-3	4.486E-2
23.856	-9.517E-4	4.489E-2
23.865	-6.928E-4	4.491E-2
23.873	-3.641E-4	4.491E-2
23.881	7.977E-6	4.490E-2
23.890	3.970E-4	4.489E-2
23.898	6.962E-4	4.486E-2
23.907	9.543E-4	4.485E-2
23.915	1.130E-3	4.485E-2
23.923	1.153E-3	4.485E-2
23.932	1.006E-3	4.485E-2
23.940	7.615E-4	4.485E-2
23.948	4.730E-4	4.485E-2
23.957	9.211E-5	4.486E-2
23.965	-2.595E-4	4.487E-2
23.974	-6.033E-4	4.487E-2
23.982	-8.549E-4	4.488E-2
23.990	-1.007E-3	4.488E-2
23.999	-1.061E-3	4.488E-2
24.007	-9.511E-4	4.487E-2
24.015	-7.447E-4	4.486E-2
24.024	-4.234E-4	4.486E-2
24.032	-9.990E-5	4.486E-2
24.041	2.643E-4	4.482E-2
24.049	6.059E-4	4.483E-2
24.057	8.981E-4	4.483E-2
24.066	1.105E-3	4.486E-2
24.074	1.189E-3	4.489E-2
24.082	1.145E-3	4.489E-2
24.091	9.349E-4	4.493E-2
24.099	6.531E-4	4.496E-2
24.108	3.131E-4	4.496E-2
24.116	-5.327E-5	4.496E-2
24.124	-3.804E-4	4.494E-2
24.133	-6.752E-4	4.493E-2
24.141	-8.589E-4	4.487E-2
24.149	-9.500E-4	4.483E-2
24.158	-8.982E-4	4.478E-2
24.166	-7.635E-4	4.473E-2
24.175	-5.282E-4	4.468E-2
24.183	-2.084E-4	4.465E-2
24.191	1.286E-4	4.464E-2
24.200	4.795E-4	4.464E-2
24.208	7.762E-4	4.467E-2
24.216	9.949E-4	4.471E-2
24.225	1.129E-3	4.477E-2
24.233	1.137E-3	4.489E-2
24.242	9.949E-4	4.497E-2
24.250	7.504E-4	4.502E-2
24.258	4.441E-4	4.509E-2
24.267	8.863E-5	4.511E-2
24.275	-2.553E-4	4.511E-2
24.283	-5.632E-4	4.510E-2
24.292	-8.133E-4	4.500E-2
24.300	-9.206E-4	4.491E-2
24.309	-9.224E-4	4.481E-2
24.317	-8.445E-4	4.471E-2
24.325	-6.372E-4	4.462E-2
24.334	-3.639E-4	4.458E-2
24.342	-1.746E-5	4.454E-2
24.351	3.175E-4	4.457E-2
24.359	6.385E-4	4.463E-2
24.367	9.107E-4	4.470E-2
24.376	1.067E-3	4.482E-2
24.384	1.109E-3	4.493E-2
24.392	1.026E-3	4.506E-2
24.401	8.224E-4	4.516E-2
24.409	5.345E-4	4.522E-2
24.418	2.337E-4	4.525E-2
24.426	-1.178E-4	4.527E-2
24.434	-4.209E-4	4.520E-2
24.443	-6.734E-4	4.509E-2
24.451	-8.532E-4	4.496E-2
24.459	-8.932E-4	4.481E-2
24.468	-8.588E-4	4.468E-2
24.476	-6.886E-4	4.454E-2
24.485	-4.391E-4	4.446E-2
24.493	-1.573E-4	4.441E-2
24.501	1.598E-4	4.441E-2
24.510	4.780E-4	4.446E-2
24.518	7.384E-4	4.458E-2
24.526	9.463E-4	4.471E-2
24.535	1.007E-3	4.488E-2
24.543	9.978E-4	4.506E-2
24.552	8.510E-4	4.520E-2
24.560	6.039E-4	4.531E-2
24.568	3.039E-4	4.537E-2
24.577	1.037E-5	4.536E-2
24.585	-2.947E-4	4.531E-2
24.593	-5.969E-4	4.517E-2
24.602	-7.867E-4	4.501E-2
24.610	-9.001E-4	4.485E-2
24.619	-8.898E-4	4.466E-2
24.627	-7.934E-4	4.448E-2
24.635	-6.321E-4	4.437E-2
24.644	-3.745E-4	4.431E-2
24.652	-6.361E-5	4.431E-2
24.660	2.172E-4	4.439E-2
24.669	5.001E-4	4.449E-2
24.677	7.264E-4	4.466E-2
24.686	8.766E-4	4.486E-2
24.694	9.255E-4	4.507E-2
24.702	8.876E-4	4.527E-2
24.711	7.171E-4	4.541E-2
24.719	4.955E-4	4.547E-2
24.727	2.117E-4	4.551E-2
24.736	-8.274E-5	4.546E-2
24.744	-3.741E-4	4.532E-2
24.753	-6.111E-4	4.512E-2
24.761	-7.111E-4	4.490E-2
24.769	-7.439E-4	4.468E-2
24.778	-6.776E-4	4.446E-2
24.786	-5.834E-4	4.428E-2
24.794	-3.741E-4	4.418E-2
24.803	-1.430E-4	4.417E-2
24.811	1.248E-4	4.421E-2
24.820	3.936E-4	4.435E-2
24.828	5.815E-4	4.455E-2
24.836	7.325E-4	4.479E-2
24.845	7.980E-4	4.505E-2
24.853	7.839E-4	4.530E-2
24.861	6.882E-4	4.546E-2
24.870	5.116E-4	4.560E-2
24.878	2.729E-4	4.562E-2
24.887	2.515E-5	4.557E-2
24.895	-2.048E-4	4.542E-2
24.903	-4.209E-4	4.520E-2
24.912	-6.094E-4	4.494E-2
24.920	-6.734E-4	4.467E-2
24.928	-6.684E-4	4.444E-2
24.937	-6.143E-4	4.424E-2
24.945	-4.304E-4	4.409E-2
24.954	-2.196E-4	4.406E-2
24.962	1.353E-5	4.409E-2
24.970	2.640E-4	4.423E-2
24.979	4.986E-4	4.444E-2
24.987	6.635E-4	4.467E-2
24.995	7.739E-4	4.494E-2
25.004	7.813E-4	4.519E-2
25.012	7.656E-4	4.540E-2
25.021	5.953E-4	4.555E-2
25.029	4.294E-4	4.561E-2
25.037	2.300E-4	4.558E-2
25.046	9.837E-6	4.545E-2
25.054	-1.956E-4	4.522E-2
25.063	-3.752E-4	4.494E-2
25.071	-4.905E-4	4.466E-2
25.079	-5.678E-4	4.440E-2
25.088	-5.586E-4	4.417E-2
25.096	-4.409E-4	4.400E-2
25.104	-3.330E-4	4.395E-2
25.113	-1.541E-4	4.396E-2
25.121	5.909E-5	4.410E-2
25.130	2.766E-4	4.431E-2
25.138	4.782E-4	4.460E-2
25.146	5.796E-4	4.489E-2
25.155	6.734E-4	4.517E-2
25.163	6.892E-4	4.541E-2
25.171	6.676E-4	4.559E-2
25.180	5.247E-4	4.567E-2
25.188	3.329E-4	4.565E-2
25.197	1.347E-4	4.553E-2
25.205	-7.067E-5	4.534E-2
25.213	-2.355E-4	4.506E-2
25.222	-3.949E-4	4.476E-2
25.230	-4.401E-4	4.445E-2
25.238	-4.586E-4	4.420E-2
25.247	-4.220E-4	4.399E-2
25.255	-3.776E-4	4.391E-2
25.264	-2.117E-4	4.392E-2
25.272	-2.871E-5	4.402E-2
25.280	1.238E-4	4.421E-2
25.289	2.905E-4	4.447E-2
25.297	4.611E-4	4.476E-2
25.305	5.477E-4	4.510E-2
25.314	5.628E-4	4.538E-2
25.322	5.534E-4	4.559E-2
25.331	5.092E-4	4.571E-2
25.339	4.203E-4	4.574E-2
25.347	2.824E-4	4.565E-2
25.356	9.707E-5	4.545E-2
25.364	-6.632E-5	4.515E-2
25.372	-2.105E-4	4.484E-2
25.381	-3.506E-4	4.452E-2
25.389	-4.117E-4	4.422E-2
25.398	-4.158E-4	4.400E-2
25.406	-4.066E-4	4.388E-2
25.414	-3.431E-4	4.390E-2
25.423	-2.064E-4	4.396E-2
25.431	-6.319E-5	4.416E-2
25.439	5.855E-5	4.443E-2
25.448	2.364E-4	4.472E-2
25.456	3.488E-4	4.504E-2
25.465	4.701E-4	4.535E-2
25.473	5.044E-4	4.559E-2
25.481	5.094E-4	4.573E-2
25.490	4.801E-4	4.579E-2
25.498	3.647E-4	4.573E-2
25.506	2.464E-4	4.556E-2
25.515	7.987E-5	4.531E-2
25.523	-3.726E-5	4.499E-2
25.532	-1.676E-4	4.464E-2
25.540	-2.532E-4	4.435E-2
25.548	-3.251E-4	4.412E-2
25.557	-3.837E-4	4.396E-2
25.565	-3.772E-4	4.391E-2
25.573	-3.204E-4	4.396E-2
25.582	-2.054E-4	4.414E-2
25.590	-9.208E-5	4.440E-2
25.599	3.845E-5	4.469E-2
25.607	1.958E-4	4.502E-2
25.615	3.061E-4	4.534E-2
25.624	4.354E-4	4.560E-2
25.632	5.005E-4	4.577E-2
25.640	5.127E-4	4.583E-2
25.649	4.885E-4	4.578E-2
25.657	4.067E-4	4.562E-2
25.666	3.035E-4	4.537E-2
25.674	1.767E-4	4.507E-2
25.682	6.054E-5	4.473E-2
25.691	-9.552E-5	4.442E-2
25.699	-2.119E-4	4.416E-2
25.708	-2.796E-4	4.398E-2
25.716	-3.228E-4	4.391E-2
25.724	-3.446E-4	4.392E-2
25.733	-2.996E-4	4.409E-2
25.741	-2.018E-4	4.435E-2
25.749	-1.130E-4	4.464E-2
25.758	3.533E-5	4.496E-2
25.766	1.731E-4	4.526E-2
25.775	2.684E-4	4.555E-2
25.783	3.834E-4	4.573E-2
25.791	4.610E-4	4.583E-2
25.800	4.942E-4	4.580E-2
25.808	4.923E-4	4.567E-2
25.816	4.273E-4	4.542E-2
25.825	3.020E-4	4.512E-2
25.833	1.916E-4	4.479E-2
25.842	5.795E-5	4.449E-2
25.850	-1.015E-4	4.420E-2
25.858	-2.051E-4	4.400E-2
25.867	-3.316E-4	4.390E-2
25.875	-3.953E-4	4.392E-2
25.883	-3.981E-4	4.402E-2
25.892	-3.797E-4	4.424E-2
25.900	-3.049E-4	4.450E-2
25.909	-1.826E-4	4.481E-2
25.917	-7.500E-6	4.512E-2
25.925	1.250E-4	4.539E-2
25.934	2.678E-4	4.561E-2
25.942	4.200E-4	4.572E-2
25.950	5.145E-4	4.574E-2
25.959	5.296E-4	4.564E-2
25.967	5.197E-4	4.544E-2
25.976	4.786E-4	4.515E-2
25.984	3.336E-4	4.485E-2
25.992	2.128E-4	4.452E-2
26.001	4.634E-5	4.424E-2
26.009	-1.300E-4	4.401E-2
26.017	-2.453E-4	4.390E-2
26.026	-3.614E-4	4.390E-2
26.034	-4.176E-4	4.398E-2
26.043	-4.153E-4	4.418E-2
26.051	-3.972E-4	4.444E-2
26.059	-3.080E-4	4.472E-2
26.068	-1.838E-4	4.501E-2
26.076	4.770E-6	4.532E-2
26.084	1.826E-4	4.556E-2
26.093	3.442E-4	4.566E-2
26.101	5.031E-4	4.568E-2
26.110	5.629E-4	4.560E-2
26.118	5.945E-4	4.542E-2
26.126	5.506E-4	4.517E-2
26.135	4.963E-4	4.489E-2
26.143	3.431E-4	4.460E-2
26.151	1.847E-4	4.433E-2
26.160	1.881E-5	4.415E-2
26.168	-1.717E-4	4.400E-2
26.177	-3.560E-4	4.396E-2
26.185	-4.379E-4	4.401E-2
26.193	-4.661E-4	4.418E-2
26.202	-4.623E-4	4.441E-2
26.210	-4.121E-4	4.467E-2
26.218	-3.191E-4	4.494E-2
26.227	-1.703E-4	4.520E-2
26.235	3.975E-5	4.541E-2
26.244	2.519E-4	4.556E-2
26.252	4.533E-4	4.560E-2
26.260	5.768E-4	4.556E-2
26.269	6.905E-4	4.542E-2
26.277	7.258E-4	4.520E-2
26.285	6.848E-4	4.493E-2
26.294	5.571E-4	4.466E-2
26.302	3.883E-4	4.441E-2
26.311	1.785E-4	4.419E-2
26.319	-2.633E-5	4.406E-2
26.327	-2.111E-4	4.398E-2
26.336	-3.837E-4	4.400E-2
26.344	-5.051E-4	4.413E-2
26.352	-5.454E-4	4.434E-2
26.361	-5.728E-4	4.461E-2
26.369	-4.420E-4	4.487E-2
26.378	-3.263E-4	4.511E-2
26.386	-1.388E-4	4.534E-2
26.394	8.183E-5	4.548E-2
26.403	3.034E-4	4.557E-2
26.411	5.160E-4	4.556E-2
26.420	6.879E-4	4.544E-2
26.428	7.552E-4	4.526E-2
26.436	7.529E-4	4.506E-2
26.445	6.973E-4	4.483E-2
26.453	5.306E-4	4.460E-2
26.461	3.042E-4	4.440E-2
26.470	6.802E-5	4.424E-2
26.478	-1.705E-4	4.417E-2
26.487	-3.976E-4	4.418E-2
26.495	-5.795E-4	4.426E-2
26.503	-6.677E-4	4.443E-2
26.512	-6.727E-4	4.463E-2
26.520	-6.379E-4	4.486E-2
26.528	-4.513E-4	4.508E-2
26.537	-2.669E-4	4.529E-2
26.545	-1.062E-5	4.542E-2
26.554	2.621E-4	4.550E-2
26.562	5.070E-4	4.551E-2
26.570	7.076E-4	4.542E-2
26.579	8.253E-4	4.529E-2
26.587	8.756E-4	4.510E-2
26.595	8.364E-4	4.488E-2
26.604	7.111E-4	4.467E-2
26.612	5.200E-4	4.447E-2
26.621	2.686E-4	4.435E-2
26.629	-3.962E-6	4.427E-2
26.637	-2.551E-4	4.424E-2
26.646	-4.569E-4	4.429E-2
26.654	-6.187E-4	4.441E-2
26.662	-6.528E-4	4.459E-2
26.671	-6.654E-4	4.478E-2
26.679	-5.811E-4	4.499E-2
26.688	-3.913E-4	4.514E-2
26.696	-1.601E-4	4.528E-2
26.704	1.014E-4	4.536E-2
26.713	3.653E-4	4.536E-2
26.721	5.904E-4	4.532E-2
26.729	7.640E-4	4.521E-2
26.738	8.942E-4	4.506E-2
26.746	9.147E-4	4.489E-2
26.755	7.980E-4	4.471E-2
26.763	6.209E-4	4.455E-2
26.771	3.483E-4	4.444E-2
26.780	5.509E-5	4.437E-2
26.788	-2.142E-4	4.437E-2
26.796	-4.453E-4	4.442E-2
26.805	-6.651E-4	4.448E-2
26.813	-7.869E-4	4.463E-2
26.822	-8.386E-4	4.479E-2
26.830	-7.590E-4	4.493E-2
26.838	-6.371E-4	4.508E-2
26.847	-3.998E-4	4.518E-2
26.855	-1.202E-4	4.527E-2
26.863	1.977E-4	4.529E-2
26.872	4.930E-4	4.528E-2
26.880	7.304E-4	4.519E-2
26.889	9.088E-4	4.508E-2
26.897	9.676E-4	4.494E-2
26.905	9.276E-4	4.480E-2
26.914	7.605E-4	4.468E-2
26.922	5.268E-4	4.457E-2
26.930	2.524E-4	4.451E-2
26.939	-5.873E-5	4.447E-2
26.947	-3.814E-4	4.447E-2
26.956	-6.358E-4	4.453E-2
26.964	-8.046E-4	4.467E-2
26.972	-8.822E-4	4.476E-2
26.981	-8.575E-4	4.490E-2
26.989	-7.034E-4	4.501E-2
26.997	-4.631E-4	4.511E-2
27.006	-1.909E-4	4.516E-2
27.014	9.788E-5	4.515E-2
27.023	4.229E-4	4.514E-2
27.031	7.116E-4	4.509E-2
27.039	9.173E-4	4.503E-2
27.048	1.011E-3	4.493E-2
27.056	1.000E-3	4.483E-2
27.064	8.988E-4	4.474E-2
27.073	6.976E-4	4.467E-2
27.081	4.198E-4	4.461E-2
27.090	1.082E-4	4.461E-2
27.098	-2.007E-4	4.462E-2
27.106	-4.747E-4	4.466E-2
27.115	-6.887E-4	4.470E-2
27.123	-8.180E-4	4.478E-2
27.132	-8.373E-4	4.488E-2
27.140	-7.623E-4	4.493E-2
27.148	-6.117E-4	4.498E-2
27.157	-3.543E-4	4.501E-2
27.165	-3.358E-5	4.504E-2
27.173	2.908E-4	4.506E-2
27.182	5.737E-4	4.503E-2
27.190	8.051E-4	4.498E-2
27.199	9.629E-4	4.491E-2
27.207	9.872E-4	4.486E-2
27.215	9.443E-4	4.484E-2
27.224	7.622E-4	4.476E-2
27.232	5.071E-4	4.476E-2
27.240	2.261E-4	4.472E-2
27.249	-1.295E-4	4.471E-2
27.257	-4.184E-4	4.472E-2
27.266	-6.640E-4	4.472E-2
27.274	-8.437E-4	4.475E-2
27.282	-8.907E-4	4.480E-2
27.291	-8.589E-4	4.485E-2
27.299	-6.840E-4	4.488E-2
27.307	-4.346E-4	4.489E-2
27.316	-1.593E-4	4.489E-2
27.324	1.592E-4	4.489E-2
27.333	4.802E-4	4.487E-2
27.341	7.384E-4	4.485E-2
27.349	9.492E-4	4.485E-2
27.358	1.012E-3	4.484E-2
27.366	9.906E-4	4.485E-2
27.374	8.698E-4	4.485E-2
27.383	6.534E-4	4.485E-2
27.391	3.591E-4	4.485E-2
27.400	4.104E-5	4.486E-2
27.408	-2.799E-4	4.488E-2
27.416	-5.568E-4	4.488E-2
27.425	-7.504E-4	4.488E-2
27.433	-8.485E-4	4.488E-2
27.441	-8.547E-4	4.488E-2
27.450	-7.437E-4	4.487E-2
27.458	-5.495E-4	4.485E-2
27.467	-2.733E-4	4.484E-2
27.475	6.004E-5	4.485E-2
27.483	3.564E-4	4.482E-2
27.492	6.478E-4	4.483E-2
27.500	8.994E-4	4.484E-2
27.508	1.025E-3	4.486E-2
27.517	1.029E-3	4.489E-2
27.525	9.584E-4	4.489E-2
27.534	7.604E-4	4.494E-2
27.542	5.017E-4	4.496E-2
27.550	1.809E-4	4.496E-2
27.559	-1.317E-4	4.495E-2
27.567	-4.150E-4	4.494E-2
27.575	-6.538E-4	4.492E-2
27.584	-8.211E-4	4.488E-2
27.592	-8.607E-4	4.483E-2
27.601	-8.156E-4	4.477E-2
27.609	-6.516E-4	4.473E-2
27.617	-4.052E-4	4.468E-2
27.626	-1.308E-4	4.467E-2
27.634	2.125E-4	4.467E-2
27.642	5.158E-4	4.466E-2
27.651	7.565E-4	4.468E-2
27.659	9.443E-4	4.472E-2
27.668	9.969E-4	4.478E-2
27.676	9.630E-4	4.488E-2
27.684	7.966E-4	4.493E-2
27.693	5.569E-4	4.500E-2
27.701	2.746E-4	4.508E-2
27.709	-1.929E-5	4.509E-2
27.718	-3.288E-4	4.509E-2
27.726	-6.060E-4	4.508E-2
27.735	-7.673E-4	4.497E-2
27.743	-8.731E-4	4.486E-2
27.751	-8.611E-4	4.476E-2
27.760	-7.223E-4	4.467E-2
27.768	-4.861E-4	4.460E-2
27.776	-2.200E-4	4.456E-2
27.785	6.799E-5	4.456E-2
27.793	3.558E-4	4.459E-2
27.802	6.154E-4	4.465E-2
27.810	7.844E-4	4.472E-2
27.818	9.163E-4	4.483E-2
27.827	9.360E-4	4.494E-2
27.835	8.298E-4	4.505E-2
27.844	6.410E-4	4.514E-2
27.852	4.064E-4	4.518E-2
27.860	1.179E-4	4.519E-2
27.869	-1.764E-4	4.516E-2
27.877	-4.200E-4	4.510E-2
27.885	-6.448E-4	4.500E-2
27.894	-7.450E-4	4.490E-2
27.902	-7.517E-4	4.476E-2
27.911	-6.739E-4	4.463E-2
27.919	-5.237E-4	4.450E-2
27.927	-3.253E-4	4.443E-2
27.936	-5.651E-5	4.443E-2
27.944	2.602E-4	4.443E-2
27.952	5.268E-4	4.447E-2
27.961	7.449E-4	4.459E-2
27.969	8.781E-4	4.472E-2
27.978	9.511E-4	4.488E-2
27.986	8.975E-4	4.503E-2
27.994	7.673E-4	4.516E-2
28.003	5.436E-4	4.526E-2
28.011	2.834E-4	4.532E-2
28.019	2.867E-6	4.532E-2
28.028	-2.486E-4	4.525E-2
28.036	-4.509E-4	4.513E-2
28.045	-6.109E-4	4.496E-2
28.053	-6.673E-4	4.478E-2
28.061	-6.530E-4	4.464E-2
28.070	-5.539E-4	4.450E-2
28.078	-3.810E-4	4.439E-2
28.086	-1.586E-4	4.437E-2
28.095	8.607E-5	4.438E-2
28.103	3.297E-4	4.443E-2
28.112	5.491E-4	4.454E-2
28.120	7.339E-4	4.472E-2
28.128	7.963E-4	4.489E-2
28.137	7.857E-4	4.508E-2
28.145	7.225E-4	4.525E-2
28.153	5.334E-4	4.538E-2
28.162	3.062E-4	4.541E-2
28.170	6.444E-5	4.540E-2
28.179	-1.790E-4	4.534E-2
28.187	-4.053E-4	4.518E-2
28.195	-5.814E-4	4.500E-2
28.204	-6.686E-4	4.483E-2
28.212	-6.728E-4	4.464E-2
28.220	-6.236E-4	4.446E-2
28.229	-4.476E-4	4.433E-2
28.237	-2.591E-4	4.425E-2
28.246	-2.086E-5	4.424E-2
28.254	2.342E-4	4.428E-2
28.262	4.710E-4	4.443E-2
28.271	6.427E-4	4.461E-2
28.279	7.737E-4	4.482E-2
28.287	7.900E-4	4.506E-2
28.296	7.546E-4	4.526E-2
28.304	6.280E-4	4.540E-2
28.313	4.474E-4	4.550E-2
28.321	2.525E-4	4.552E-2
28.329	3.038E-5	4.545E-2
28.338	-1.821E-4	4.531E-2
28.346	-3.760E-4	4.511E-2
28.354	-4.793E-4	4.489E-2
28.363	-5.535E-4	4.466E-2
28.371	-5.679E-4	4.444E-2
28.380	-4.556E-4	4.428E-2
28.388	-3.428E-4	4.417E-2
28.396	-1.655E-4	4.417E-2
28.405	5.254E-5	4.419E-2
28.413	2.720E-4	4.436E-2
28.421	4.795E-4	4.457E-2
28.430	5.773E-4	4.481E-2
28.438	6.762E-4	4.506E-2
28.447	6.929E-4	4.529E-2
28.455	6.477E-4	4.547E-2
28.463	5.348E-4	4.560E-2
28.472	3.326E-4	4.561E-2
28.480	1.339E-4	4.556E-2
28.489	-7.338E-5	4.541E-2
28.497	-2.443E-4	4.520E-2
28.505	-3.940E-4	4.494E-2
28.514	-4.386E-4	4.468E-2
28.522	-4.586E-4	4.444E-2
28.530	-4.219E-4	4.424E-2
28.539	-3.717E-4	4.412E-2
28.547	-2.042E-4	4.408E-2
28.556	-4.085E-5	4.412E-2
28.564	1.433E-4	4.427E-2
28.572	2.978E-4	4.447E-2
28.581	4.789E-4	4.470E-2
28.589	5.463E-4	4.495E-2
28.597	5.808E-4	4.519E-2
28.606	5.645E-4	4.539E-2
28.614	5.028E-4	4.553E-2
28.623	3.732E-4	4.560E-2
28.631	2.058E-4	4.557E-2
28.639	5.079E-5	4.542E-2
28.648	-1.248E-4	4.521E-2
28.656	-2.394E-4	4.494E-2
28.664	-3.134E-4	4.467E-2
28.673	-4.160E-4	4.442E-2
28.681	-4.182E-4	4.420E-2
28.690	-4.078E-4	4.403E-2
28.698	-2.957E-4	4.397E-2
28.706	-1.929E-4	4.397E-2
28.715	-1.584E-5	4.412E-2
28.723	1.234E-4	4.434E-2
28.731	2.707E-4	4.461E-2
28.740	4.118E-4	4.489E-2
28.748	5.052E-4	4.515E-2
28.757	5.243E-4	4.538E-2
28.765	5.228E-4	4.556E-2
28.773	4.635E-4	4.561E-2
28.782	3.274E-4	4.560E-2
28.790	2.164E-4	4.550E-2
28.798	6.745E-5	4.533E-2
28.807	-8.538E-5	4.508E-2
28.815	-1.978E-4	4.479E-2
28.824	-2.885E-4	4.452E-2
28.832	-3.457E-4	4.426E-2
28.840	-3.629E-4	4.407E-2
28.849	-3.353E-4	4.400E-2
28.857	-2.301E-4	4.400E-2
28.865	-1.435E-4	4.411E-2
28.874	7.960E-6	4.430E-2
28.882	1.199E-4	4.458E-2
28.891	2.543E-4	4.486E-2
28.899	3.408E-4	4.515E-2
28.907	4.417E-4	4.539E-2
28.916	4.604E-4	4.557E-2
28.924	4.763E-4	4.566E-2
28.932	4.250E-4	4.565E-2
28.941	3.273E-4	4.556E-2
28.949	2.302E-4	4.538E-2
28.958	9.317E-5	4.513E-2
28.966	-2.461E-5	4.484E-2
28.974	-1.378E-4	4.456E-2
28.983	-1.992E-4	4.431E-2
28.991	-2.587E-4	4.415E-2
28.999	-2.607E-4	4.403E-2
29.008	-2.205E-4	4.399E-2
29.016	-1.521E-4	4.406E-2
29.025	-9.468E-5	4.422E-2
29.033	2.922E-5	4.446E-2
29.041	1.302E-4	4.473E-2
29.050	2.540E-4	4.501E-2
29.058	3.234E-4	4.532E-2
29.066	4.140E-4	4.552E-2
29.075	4.479E-4	4.564E-2
29.083	4.839E-4	4.564E-2
29.092	4.414E-4	4.559E-2
29.100	3.671E-4	4.541E-2
29.108	2.623E-4	4.517E-2
29.117	1.316E-4	4.489E-2
29.125	1.909E-5	4.461E-2
29.133	-1.093E-4	4.434E-2
29.142	-1.823E-4	4.415E-2
29.150	-2.398E-4	4.401E-2
29.159	-2.678E-4	4.397E-2
29.167	-2.376E-4	4.401E-2
29.175	-1.727E-4	4.418E-2
29.184	-1.217E-4	4.441E-2
29.192	-1.448E-5	4.468E-2
29.201	1.020E-4	4.495E-2
29.209	2.284E-4	4.522E-2
29.217	3.239E-4	4.541E-2
29.226	4.113E-4	4.557E-2
29.234	4.848E-4	4.561E-2
29.242	5.018E-4	4.557E-2
29.251	4.786E-4	4.543E-2
29.259	4.016E-4	4.519E-2
29.268	2.878E-4	4.491E-2
29.276	1.731E-4	4.463E-2
29.284	2.867E-5	4.437E-2
29.293	-1.217E-4	4.416E-2
29.301	-1.977E-4	4.399E-2
29.309	-2.669E-4	4.395E-2
29.318	-3.205E-4	4.399E-2
29.326	-3.432E-4	4.412E-2
29.335	-2.756E-4	4.437E-2
29.343	-1.778E-4	4.463E-2
29.351	-8.891E-5	4.490E-2
29.360	3.782E-5	4.517E-2
29.368	1.841E-4	4.538E-2
29.376	3.035E-4	4.556E-2
29.385	4.238E-4	4.561E-2
29.393	4.998E-4	4.560E-2
29.402	5.263E-4	4.549E-2
29.410	5.225E-4	4.532E-2
29.418	4.267E-4	4.507E-2
29.427	3.081E-4	4.479E-2
29.435	1.983E-4	4.452E-2
29.443	6.459E-5	4.427E-2
29.452	-9.888E-5	4.410E-2
29.460	-2.019E-4	4.403E-2
29.469	-3.259E-4	4.403E-2
29.477	-3.863E-4	4.414E-2
29.485	-3.911E-4	4.433E-2
29.494	-3.462E-4	4.460E-2
29.502	-2.220E-4	4.486E-2
29.510	-1.220E-4	4.511E-2
29.519	3.426E-5	4.535E-2
29.527	2.091E-4	4.553E-2
29.536	3.275E-4	4.562E-2
29.544	4.761E-4	4.561E-2
29.552	5.318E-4	4.553E-2
29.561	5.426E-4	4.535E-2
29.569	5.236E-4	4.512E-2
29.577	4.542E-4	4.487E-2
29.586	3.018E-4	4.461E-2
29.594	1.334E-4	4.438E-2
29.603	-1.942E-5	4.421E-2
29.611	-1.729E-4	4.412E-2
29.619	-3.276E-4	4.413E-2
29.628	-4.162E-4	4.420E-2
29.636	-4.173E-4	4.438E-2
29.644	-4.154E-4	4.459E-2
29.653	-3.876E-4	4.485E-2
29.661	-2.560E-4	4.509E-2
29.670	-1.111E-4	4.532E-2
29.678	6.053E-5	4.549E-2
29.686	2.554E-4	4.560E-2
29.695	4.389E-4	4.560E-2
29.703	5.416E-4	4.554E-2
29.711	5.965E-4	4.538E-2
29.720	5.867E-4	4.516E-2
29.728	5.224E-4	4.493E-2
29.737	4.481E-4	4.468E-2
29.745	2.774E-4	4.445E-2
29.753	8.309E-5	4.427E-2
29.762	-1.149E-4	4.417E-2
29.770	-2.737E-4	4.415E-2
29.778	-4.076E-4	4.420E-2
29.787	-4.649E-4	4.434E-2
29.795	-4.667E-4	4.454E-2
29.804	-4.397E-4	4.477E-2
29.812	-3.751E-4	4.501E-2
29.820	-2.053E-4	4.524E-2
29.829	-2.457E-5	4.542E-2
29.837	1.939E-4	4.552E-2
29.845	3.896E-4	4.553E-2
29.854	5.393E-4	4.553E-2
29.862	6.640E-4	4.539E-2
29.871	7.338E-4	4.520E-2
29.879	7.177E-4	4.499E-2
29.887	6.113E-4	4.473E-2
29.896	4.738E-4	4.452E-2
29.904	2.750E-4	4.434E-2
29.913	5.812E-5	4.424E-2
29.921	-1.605E-4	4.420E-2
29.929	-3.658E-4	4.423E-2
29.938	-4.759E-4	4.434E-2
29.946	-5.691E-4	4.452E-2
29.954	-5.975E-4	4.468E-2
29.963	-4.984E-4	4.488E-2
29.971	-3.778E-4	4.507E-2
29.980	-1.771E-4	4.525E-2
29.988	4.706E-5	4.537E-2
29.996	2.764E-4	4.537E-2
30.005	5.027E-4	4.537E-2
30.013	6.516E-4	4.531E-2
30.021	7.618E-4	4.515E-2
30.030	7.689E-4	4.496E-2
30.038	7.265E-4	4.478E-2
30.047	5.932E-4	4.462E-2
30.055	3.716E-4	4.446E-2
30.063	1.205E-4	4.436E-2
30.072	-1.330E-4	4.431E-2
30.080	-3.675E-4	4.436E-2
30.088	-5.074E-4	4.443E-2
30.097	-6.372E-4	4.455E-2
30.105	-6.524E-4	4.473E-2
30.114	-6.460E-4	4.489E-2
30.122	-4.803E-4	4.505E-2
30.130	-3.300E-4	4.518E-2
30.139	-1.248E-4	4.529E-2
30.147	1.117E-4	4.532E-2
30.155	3.452E-4	4.534E-2
30.164	5.314E-4	4.529E-2
30.172	7.045E-4	4.516E-2
30.181	7.592E-4	4.503E-2
30.189	7.441E-4	4.487E-2
30.197	6.665E-4	4.471E-2
30.206	4.998E-4	4.458E-2
30.214	2.649E-4	4.448E-2
30.222	2.322E-5	4.443E-2
30.231	-2.117E-4	4.443E-2
30.239	-4.222E-4	4.447E-2
30.248	-6.196E-4	4.458E-2
30.256	-6.479E-4	4.470E-2
30.264	-6.506E-4	4.483E-2
30.273	-6.087E-4	4.496E-2
30.281	-4.217E-4	4.509E-2
30.289	-1.994E-4	4.515E-2
30.298	4.672E-5	4.520E-2
30.306	2.975E-4	4.518E-2
30.315	5.363E-4	4.513E-2
30.323	7.367E-4	4.506E-2
30.331	8.370E-4	4.496E-2
30.340	8.398E-4	4.484E-2
30.348	7.493E-4	4.471E-2
30.356	5.890E-4	4.461E-2
30.365	3.498E-4	4.453E-2
30.373	6.891E-5	4.450E-2
30.382	-1.916E-4	4.448E-2
30.390	-4.258E-4	4.449E-2
30.398	-6.433E-4	4.456E-2
30.407	-7.316E-4	4.468E-2
30.415	-7.210E-4	4.477E-2
30.423	-6.777E-4	4.491E-2
30.432	-5.646E-4	4.498E-2
30.440	-3.657E-4	4.503E-2
30.449	-1.262E-4	4.510E-2
30.457	1.624E-4	4.510E-2
30.465	4.246E-4	4.510E-2
30.474	6.670E-4	4.505E-2
30.482	8.053E-4	4.497E-2
30.490	8.806E-4	4.486E-2
30.499	8.582E-4	4.479E-2
30.507	7.182E-4	4.472E-2
30.516	5.174E-4	4.466E-2
30.524	2.637E-4	4.462E-2
30.532	-7.864E-6	4.463E-2
30.541	-2.739E-4	4.465E-2
30.549	-4.834E-4	4.469E-2
30.557	-6.394E-4	4.472E-2
30.566	-6.765E-4	4.480E-2
30.574	-6.905E-4	4.488E-2
30.583	-6.108E-4	4.493E-2
30.591	-4.037E-4	4.496E-2
30.599	-1.722E-4	4.497E-2
30.608	9.066E-5	4.495E-2
30.616	3.562E-4	4.494E-2
30.625	5.868E-4	4.489E-2
30.633	7.673E-4	4.485E-2
30.641	9.004E-4	4.481E-2
30.650	9.246E-4	4.477E-2
30.658	8.100E-4	4.478E-2
30.666	6.381E-4	4.478E-2
30.675	4.121E-4	4.473E-2
30.683	1.327E-4	4.471E-2
30.692	-1.600E-4	4.470E-2
30.700	-4.053E-4	4.473E-2
30.708	-6.348E-4	4.474E-2
30.717	-7.362E-4	4.473E-2
30.725	-7.241E-4	4.478E-2
30.733	-6.610E-4	4.485E-2
30.742	-5.088E-4	4.487E-2
30.750	-2.691E-4	4.488E-2
30.759	2.153E-5	4.487E-2
30.767	3.088E-4	4.488E-2
30.775	5.647E-4	4.486E-2
30.784	7.764E-4	4.485E-2
30.792	9.154E-4	4.484E-2
30.800	9.705E-4	4.483E-2
30.809	9.151E-4	4.484E-2
30.817	7.749E-4	4.484E-2
30.826	5.428E-4	4.485E-2
30.834	2.734E-4	4.487E-2
30.842	-1.530E-5	4.488E-2
30.851	-2.914E-4	4.489E-2
30.859	-5.499E-4	4.489E-2
30.867	-6.966E-4	4.489E-2
30.876	-7.161E-4	4.489E-2
30.884	-7.068E-4	4.488E-2
30.893	-6.019E-4	4.486E-2
30.901	-3.884E-4	4.485E-2
30.909	-1.550E-4	4.484E-2
30.918	1.164E-4	4.484E-2
30.926	4.018E-4	4.484E-2
30.934	6.097E-4	4.483E-2
30.943	7.651E-4	4.484E-2
30.951	8.801E-4	4.486E-2
30.960	8.911E-4	4.489E-2
30.968	7.734E-4	4.489E-2
30.976	5.830E-4	4.491E-2
30.985	3.047E-4	4.495E-2
30.993	3.555E-5	4.495E-2
31.001	-2.317E-4	4.494E-2
31.010	-4.424E-4	4.493E-2
31.018	-6.468E-4	4.492E-2
31.027	-6.942E-4	4.489E-2
31.035	-6.987E-4	4.482E-2
31.043	-6.435E-4	4.477E-2
31.052	-4.581E-4	4.473E-2
31.060	-2.308E-4	4.469E-2
31.068	4.300E-5	4.467E-2
31.077	3.113E-4	4.467E-2
31.085	5.500E-4	4.467E-2
31.094	7.582E-4	4.470E-2
31.102	8.823E-4	4.473E-2
31.110	9.316E-4	4.479E-2
31.119	8.657E-4	4.489E-2
31.127	6.991E-4	4.493E-2
31.135	4.875E-4	4.499E-2
31.144	2.216E-4	4.499E-2
31.152	-5.581E-5	4.497E-2
31.161	-2.860E-4	4.494E-2
31.169	-4.797E-4	4.489E-2
31.177	-6.059E-4	4.485E-2
31.186	-6.294E-4	4.474E-2
31.194	-6.287E-4	4.466E-2
31.202	-5.082E-4	4.460E-2
31.211	-2.947E-4	4.453E-2
31.219	-8.486E-5	4.447E-2
31.228	1.818E-4	4.446E-2
31.236	4.564E-4	4.445E-2
31.244	6.810E-4	4.452E-2
31.253	8.275E-4	4.461E-2
31.261	8.849E-4	4.470E-2
31.270	8.790E-4	4.483E-2
31.278	7.820E-4	4.492E-2
31.286	5.779E-4	4.498E-2
31.295	3.204E-4	4.503E-2
31.303	6.133E-5	4.507E-2
31.311	-1.844E-4	4.506E-2
31.320	-4.035E-4	4.500E-2
31.328	-5.989E-4	4.492E-2
31.337	-6.279E-4	4.481E-2
31.345	-6.503E-4	4.470E-2
31.353	-6.035E-4	4.460E-2
31.362	-4.113E-4	4.451E-2
31.370	-1.939E-4	4.444E-2
31.378	4.771E-5	4.444E-2
31.387	2.868E-4	4.444E-2
31.395	5.222E-4	4.451E-2
31.404	7.029E-4	4.463E-2
31.412	7.800E-4	4.474E-2
31.420	7.836E-4	4.487E-2
31.429	7.303E-4	4.499E-2
31.437	5.674E-4	4.510E-2
31.445	3.629E-4	4.516E-2
31.454	1.086E-4	4.516E-2
31.462	-1.498E-4	4.514E-2
31.471	-3.768E-4	4.507E-2
31.479	-5.118E-4	4.495E-2
31.487	-6.406E-4	4.482E-2
31.496	-6.477E-4	4.468E-2
31.504	-6.303E-4	4.453E-2
31.512	-4.526E-4	4.440E-2
31.521	-2.941E-4	4.433E-2
31.529	-1.165E-4	4.432E-2
31.538	1.021E-4	4.436E-2
31.546	3.188E-4	4.446E-2
31.554	5.033E-4	4.458E-2
31.563	6.604E-4	4.474E-2
31.571	7.059E-4	4.490E-2
31.579	7.158E-4	4.506E-2
31.588	5.963E-4	4.519E-2
31.596	4.523E-4	4.530E-2
31.605	2.496E-4	4.534E-2
31.613	3.513E-5	4.533E-2
31.621	-1.814E-4	4.524E-2
31.630	-3.777E-4	4.512E-2
31.638	-4.733E-4	4.494E-2
31.646	-5.720E-4	4.476E-2
31.655	-5.810E-4	4.458E-2
31.663	-4.725E-4	4.444E-2
31.672	-3.646E-4	4.434E-2
31.680	-1.795E-4	4.429E-2
31.688	3.999E-5	4.426E-2
31.697	2.586E-4	4.438E-2
31.705	4.603E-4	4.450E-2
31.713	5.747E-4	4.467E-2
31.722	6.738E-4	4.486E-2
31.730	6.984E-4	4.505E-2
31.739	6.412E-4	4.522E-2
31.747	5.397E-4	4.533E-2
31.755	3.400E-4	4.538E-2
31.764	1.488E-4	4.537E-2
31.772	-5.692E-5	4.531E-2
31.780	-2.051E-4	4.515E-2
31.789	-3.721E-4	4.497E-2
31.797	-4.248E-4	4.474E-2
31.806	-4.324E-4	4.453E-2
31.814	-4.196E-4	4.436E-2
31.822	-3.318E-4	4.424E-2
31.831	-2.043E-4	4.418E-2
31.839	-3.611E-5	4.419E-2
31.847	1.404E-4	4.425E-2
31.856	3.032E-4	4.441E-2
31.864	4.825E-4	4.460E-2
31.873	5.525E-4	4.481E-2
31.881	5.846E-4	4.504E-2
31.889	5.576E-4	4.525E-2
31.898	5.069E-4	4.539E-2
31.906	3.734E-4	4.546E-2
31.914	2.183E-4	4.544E-2
31.923	4.301E-5	4.536E-2
31.931	-1.356E-4	4.523E-2
31.940	-2.546E-4	4.506E-2
31.948	-3.665E-4	4.485E-2
31.956	-4.039E-4	4.463E-2
31.965	-4.167E-4	4.444E-2
31.973	-3.898E-4	4.426E-2
31.982	-2.847E-4	4.418E-2
31.990	-1.493E-4	4.417E-2
31.998	2.507E-5	4.422E-2
32.007	1.850E-4	4.439E-2
32.015	3.224E-4	4.458E-2
32.023	4.652E-4	4.481E-2
32.032	5.336E-4	4.505E-2
32.040	5.440E-4	4.528E-2
32.049	5.220E-4	4.544E-2
32.057	4.573E-4	4.554E-2
32.065	3.130E-4	4.556E-2
32.074	1.906E-4	4.550E-2
32.082	5.900E-5	4.537E-2
32.090	-1.123E-4	4.516E-2
32.099	-2.075E-4	4.493E-2
32.107	-3.194E-4	4.468E-2
32.116	-3.593E-4	4.445E-2
32.124	-3.804E-4	4.425E-2
32.132	-3.239E-4	4.415E-2
32.141	-2.187E-4	4.412E-2
32.149	-1.313E-4	4.419E-2
32.157	2.464E-5	4.431E-2
32.166	1.602E-4	4.451E-2
32.174	2.603E-4	4.473E-2
32.183	3.568E-4	4.495E-2
32.191	4.274E-4	4.517E-2
32.199	4.643E-4	4.536E-2
32.208	4.713E-4	4.549E-2
32.216	3.504E-4	4.556E-2
32.224	2.622E-4	4.553E-2
32.233	1.273E-4	4.539E-2
32.241	1.382E-5	4.520E-2
32.250	-1.298E-4	4.495E-2
32.258	-2.000E-4	4.469E-2
32.266	-2.450E-4	4.445E-2
32.275	-2.957E-4	4.424E-2
32.283	-3.079E-4	4.411E-2
32.291	-2.590E-4	4.406E-2
32.300	-1.822E-4	4.407E-2
32.308	-6.089E-5	4.422E-2
32.317	2.323E-5	4.441E-2
32.325	1.535E-4	4.465E-2
32.333	2.411E-4	4.490E-2
32.342	3.050E-4	4.514E-2
32.350	3.537E-4	4.535E-2
32.358	3.532E-4	4.550E-2
32.367	3.318E-4	4.558E-2
32.375	2.581E-4	4.556E-2
32.384	2.058E-4	4.543E-2
32.392	9.410E-5	4.525E-2
32.400	4.265E-6	4.504E-2
32.409	-1.222E-4	4.480E-2
32.417	-1.791E-4	4.456E-2
32.425	-2.348E-4	4.436E-2
32.434	-2.451E-4	4.420E-2
32.442	-2.311E-4	4.413E-2
32.451	-1.967E-4	4.415E-2
32.459	-1.576E-4	4.424E-2
32.467	-4.584E-5	4.442E-2
32.476	5.682E-5	4.465E-2
32.484	1.461E-4	4.489E-2
32.492	2.480E-4	4.513E-2
32.501	3.018E-4	4.536E-2
32.509	3.537E-4	4.553E-2
32.518	3.408E-4	4.560E-2
32.526	3.325E-4	4.560E-2
32.534	2.824E-4	4.551E-2
32.543	2.444E-4	4.535E-2
32.551	1.519E-4	4.512E-2
32.559	3.183E-5	4.487E-2
32.568	-5.401E-5	4.462E-2
32.576	-1.468E-4	4.439E-2
32.585	-1.940E-4	4.421E-2
32.593	-2.177E-4	4.413E-2
32.601	-2.212E-4	4.413E-2
32.610	-1.991E-4	4.420E-2
32.618	-1.787E-4	4.438E-2
32.626	-9.300E-5	4.461E-2
32.635	1.574E-5	4.486E-2
32.643	9.791E-5	4.510E-2
32.652	2.180E-4	4.533E-2
32.660	2.948E-4	4.551E-2
32.668	3.458E-4	4.562E-2
32.677	3.399E-4	4.561E-2
32.685	3.726E-4	4.555E-2
32.694	3.083E-4	4.538E-2
32.702	2.595E-4	4.516E-2
32.710	1.941E-4	4.491E-2
32.719	7.998E-5	4.466E-2
32.727	-9.590E-6	4.443E-2
32.735	-1.250E-4	4.423E-2
32.744	-1.913E-4	4.413E-2
32.752	-2.276E-4	4.411E-2
32.761	-2.544E-4	4.418E-2
32.769	-2.260E-4	4.433E-2
32.777	-1.740E-4	4.454E-2
32.786	-1.257E-4	4.479E-2
32.794	-1.096E-6	4.506E-2
32.802	9.530E-5	4.529E-2
32.811	2.268E-4	4.548E-2
32.819	3.142E-4	4.561E-2
32.828	4.025E-4	4.560E-2
32.836	4.447E-4	4.558E-2
32.844	4.655E-4	4.542E-2
32.853	4.332E-4	4.523E-2
32.861	3.620E-4	4.501E-2
32.869	2.632E-4	4.479E-2
32.878	1.381E-4	4.457E-2
32.886	5.442E-6	4.439E-2
32.895	-1.252E-4	4.425E-2
32.903	-2.051E-4	4.419E-2
32.911	-2.555E-4	4.422E-2
32.920	-3.208E-4	4.434E-2
32.928	-3.427E-4	4.452E-2
32.936	-2.465E-4	4.471E-2
32.945	-1.642E-4	4.493E-2
32.953	-3.526E-5	4.514E-2
32.962	9.343E-5	4.534E-2
32.970	2.485E-4	4.546E-2
32.978	3.423E-4	4.553E-2
32.987	4.576E-4	4.553E-2
32.995	5.120E-4	4.541E-2
33.003	5.197E-4	4.522E-2
33.012	4.835E-4	4.499E-2
33.020	3.673E-4	4.473E-2
33.029	2.458E-4	4.449E-2
33.037	9.299E-5	4.430E-2
33.045	-4.122E-5	4.417E-2
33.054	-1.643E-4	4.412E-2
33.062	-2.686E-4	4.415E-2
33.070	-3.518E-4	4.425E-2
33.079	-3.822E-4	4.442E-2
33.087	-3.880E-4	4.462E-2
33.096	-3.261E-4	4.485E-2
33.104	-1.858E-4	4.507E-2
33.112	-3.239E-5	4.527E-2
33.121	1.137E-4	4.540E-2
33.129	2.744E-4	4.545E-2
33.137	4.230E-4	4.543E-2
33.146	5.290E-4	4.534E-2
33.154	5.482E-4	4.519E-2
33.163	5.393E-4	4.498E-2
33.171	4.960E-4	4.474E-2
33.179	3.554E-4	4.451E-2
33.188	2.264E-4	4.434E-2
33.196	5.085E-5	4.423E-2
33.204	-1.343E-4	4.417E-2
33.213	-2.580E-4	4.418E-2
33.221	-3.837E-4	4.424E-2
33.230	-4.223E-4	4.438E-2
33.238	-4.201E-4	4.458E-2
33.246	-4.046E-4	4.479E-2
33.255	-2.957E-4	4.500E-2
33.263	-1.736E-4	4.519E-2
33.271	1.711E-5	4.532E-2
33.280	2.077E-4	4.538E-2
33.288	3.678E-4	4.538E-2
33.297	5.097E-4	4.534E-2
33.305	5.706E-4	4.521E-2
33.313	5.898E-4	4.503E-2
33.322	5.346E-4	4.487E-2
33.330	4.759E-4	4.468E-2
33.338	2.994E-4	4.449E-2
33.347	1.233E-4	4.437E-2
33.355	-5.753E-5	4.430E-2
33.364	-2.088E-4	4.426E-2
33.372	-3.851E-4	4.430E-2
33.380	-4.493E-4	4.441E-2
33.389	-4.890E-4	4.458E-2
33.397	-4.698E-4	4.474E-2
33.406	-3.850E-4	4.491E-2
33.414	-2.424E-4	4.507E-2
33.422	-7.476E-5	4.519E-2
33.431	9.348E-5	4.527E-2
33.439	2.904E-4	4.530E-2
33.447	4.943E-4	4.532E-2
33.456	5.896E-4	4.517E-2
33.464	6.750E-4	4.505E-2
33.473	6.842E-4	4.490E-2
33.481	5.928E-4	4.472E-2
33.489	4.825E-4	4.456E-2
33.498	2.861E-4	4.446E-2
33.506	6.748E-5	4.439E-2
33.514	-1.490E-4	4.438E-2
33.523	-3.455E-4	4.441E-2
33.531	-4.541E-4	4.448E-2
33.540	-5.756E-4	4.460E-2
33.548	-5.933E-4	4.475E-2
33.556	-5.183E-4	4.490E-2
33.565	-3.985E-4	4.503E-2
33.573	-2.046E-4	4.515E-2
33.581	1.291E-5	4.522E-2
33.590	2.382E-4	4.523E-2
33.598	4.522E-4	4.526E-2
33.607	5.985E-4	4.515E-2
33.615	7.082E-4	4.506E-2
33.623	7.537E-4	4.493E-2
33.632	7.183E-4	4.479E-2
33.640	5.754E-4	4.468E-2
33.648	4.082E-4	4.456E-2
33.657	2.195E-4	4.450E-2
33.665	-4.035E-6	4.445E-2
33.674	-2.067E-4	4.446E-2
33.682	-3.831E-4	4.450E-2
33.690	-5.331E-4	4.462E-2
33.699	-6.173E-4	4.472E-2
33.707	-6.219E-4	4.485E-2
33.715	-4.545E-4	4.496E-2
33.724	-3.254E-4	4.504E-2
33.732	-1.417E-4	4.512E-2
33.741	8.744E-5	4.514E-2
33.749	3.105E-4	4.514E-2
33.757	5.167E-4	4.509E-2
33.766	6.860E-4	4.501E-2
33.774	7.495E-4	4.492E-2
33.782	7.463E-4	4.482E-2
33.791	6.738E-4	4.471E-2
33.799	5.166E-4	4.463E-2
33.808	2.903E-4	4.458E-2
33.816	5.420E-5	4.456E-2
33.824	-1.782E-4	4.459E-2
33.833	-3.942E-4	4.464E-2
33.841	-5.581E-4	4.469E-2
33.849	-6.551E-4	4.477E-2
33.858	-6.507E-4	4.489E-2
33.866	-5.958E-4	4.497E-2
33.875	-4.209E-4	4.503E-2
33.883	-2.158E-4	4.509E-2
33.891	1.463E-5	4.511E-2
33.900	2.647E-4	4.511E-2
33.908	5.041E-4	4.511E-2
33.916	6.875E-4	4.503E-2
33.925	7.851E-4	4.495E-2
33.933	7.949E-4	4.487E-2
33.942	7.443E-4	4.480E-2
33.950	5.887E-4	4.474E-2
33.958	3.957E-4	4.471E-2
33.967	1.276E-4	4.466E-2
33.975	-1.486E-4	4.466E-2
33.983	-3.830E-4	4.468E-2
33.992	-5.619E-4	4.471E-2
34.000	-6.964E-4	4.475E-2
34.009	-6.844E-4	4.476E-2
34.017	-6.728E-4	4.489E-2
34.025	-5.239E-4	4.493E-2
34.034	-3.855E-4	4.494E-2
34.042	-1.608E-4	4.494E-2
34.051	8.412E-5	4.493E-2
34.059	3.193E-4	4.492E-2
34.067	5.217E-4	4.488E-2
34.076	6.997E-4	4.483E-2
34.084	7.578E-4	4.481E-2
34.092	7.385E-4	4.478E-2
34.101	6.553E-4	4.476E-2
34.109	4.914E-4	4.473E-2
34.118	2.575E-4	4.471E-2
34.126	1.913E-5	4.469E-2
34.134	-2.148E-4	4.470E-2
34.143	-4.186E-4	4.471E-2
34.151	-6.102E-4	4.472E-2
34.159	-6.605E-4	4.471E-2
34.168	-6.555E-4	4.473E-2
34.176	-5.769E-4	4.475E-2
34.185	-4.089E-4	4.473E-2
34.193	-1.864E-4	4.472E-2
34.201	4.693E-5	4.470E-2
34.210	2.933E-4	4.469E-2
34.218	5.236E-4	4.468E-2
34.226	7.168E-4	4.465E-2
34.235	7.863E-4	4.465E-2
34.243	7.900E-4	4.465E-2
34.252	7.308E-4	4.465E-2
34.260	5.605E-4	4.466E-2
34.268	3.317E-4	4.466E-2
34.277	8.275E-5	4.468E-2
34.285	-1.747E-4	4.468E-2
34.293	-4.000E-4	4.468E-2
34.302	-5.894E-4	4.469E-2
34.310	-6.886E-4	4.469E-2
34.319	-6.802E-4	4.468E-2
34.327	-6.615E-4	4.467E-2
34.335	-4.705E-4	4.466E-2
34.344	-2.859E-4	4.465E-2
34.352	-2.898E-5	4.464E-2
34.360	2.449E-4	4.464E-2
34.369	4.887E-4	4.465E-2
34.377	6.790E-4	4.465E-2
34.386	8.032E-4	4.466E-2
34.394	8.404E-4	4.467E-2
34.402	7.627E-4	4.470E-2
34.411	6.709E-4	4.472E-2
34.419	4.982E-4	4.471E-2
34.427	2.632E-4	4.476E-2
34.436	1.717E-5	4.475E-2
34.444	-2.146E-4	4.474E-2
34.453	-3.996E-4	4.472E-2
34.461	-5.919E-4	4.468E-2
34.469	-6.409E-4	4.466E-2
34.478	-6.364E-4	4.462E-2
34.486	-5.082E-4	4.460E-2
34.494	-3.341E-4	4.458E-2
34.503	-1.401E-4	4.458E-2
34.511	8.547E-5	4.460E-2
34.520	3.145E-4	4.462E-2
34.528	5.323E-4	4.464E-2
34.536	7.084E-4	4.468E-2
34.545	7.682E-4	4.471E-2
34.553	7.626E-4	4.476E-2
34.561	7.017E-4	4.483E-2
34.570	5.293E-4	4.489E-2
34.578	3.013E-4	4.491E-2
34.587	6.590E-5	4.494E-2
34.595	-1.707E-4	4.493E-2
34.603	-3.917E-4	4.491E-2
34.612	-5.418E-4	4.487E-2
34.620	-6.590E-4	4.482E-2
34.628	-6.566E-4	4.474E-2
34.637	-6.090E-4	4.465E-2
34.645	-4.314E-4	4.461E-2
34.654	-2.341E-4	4.456E-2
34.662	-1.182E-6	4.455E-2
34.670	2.463E-4	4.458E-2
34.679	4.838E-4	4.460E-2
34.687	6.471E-4	4.468E-2
34.695	7.641E-4	4.475E-2
34.704	7.790E-4	4.484E-2
34.712	7.396E-4	4.493E-2
34.721	5.942E-4	4.501E-2
34.729	4.152E-4	4.508E-2
34.737	2.060E-4	4.513E-2
34.746	-8.197E-6	4.512E-2
34.754	-2.061E-4	4.509E-2
34.763	-3.776E-4	4.505E-2
34.771	-5.113E-4	4.495E-2
34.779	-5.633E-4	4.483E-2
34.788	-5.819E-4	4.472E-2
34.796	-4.188E-4	4.462E-2
34.804	-2.475E-4	4.456E-2
34.813	-8.084E-5	4.452E-2
34.821	1.162E-4	4.450E-2
34.830	3.167E-4	4.449E-2
34.838	5.143E-4	4.460E-2
34.846	6.485E-4	4.470E-2
34.855	7.316E-4	4.482E-2
34.863	7.296E-4	4.494E-2
34.871	6.311E-4	4.506E-2
34.880	4.822E-4	4.514E-2
34.888	2.765E-4	4.515E-2
34.897	5.708E-5	4.517E-2
34.905	-1.611E-4	4.513E-2
34.913	-3.516E-4	4.506E-2
34.922	-4.505E-4	4.495E-2
34.930	-5.274E-4	4.482E-2
34.938	-5.726E-4	4.469E-2
34.947	-4.850E-4	4.457E-2
34.955	-3.806E-4	4.447E-2
34.964	-1.957E-4	4.442E-2
34.972	1.854E-5	4.442E-2
34.980	2.330E-4	4.445E-2
34.989	4.284E-4	4.453E-2
34.997	5.611E-4	4.468E-2
35.005	6.599E-4	4.481E-2
35.014	6.984E-4	4.496E-2
35.022	6.497E-4	4.509E-2
35.031	5.427E-4	4.519E-2
35.039	3.710E-4	4.525E-2
35.047	1.846E-4	4.531E-2
35.056	5.587E-6	4.527E-2
35.064	-1.639E-4	4.517E-2
35.072	-3.408E-4	4.505E-2
35.081	-4.131E-4	4.490E-2
35.089	-4.295E-4	4.472E-2
35.098	-4.243E-4	4.458E-2
35.106	-3.372E-4	4.446E-2
35.114	-2.077E-4	4.440E-2
35.123	-4.449E-5	4.438E-2
35.131	1.407E-4	4.441E-2
35.139	3.032E-4	4.449E-2
35.148	4.774E-4	4.462E-2
35.156	5.599E-4	4.479E-2
35.165	5.952E-4	4.496E-2
35.173	5.668E-4	4.511E-2
35.181	5.061E-4	4.525E-2
35.190	3.743E-4	4.536E-2
35.198	2.205E-4	4.536E-2
35.206	4.368E-5	4.535E-2
35.215	-1.385E-4	4.525E-2
35.223	-2.565E-4	4.513E-2
35.232	-3.843E-4	4.494E-2
35.240	-4.201E-4	4.475E-2
35.248	-4.168E-4	4.456E-2
35.257	-3.812E-4	4.444E-2
35.265	-2.791E-4	4.433E-2
35.273	-1.477E-4	4.430E-2
35.282	3.124E-5	4.432E-2
35.290	1.950E-4	4.443E-2
35.299	3.298E-4	4.457E-2
35.307	4.765E-4	4.474E-2
35.315	5.355E-4	4.491E-2
35.324	5.415E-4	4.509E-2
35.332	5.223E-4	4.527E-2
35.340	4.468E-4	4.537E-2
35.349	3.074E-4	4.538E-2
35.357	1.718E-4	4.538E-2
35.366	1.131E-5	4.532E-2
35.374	-1.486E-4	4.516E-2
35.382	-2.394E-4	4.497E-2
35.391	-3.523E-4	4.475E-2
35.399	-3.736E-4	4.455E-2
35.407	-3.838E-4	4.441E-2
35.416	-3.295E-4	4.428E-2
35.424	-2.119E-4	4.422E-2
35.433	-1.114E-4	4.421E-2
35.441	3.646E-5	4.429E-2
35.449	2.022E-4	4.444E-2
35.458	3.033E-4	4.463E-2
35.466	4.235E-4	4.483E-2
35.475	4.911E-4	4.504E-2
35.483	5.007E-4	4.522E-2
35.491	4.618E-4	4.535E-2
35.500	3.525E-4	4.539E-2
35.508	2.565E-4	4.539E-2
35.516	1.089E-4	4.533E-2
35.525	-4.516E-6	4.518E-2
35.533	-1.363E-4	4.498E-2
35.542	-2.026E-4	4.475E-2
35.550	-2.658E-4	4.452E-2
35.558	-2.503E-4	4.434E-2
35.567	-2.345E-4	4.422E-2
35.575	-1.650E-4	4.415E-2
35.583	-1.099E-4	4.416E-2
35.592	8.649E-6	4.423E-2
35.600	1.141E-4	4.438E-2
35.609	2.402E-4	4.458E-2
35.617	3.168E-4	4.481E-2
35.625	3.821E-4	4.503E-2
35.634	4.232E-4	4.524E-2
35.642	4.359E-4	4.540E-2
35.650	3.989E-4	4.549E-2
35.659	2.979E-4	4.551E-2
35.667	2.180E-4	4.543E-2
35.676	9.717E-5	4.531E-2
35.684	3.020E-6	4.512E-2
35.692	-1.168E-4	4.490E-2
35.701	-1.789E-4	4.467E-2
35.709	-1.826E-4	4.446E-2
35.717	-1.999E-4	4.428E-2
35.726	-1.949E-4	4.418E-2
35.734	-1.636E-4	4.418E-2
35.743	-1.152E-4	4.423E-2
35.751	7.211E-6	4.435E-2
35.759	8.448E-5	4.454E-2
35.768	2.104E-4	4.479E-2
35.776	2.890E-4	4.503E-2
35.784	3.293E-4	4.524E-2
35.793	3.449E-4	4.541E-2
35.801	3.324E-4	4.552E-2
35.810	3.112E-4	4.553E-2
35.818	2.588E-4	4.551E-2
35.826	1.871E-4	4.539E-2
35.835	8.676E-5	4.518E-2
35.843	1.572E-5	4.495E-2
35.851	-9.882E-5	4.471E-2
35.860	-1.749E-4	4.448E-2
35.868	-1.775E-4	4.429E-2
35.877	-2.012E-4	4.418E-2
35.885	-1.925E-4	4.414E-2
35.893	-1.834E-4	4.419E-2
35.902	-1.254E-4	4.430E-2
35.910	-1.156E-5	4.447E-2
35.918	6.641E-5	4.468E-2
35.927	1.667E-4	4.491E-2
35.935	2.378E-4	4.512E-2
35.944	2.883E-4	4.531E-2
35.952	3.099E-4	4.542E-2
35.960	3.106E-4	4.543E-2
35.969	3.043E-4	4.541E-2
35.977	2.650E-4	4.531E-2
35.985	2.158E-4	4.514E-2
35.994	1.134E-4	4.492E-2
36.002	3.752E-5	4.469E-2
36.011	-5.755E-5	4.446E-2
36.019	-9.973E-5	4.427E-2
36.027	-1.730E-4	4.415E-2
36.036	-1.902E-4	4.410E-2
36.044	-1.880E-4	4.415E-2
36.052	-1.726E-4	4.425E-2
36.061	-1.390E-4	4.442E-2
36.069	-7.083E-5	4.463E-2
36.078	2.303E-5	4.487E-2
36.086	9.681E-5	4.509E-2
36.094	2.071E-4	4.528E-2
36.103	2.779E-4	4.541E-2
36.111	3.101E-4	4.548E-2
36.119	3.065E-4	4.550E-2
36.128	3.055E-4	4.539E-2
36.136	2.812E-4	4.525E-2
36.145	2.440E-4	4.506E-2
36.153	1.465E-4	4.485E-2
36.161	3.633E-5	4.463E-2
36.170	-4.787E-5	4.443E-2
36.178	-1.188E-4	4.428E-2
36.187	-1.848E-4	4.420E-2
36.195	-2.052E-4	4.420E-2
36.203	-2.068E-4	4.426E-2
36.212	-1.890E-4	4.442E-2
36.220	-1.762E-4	4.461E-2
36.228	-8.860E-5	4.484E-2
36.237	2.220E-5	4.507E-2
36.245	1.039E-4	4.526E-2
36.254	2.231E-4	4.541E-2
36.262	2.928E-4	4.547E-2
36.270	3.349E-4	4.549E-2
36.279	3.355E-4	4.543E-2
36.287	3.495E-4	4.530E-2
36.295	2.945E-4	4.511E-2
36.304	2.530E-4	4.490E-2
36.312	1.546E-4	4.467E-2
36.321	2.563E-5	4.447E-2
36.329	-7.559E-5	4.433E-2
36.337	-1.934E-4	4.425E-2
36.346	-2.382E-4	4.422E-2
36.354	-2.737E-4	4.426E-2
36.362	-2.716E-4	4.439E-2
36.371	-2.197E-4	4.458E-2
36.379	-1.695E-4	4.480E-2
36.388	-6.874E-5	4.502E-2
36.396	2.587E-5	4.522E-2
36.404	1.297E-4	4.536E-2
36.413	2.479E-4	4.543E-2
36.421	3.200E-4	4.542E-2
36.429	3.972E-4	4.537E-2
36.438	4.284E-4	4.526E-2
36.446	4.478E-4	4.509E-2
36.455	3.805E-4	4.491E-2
36.463	2.806E-4	4.469E-2
36.471	1.806E-4	4.448E-2
36.480	6.005E-5	4.435E-2
36.488	-7.460E-5	4.426E-2
36.496	-1.871E-4	4.422E-2
36.505	-2.601E-4	4.425E-2
36.513	-3.304E-4	4.438E-2
36.522	-3.606E-4	4.453E-2
36.530	-3.626E-4	4.473E-2
36.538	-2.197E-4	4.491E-2
36.547	-1.371E-4	4.510E-2
36.555	2.061E-5	4.525E-2
36.563	1.510E-4	4.537E-2
36.572	2.636E-4	4.539E-2
36.580	3.823E-4	4.538E-2
36.589	4.452E-4	4.526E-2
36.597	4.936E-4	4.513E-2
36.605	4.829E-4	4.494E-2
36.614	4.078E-4	4.475E-2
36.622	2.958E-4	4.455E-2
36.630	1.624E-4	4.443E-2
36.639	-6.616E-6	4.433E-2
36.647	-1.527E-4	4.429E-2
36.656	-2.525E-4	4.430E-2
36.664	-3.555E-4	4.442E-2
36.672	-3.986E-4	4.454E-2
36.681	-3.963E-4	4.473E-2
36.689	-3.494E-4	4.490E-2
36.697	-2.129E-4	4.507E-2
36.706	-9.964E-5	4.520E-2
36.714	5.465E-5	4.531E-2
36.723	2.383E-4	4.536E-2
36.731	3.537E-4	4.536E-2
36.739	4.867E-4	4.526E-2
36.748	5.261E-4	4.513E-2
36.756	5.271E-4	4.497E-2
36.764	4.863E-4	4.480E-2
36.773	3.899E-4	4.465E-2
36.781	2.423E-4	4.450E-2
36.790	6.915E-5	4.440E-2
36.798	-1.185E-4	4.436E-2
36.806	-2.720E-4	4.438E-2
36.815	-3.767E-4	4.444E-2
36.823	-4.263E-4	4.455E-2
36.832	-4.334E-4	4.471E-2
36.840	-4.216E-4	4.487E-2
36.848	-3.218E-4	4.503E-2
36.857	-1.892E-4	4.515E-2
36.865	-9.037E-6	4.525E-2
36.873	1.711E-4	4.533E-2
36.882	2.974E-4	4.533E-2
36.890	4.788E-4	4.529E-2
36.899	5.421E-4	4.515E-2
36.907	5.739E-4	4.502E-2
36.915	5.391E-4	4.489E-2
36.924	4.870E-4	4.473E-2
36.932	3.170E-4	4.461E-2
36.940	1.617E-4	4.450E-2
36.949	-2.670E-5	4.445E-2
36.957	-1.976E-4	4.444E-2
36.966	-3.701E-4	4.447E-2
36.974	-4.410E-4	4.457E-2
36.982	-4.740E-4	4.470E-2
36.991	-4.562E-4	4.483E-2
36.999	-4.023E-4	4.495E-2
37.007	-2.694E-4	4.507E-2
37.016	-1.010E-4	4.515E-2
37.024	6.742E-5	4.519E-2
37.033	2.706E-4	4.518E-2
37.041	4.664E-4	4.516E-2
37.049	5.627E-4	4.506E-2
37.058	6.480E-4	4.495E-2
37.066	6.752E-4	4.484E-2
37.074	6.094E-4	4.471E-2
37.083	4.962E-4	4.461E-2
37.091	3.000E-4	4.452E-2
37.100	9.268E-5	4.448E-2
37.108	-1.184E-4	4.445E-2
37.116	-2.923E-4	4.447E-2
37.125	-4.349E-4	4.453E-2
37.133	-4.955E-4	4.464E-2
37.141	-5.261E-4	4.473E-2
37.150	-4.834E-4	4.484E-2
37.158	-3.904E-4	4.493E-2
37.167	-2.070E-4	4.498E-2
37.175	-7.771E-6	4.499E-2
37.183	2.079E-4	4.499E-2
37.192	4.070E-4	4.494E-2
37.200	5.741E-4	4.490E-2
37.208	6.828E-4	4.483E-2
37.217	7.363E-4	4.473E-2
37.225	6.988E-4	4.465E-2
37.234	5.855E-4	4.458E-2
37.242	4.269E-4	4.452E-2
37.250	2.448E-4	4.448E-2
37.259	3.244E-5	4.444E-2
37.267	-1.684E-4	4.445E-2
37.275	-3.552E-4	4.450E-2
37.284	-4.620E-4	4.456E-2
37.292	-5.406E-4	4.467E-2
37.301	-5.607E-4	4.474E-2
37.309	-4.326E-4	4.483E-2
37.317	-3.130E-4	4.490E-2
37.326	-1.449E-4	4.492E-2
37.334	6.707E-5	4.491E-2
37.342	2.785E-4	4.491E-2
37.351	4.938E-4	4.489E-2
37.359	6.198E-4	4.483E-2
37.368	6.983E-4	4.475E-2
37.376	7.069E-4	4.467E-2
37.384	6.137E-4	4.463E-2
37.393	4.801E-4	4.460E-2
37.401	2.724E-4	4.462E-2
37.409	5.167E-5	4.463E-2
37.418	-1.683E-4	4.464E-2
37.426	-3.704E-4	4.466E-2
37.435	-4.866E-4	4.470E-2
37.443	-5.984E-4	4.474E-2
37.451	-6.195E-4	4.475E-2
37.460	-5.295E-4	4.480E-2
37.468	-4.225E-4	4.488E-2
37.476	-2.186E-4	4.490E-2
37.485	5.093E-6	4.490E-2
37.493	2.364E-4	4.490E-2
37.502	4.577E-4	4.489E-2
37.510	5.947E-4	4.487E-2
37.518	7.139E-4	4.480E-2
37.527	7.396E-4	4.478E-2
37.535	7.029E-4	4.480E-2
37.544	5.650E-4	4.475E-2
37.552	3.829E-4	4.472E-2
37.560	1.427E-4	4.471E-2
37.569	-1.093E-4	4.470E-2
37.577	-3.150E-4	4.471E-2
37.585	-4.706E-4	4.472E-2
37.594	-6.082E-4	4.474E-2
37.602	-6.573E-4	4.474E-2
37.611	-6.469E-4	4.472E-2
37.619	-4.618E-4	4.474E-2
37.627	-3.293E-4	4.472E-2
37.636	-1.488E-4	4.471E-2
37.644	7.389E-5	4.469E-2
37.652	2.902E-4	4.467E-2
37.661	4.940E-4	4.467E-2
37.669	6.460E-4	4.465E-2
37.678	7.240E-4	4.465E-2
37.686	7.188E-4	4.465E-2
37.694	6.067E-4	4.465E-2
37.703	4.712E-4	4.467E-2
37.711	2.563E-4	4.467E-2
37.719	3.483E-5	4.468E-2
37.728	-1.805E-4	4.469E-2
37.736	-3.799E-4	4.469E-2
37.745	-4.907E-4	4.469E-2
37.753	-6.036E-4	4.468E-2
37.761	-6.109E-4	4.468E-2
37.770	-5.042E-4	4.468E-2
37.778	-3.439E-4	4.465E-2
37.786	-1.731E-4	4.465E-2
37.795	4.996E-5	4.465E-2
37.803	2.739E-4	4.464E-2
37.812	4.926E-4	4.465E-2
37.820	6.168E-4	4.465E-2
37.828	7.135E-4	4.466E-2
37.837	7.322E-4	4.468E-2
37.845	6.752E-4	4.470E-2
37.853	5.412E-4	4.472E-2
37.862	3.322E-4	4.473E-2
37.870	1.051E-4	4.472E-2
37.879	-1.330E-4	4.475E-2
37.887	-3.328E-4	4.473E-2
37.895	-4.615E-4	4.472E-2
37.904	-5.895E-4	4.467E-2
37.912	-6.354E-4	4.465E-2
37.920	-5.911E-4	4.464E-2
37.929	-4.411E-4	4.460E-2
37.937	-2.619E-4	4.457E-2
37.946	-5.560E-5	4.459E-2
37.954	1.927E-4	4.461E-2
37.962	4.029E-4	4.463E-2
37.971	5.418E-4	4.465E-2
37.979	6.710E-4	4.469E-2
37.987	7.312E-4	4.472E-2
37.996	7.044E-4	4.478E-2
38.004	5.824E-4	4.487E-2
38.013	4.342E-4	4.491E-2
38.021	2.528E-4	4.491E-2
38.029	3.321E-5	4.494E-2
38.038	-1.705E-4	4.493E-2
38.046	-3.613E-4	4.490E-2
38.054	-4.594E-4	4.486E-2
38.063	-5.317E-4	4.481E-2
38.071	-5.409E-4	4.474E-2
38.080	-4.518E-4	4.467E-2
38.088	-3.287E-4	4.463E-2
38.096	-1.584E-4	4.460E-2
38.105	4.990E-5	4.459E-2
38.113	2.678E-4	4.461E-2
38.121	4.735E-4	4.463E-2
38.130	5.722E-4	4.471E-2
38.138	6.695E-4	4.476E-2
38.147	6.871E-4	4.485E-2
38.155	6.026E-4	4.492E-2
38.163	4.857E-4	4.497E-2
38.172	2.942E-4	4.499E-2
38.180	7.729E-5	4.496E-2
38.188	-1.341E-4	4.496E-2
38.197	-3.109E-4	4.492E-2
38.205	-4.382E-4	4.487E-2
38.214	-4.907E-4	4.478E-2
38.222	-5.007E-4	4.470E-2
38.230	-4.304E-4	4.463E-2
38.239	-3.618E-4	4.454E-2
38.247	-1.829E-4	4.450E-2
38.256	1.540E-5	4.448E-2
38.264	2.123E-4	4.446E-2
38.272	3.948E-4	4.450E-2
38.281	5.258E-4	4.458E-2
38.289	6.034E-4	4.469E-2
38.297	6.223E-4	4.480E-2
38.306	5.495E-4	4.492E-2
38.314	4.811E-4	4.499E-2
38.323	3.064E-4	4.505E-2
38.331	1.254E-4	4.508E-2
38.339	-4.800E-5	4.510E-2
38.348	-2.038E-4	4.507E-2
38.356	-3.737E-4	4.499E-2
38.364	-4.348E-4	4.487E-2
38.373	-4.608E-4	4.474E-2
38.381	-4.445E-4	4.464E-2
38.390	-3.860E-4	4.451E-2
38.398	-2.297E-4	4.444E-2
38.406	-5.740E-5	4.441E-2
38.415	1.067E-4	4.442E-2
38.423	2.849E-4	4.447E-2
38.431	4.610E-4	4.456E-2
38.440	5.527E-4	4.469E-2
38.448	5.981E-4	4.482E-2
38.457	5.635E-4	4.494E-2
38.465	5.102E-4	4.507E-2
38.473	3.962E-4	4.515E-2
38.482	2.340E-4	4.516E-2
38.490	5.149E-5	4.515E-2
38.498	-1.325E-4	4.512E-2
38.507	-2.898E-4	4.504E-2
38.515	-4.146E-4	4.493E-2
38.524	-4.437E-4	4.480E-2
38.532	-4.356E-4	4.467E-2
38.540	-4.212E-4	4.453E-2
38.549	-2.995E-4	4.443E-2
38.557	-1.882E-4	4.438E-2
38.565	-3.082E-6	4.440E-2
38.574	1.578E-4	4.444E-2
38.582	2.763E-4	4.452E-2
38.591	4.367E-4	4.465E-2
38.599	5.125E-4	4.481E-2
38.607	5.244E-4	4.495E-2
38.616	5.090E-4	4.509E-2
38.624	4.414E-4	4.519E-2
38.632	3.045E-4	4.525E-2
38.641	1.548E-4	4.529E-2
38.649	1.270E-6	4.524E-2
38.658	-1.593E-4	4.515E-2
38.666	-2.481E-4	4.503E-2
38.674	-3.580E-4	4.488E-2
38.683	-3.971E-4	4.471E-2
38.691	-3.982E-4	4.456E-2
38.699	-3.437E-4	4.446E-2
38.708	-2.054E-4	4.439E-2
38.716	-7.809E-5	4.439E-2
38.725	4.250E-5	4.442E-2
38.733	2.112E-4	4.450E-2
38.741	3.191E-4	4.464E-2
38.750	4.365E-4	4.482E-2
38.758	4.975E-4	4.498E-2
38.766	5.060E-4	4.512E-2
38.775	4.617E-4	4.525E-2
38.783	3.394E-4	4.535E-2
38.792	2.433E-4	4.535E-2
38.800	9.102E-5	4.533E-2
38.808	-1.879E-5	4.522E-2
38.817	-1.502E-4	4.507E-2
38.825	-2.142E-4	4.490E-2
38.833	-2.653E-4	4.472E-2
38.842	-2.940E-4	4.454E-2
38.850	-2.848E-4	4.443E-2
38.859	-1.739E-4	4.433E-2
38.867	-1.133E-4	4.433E-2
38.875	2.549E-5	4.439E-2
38.884	1.315E-4	4.446E-2
38.892	2.546E-4	4.461E-2
38.900	3.186E-4	4.478E-2
38.909	4.043E-4	4.497E-2
38.917	4.239E-4	4.512E-2
38.926	4.275E-4	4.527E-2
38.934	3.676E-4	4.538E-2
38.942	2.806E-4	4.540E-2
38.951	1.836E-4	4.538E-2
38.959	7.087E-5	4.528E-2
38.968	-2.762E-5	4.514E-2
38.976	-1.276E-4	4.495E-2
38.984	-1.841E-4	4.475E-2
38.993	-2.194E-4	4.456E-2
39.001	-2.116E-4	4.442E-2
39.009	-1.786E-4	4.430E-2
39.018	-1.415E-4	4.427E-2
39.026	-5.796E-5	4.428E-2
39.035	3.660E-5	4.437E-2
39.043	1.225E-4	4.450E-2
39.051	2.274E-4	4.468E-2
39.060	2.986E-4	4.487E-2
39.068	3.365E-4	4.506E-2
39.076	3.406E-4	4.522E-2
39.085	3.151E-4	4.533E-2
39.093	2.626E-4	4.537E-2
39.102	2.319E-4	4.537E-2
39.110	1.898E-4	4.529E-2
39.118	5.637E-5	4.515E-2
39.127	-2.714E-5	4.497E-2
39.135	-1.146E-4	4.476E-2
39.143	-1.699E-4	4.456E-2
39.152	-1.878E-4	4.441E-2
39.160	-1.855E-4	4.427E-2
39.169	-1.702E-4	4.421E-2
39.177	-1.346E-4	4.421E-2
39.185	-6.136E-5	4.427E-2
39.194	2.296E-5	4.441E-2
39.202	8.785E-5	4.460E-2
39.210	1.849E-4	4.481E-2
39.219	2.744E-4	4.503E-2
39.227	2.995E-4	4.520E-2
39.236	3.070E-4	4.534E-2
39.244	2.959E-4	4.539E-2
39.252	2.763E-4	4.538E-2
39.261	2.535E-4	4.533E-2
39.269	1.416E-4	4.518E-2
39.277	4.910E-5	4.500E-2
39.286	-7.187E-6	4.484E-2
39.294	-1.093E-4	4.465E-2
39.303	-1.686E-4	4.445E-2
39.311	-1.742E-4	4.432E-2
39.319	-1.791E-4	4.425E-2
39.328	-1.779E-4	4.422E-2
39.336	-1.528E-4	4.426E-2
39.344	-9.842E-5	4.441E-2
39.353	1.212E-6	4.459E-2
39.361	6.310E-5	4.481E-2
39.370	1.461E-4	4.502E-2
39.378	2.176E-4	4.519E-2
39.386	2.708E-4	4.533E-2
39.395	2.833E-4	4.540E-2
39.403	2.819E-4	4.540E-2
39.411	2.818E-4	4.537E-2
39.420	2.488E-4	4.523E-2
39.428	1.745E-4	4.509E-2
39.437	9.479E-5	4.490E-2
39.445	3.408E-5	4.469E-2
39.453	-4.934E-5	4.449E-2
39.462	-1.091E-4	4.432E-2
39.470	-1.358E-4	4.426E-2
39.478	-1.686E-4	4.422E-2
39.487	-1.695E-4	4.426E-2
39.495	-1.653E-4	4.438E-2
39.504	-1.066E-4	4.455E-2
39.512	-2.833E-5	4.474E-2
39.520	5.955E-5	4.494E-2
39.529	1.302E-4	4.512E-2
39.537	2.240E-4	4.528E-2
39.545	2.771E-4	4.538E-2
39.554	2.957E-4	4.540E-2
39.562	2.983E-4	4.538E-2
39.571	2.942E-4	4.526E-2
39.579	2.601E-4	4.511E-2
39.587	2.096E-4	4.491E-2
39.596	1.146E-4	4.471E-2
39.604	3.809E-5	4.451E-2
39.613	-4.126E-5	4.434E-2
39.621	-8.483E-5	4.425E-2
39.629	-1.678E-4	4.421E-2
39.638	-1.847E-4	4.423E-2
39.646	-1.802E-4	4.434E-2
39.654	-1.680E-4	4.449E-2
39.663	-1.288E-4	4.467E-2
39.671	-4.237E-5	4.488E-2
39.680	5.665E-5	4.507E-2
39.688	1.439E-4	4.523E-2
39.696	2.370E-4	4.536E-2
39.705	2.882E-4	4.539E-2
39.713	3.195E-4	4.537E-2
39.721	3.135E-4	4.528E-2
39.730	3.076E-4	4.514E-2
39.738	2.722E-4	4.495E-2
39.747	2.240E-4	4.475E-2
39.755	1.156E-4	4.457E-2
39.763	2.933E-5	4.442E-2
39.772	-7.993E-5	4.429E-2
39.780	-1.531E-4	4.422E-2
39.788	-2.108E-4	4.423E-2
39.797	-2.271E-4	4.429E-2
39.805	-2.130E-4	4.444E-2
39.814	-1.860E-4	4.463E-2
39.822	-1.693E-4	4.481E-2
39.830	-4.912E-5	4.500E-2
39.839	7.172E-5	4.518E-2
39.847	1.770E-4	4.530E-2
39.855	2.921E-4	4.536E-2
39.864	3.399E-4	4.536E-2
39.872	4.010E-4	4.531E-2
39.881	3.717E-4	4.515E-2
39.889	3.418E-4	4.498E-2
39.897	2.745E-4	4.479E-2
39.906	2.241E-4	4.464E-2
39.914	9.800E-5	4.447E-2
39.922	-8.378E-7	4.436E-2
39.931	-1.310E-4	4.433E-2
39.939	-1.975E-4	4.434E-2
39.948	-2.401E-4	4.441E-2
39.956	-2.679E-4	4.451E-2
39.964	-2.475E-4	4.466E-2
39.973	-1.833E-4	4.483E-2
39.981	-1.361E-4	4.501E-2
39.989	-1.920E-5	4.517E-2
39.998	9.718E-5	4.529E-2
40.006	2.323E-4	4.535E-2
40.015	3.231E-4	4.536E-2
40.023	4.175E-4	4.532E-2
40.031	4.752E-4	4.519E-2
40.040	4.974E-4	4.505E-2
40.048	4.638E-4	4.489E-2
40.056	3.663E-4	4.471E-2
40.065	2.639E-4	4.457E-2
40.073	1.072E-4	4.445E-2
40.082	-6.568E-6	4.439E-2
40.090	-1.384E-4	4.439E-2
40.098	-2.186E-4	4.443E-2
40.107	-3.032E-4	4.450E-2
40.115	-3.516E-4	4.463E-2
40.123	-3.447E-4	4.480E-2
40.132	-2.513E-4	4.496E-2
40.140	-1.610E-4	4.510E-2
40.149	1.373E-6	4.520E-2
40.157	1.231E-4	4.527E-2
40.165	2.629E-4	4.531E-2
40.174	3.702E-4	4.528E-2
40.182	4.670E-4	4.518E-2
40.190	4.987E-4	4.506E-2
40.199	4.992E-4	4.491E-2
40.207	4.456E-4	4.474E-2
40.216	3.176E-4	4.461E-2
40.224	2.010E-4	4.448E-2
40.232	5.935E-5	4.443E-2
40.241	-1.165E-4	4.441E-2
40.249	-2.147E-4	4.443E-2
40.257	-3.422E-4	4.449E-2
40.266	-3.903E-4	4.461E-2
40.274	-3.969E-4	4.473E-2
40.283	-3.663E-4	4.489E-2
40.291	-2.300E-4	4.501E-2
40.299	-1.298E-4	4.514E-2
40.308	3.963E-5	4.519E-2
40.316	2.147E-4	4.520E-2
40.325	3.335E-4	4.516E-2
40.333	4.782E-4	4.510E-2
40.341	5.294E-4	4.499E-2
40.350	5.310E-4	4.487E-2
40.358	5.096E-4	4.472E-2
40.366	4.213E-4	4.462E-2
40.375	2.901E-4	4.449E-2
40.383	1.094E-4	4.443E-2
40.392	-5.130E-5	4.443E-2
40.400	-2.043E-4	4.443E-2
40.408	-3.236E-4	4.447E-2
40.417	-3.971E-4	4.458E-2
40.425	-4.145E-4	4.469E-2
40.433	-4.028E-4	4.481E-2
40.442	-3.506E-4	4.494E-2
40.450	-1.921E-4	4.504E-2
40.459	-2.544E-5	4.511E-2
40.467	1.371E-4	4.514E-2
40.475	2.856E-4	4.513E-2
40.484	4.588E-4	4.509E-2
40.492	5.359E-4	4.502E-2
40.500	5.647E-4	4.492E-2
40.509	5.409E-4	4.481E-2
40.517	4.938E-4	4.470E-2
40.526	3.412E-4	4.463E-2
40.534	1.966E-4	4.458E-2
40.542	3.045E-5	4.458E-2
40.551	-1.596E-4	4.459E-2
40.559	-3.090E-4	4.463E-2
40.567	-4.211E-4	4.468E-2
40.576	-4.429E-4	
40.584	-4.345E-4	
40.593	-3.988E-4	
40.601	-2.696E-4	
40.609	-1.249E-4	
40.618	4.901E-5	
40.626	2.561E-4	
40.634	4.303E-4	
40.643	5.494E-4	
40.651	6.052E-4	
40.660	5.998E-4	
40.668	5.309E-4	
40.676	4.524E-4	
40.685	2.794E-4	
40.693	8.483E-5	
40.701	-1.118E-4	
40.710	-2.598E-4	
40.718	-3.987E-4	
40.727	-4.439E-4	
40.735	-4.579E-4	
40.743	-4.192E-4	
40.752	-3.601E-4	
40.760	-1.899E-4	
40.768	-3.232E-6	
40.777	1.936E-4	
40.785	3.726E-4	
40.794	5.231E-4	
40.802	6.046E-4	
40.810	6.384E-4	
40.819	6.251E-4	
40.827	5.174E-4	
40.835	3.512E-4	
40.844	1.802E-4	
40.852	8.789E-6	
40.861	-1.762E-4	
40.869	-3.625E-4	
40.877	-4.369E-4	
