#multi:
	mass A	mass B	
t	x	x	
0.000	-3.649E-3	4.407E-2
0.008	-3.409E-3	4.408E-2
0.017	-3.028E-3	4.408E-2
0.025	-2.466E-3	4.409E-2
0.034	-1.740E-3	4.409E-2
0.042	-8.507E-4	4.410E-2
0.050	1.188E-4	4.412E-2
0.059	1.021E-3	4.415E-2
0.067	1.777E-3	4.419E-2
0.075	2.284E-3	4.424E-2
0.084	2.384E-3	4.434E-2
0.092	2.163E-3	4.438E-2
0.101	1.603E-3	4.441E-2
0.109	7.750E-4	4.442E-2
0.117	-1.446E-4	4.447E-2
0.126	-1.125E-3	4.449E-2
0.134	-1.999E-3	4.442E-2
0.142	-2.669E-3	4.431E-2
0.151	-3.123E-3	4.420E-2
0.159	-3.277E-3	4.410E-2
0.168	-3.139E-3	4.399E-2
0.176	-2.757E-3	4.388E-2
0.184	-2.106E-3	4.382E-2
0.193	-1.263E-3	4.379E-2
0.201	-3.554E-4	4.382E-2
0.209	5.547E-4	4.389E-2
0.218	1.406E-3	4.401E-2
0.226	1.985E-3	4.417E-2
0.235	2.292E-3	4.433E-2
0.243	2.261E-3	4.451E-2
0.251	1.856E-3	4.469E-2
0.260	1.195E-3	4.480E-2
0.268	2.976E-4	4.484E-2
0.276	-6.267E-4	4.483E-2
0.285	-1.517E-3	4.475E-2
0.293	-2.285E-3	4.458E-2
0.302	-2.795E-3	4.437E-2
0.310	-3.048E-3	4.413E-2
0.318	-3.068E-3	4.388E-2
0.327	-2.774E-3	4.365E-2
0.335	-2.238E-3	4.348E-2
0.343	-1.555E-3	4.337E-2
0.352	-6.853E-4	4.338E-2
0.360	2.314E-4	4.345E-2
0.369	1.053E-3	4.362E-2
0.377	1.723E-3	4.386E-2
0.385	2.118E-3	4.414E-2
0.394	2.221E-3	4.445E-2
0.402	1.976E-3	4.475E-2
0.410	1.413E-3	4.498E-2
0.419	6.731E-4	4.510E-2
0.427	-1.700E-4	4.510E-2
0.436	-1.075E-3	4.502E-2
0.444	-1.835E-3	4.481E-2
0.452	-2.463E-3	4.454E-2
0.461	-2.879E-3	4.420E-2
0.469	-3.014E-3	4.387E-2
0.477	-2.842E-3	4.355E-2
0.486	-2.514E-3	4.328E-2
0.494	-1.896E-3	4.314E-2
0.503	-1.109E-3	4.311E-2
0.511	-2.873E-4	4.317E-2
0.519	5.814E-4	4.338E-2
0.528	1.284E-3	4.366E-2
0.536	1.799E-3	4.405E-2
0.544	2.075E-3	4.447E-2
0.553	1.980E-3	4.488E-2
0.561	1.619E-3	4.517E-2
0.570	1.008E-3	4.541E-2
0.578	2.133E-4	4.549E-2
0.586	-5.849E-4	4.544E-2
0.595	-1.396E-3	4.522E-2
0.603	-2.058E-3	4.488E-2
0.611	-2.514E-3	4.445E-2
0.620	-2.768E-3	4.401E-2
0.628	-2.763E-3	4.359E-2
0.637	-2.502E-3	4.321E-2
0.645	-2.047E-3	4.294E-2
0.653	-1.415E-3	4.282E-2
0.662	-6.087E-4	4.289E-2
0.670	1.395E-4	4.310E-2
0.678	8.485E-4	4.344E-2
0.687	1.437E-3	4.388E-2
0.695	1.808E-3	4.437E-2
0.704	1.889E-3	4.486E-2
0.712	1.682E-3	4.526E-2
0.720	1.226E-3	4.556E-2
0.729	5.811E-4	4.571E-2
0.737	-1.846E-4	4.569E-2
0.746	-9.252E-4	4.548E-2
0.754	-1.593E-3	4.511E-2
0.762	-2.141E-3	4.461E-2
0.771	-2.488E-3	4.408E-2
0.779	-2.556E-3	4.355E-2
0.787	-2.494E-3	4.309E-2
0.796	-2.168E-3	4.273E-2
0.804	-1.656E-3	4.253E-2
0.813	-1.027E-3	4.251E-2
0.821	-3.005E-4	4.270E-2
0.829	3.809E-4	4.306E-2
0.838	9.699E-4	4.359E-2
0.846	1.428E-3	4.415E-2
0.854	1.642E-3	4.475E-2
0.863	1.622E-3	4.528E-2
0.871	1.364E-3	4.568E-2
0.880	8.576E-4	4.592E-2
0.888	2.134E-4	4.595E-2
0.896	-4.490E-4	4.576E-2
0.905	-1.130E-3	4.538E-2
0.913	-1.688E-3	4.488E-2
0.921	-2.112E-3	4.426E-2
0.930	-2.337E-3	4.365E-2
0.938	-2.331E-3	4.307E-2
0.947	-2.152E-3	4.265E-2
0.955	-1.832E-3	4.237E-2
0.963	-1.309E-3	4.233E-2
0.972	-6.762E-4	4.248E-2
0.980	-4.452E-5	4.283E-2
0.988	5.764E-4	4.336E-2
0.997	1.054E-3	4.400E-2
1.005	1.368E-3	4.468E-2
1.014	1.465E-3	4.531E-2
1.022	1.363E-3	4.578E-2
1.030	1.036E-3	4.608E-2
1.039	5.336E-4	4.621E-2
1.047	-5.429E-5	4.607E-2
1.055	-6.399E-4	4.572E-2
1.064	-1.219E-3	4.518E-2
1.072	-1.726E-3	4.454E-2
1.081	-2.049E-3	4.384E-2
1.089	-2.204E-3	4.320E-2
1.097	-2.161E-3	4.264E-2
1.106	-1.956E-3	4.229E-2
1.114	-1.612E-3	4.217E-2
1.122	-1.118E-3	4.227E-2
1.131	-5.176E-4	4.259E-2
1.139	3.531E-5	4.313E-2
1.148	5.422E-4	4.378E-2
1.156	9.550E-4	4.454E-2
1.164	1.171E-3	4.522E-2
1.173	1.194E-3	4.580E-2
1.181	1.073E-3	4.619E-2
1.189	7.046E-4	4.636E-2
1.198	2.625E-4	4.631E-2
1.206	-2.469E-4	4.599E-2
1.215	-7.642E-4	4.545E-2
1.223	-1.263E-3	4.477E-2
1.231	-1.659E-3	4.404E-2
1.240	-1.878E-3	4.333E-2
1.248	-1.977E-3	4.270E-2
1.256	-1.907E-3	4.225E-2
1.265	-1.650E-3	4.202E-2
1.273	-1.296E-3	4.205E-2
1.282	-8.588E-4	4.233E-2
1.290	-3.728E-4	4.282E-2
1.298	1.109E-4	4.349E-2
1.307	5.100E-4	4.429E-2
1.315	8.807E-4	4.506E-2
1.323	1.015E-3	4.570E-2
1.332	9.999E-4	4.619E-2
1.340	8.942E-4	4.644E-2
1.349	5.556E-4	4.642E-2
1.357	1.385E-4	4.615E-2
1.365	-3.346E-4	4.566E-2
1.374	-8.222E-4	4.498E-2
1.382	-1.237E-3	4.420E-2
1.390	-1.581E-3	4.347E-2
1.399	-1.799E-3	4.276E-2
1.407	-1.849E-3	4.223E-2
1.416	-1.770E-3	4.194E-2
1.424	-1.584E-3	4.195E-2
1.432	-1.230E-3	4.219E-2
1.441	-8.564E-4	4.266E-2
1.449	-4.322E-4	4.329E-2
1.458	2.083E-5	4.409E-2
1.466	4.179E-4	4.489E-2
1.474	6.917E-4	4.562E-2
1.483	9.061E-4	4.619E-2
1.491	9.184E-4	4.652E-2
1.499	7.383E-4	4.661E-2
1.508	4.880E-4	4.640E-2
1.516	1.075E-4	4.594E-2
1.525	-2.829E-4	4.528E-2
1.533	-6.829E-4	4.450E-2
1.541	-1.088E-3	4.371E-2
1.550	-1.373E-3	4.298E-2
1.558	-1.583E-3	4.236E-2
1.566	-1.632E-3	4.201E-2
1.575	-1.579E-3	4.190E-2
1.583	-1.391E-3	4.208E-2
1.592	-1.119E-3	4.248E-2
1.600	-7.293E-4	4.308E-2
1.608	-3.442E-4	4.385E-2
1.617	3.776E-5	4.466E-2
1.625	4.149E-4	4.545E-2
1.633	6.987E-4	4.606E-2
1.642	8.398E-4	4.647E-2
1.650	8.732E-4	4.660E-2
1.659	7.436E-4	4.647E-2
1.667	5.121E-4	4.607E-2
1.675	1.985E-4	4.549E-2
1.684	-1.961E-4	4.472E-2
1.692	-5.930E-4	4.392E-2
1.700	-9.553E-4	4.315E-2
1.709	-1.295E-3	4.250E-2
1.717	-1.505E-3	4.206E-2
1.726	-1.606E-3	4.186E-2
1.734	-1.597E-3	4.194E-2
1.742	-1.400E-3	4.230E-2
1.751	-1.152E-3	4.287E-2
1.759	-8.141E-4	4.362E-2
1.767	-4.275E-4	4.440E-2
1.776	-1.529E-5	4.514E-2
1.784	3.298E-4	4.584E-2
1.793	6.427E-4	4.633E-2
1.801	8.000E-4	4.657E-2
1.809	8.773E-4	4.653E-2
1.818	7.700E-4	4.623E-2
1.826	5.432E-4	4.566E-2
1.834	2.440E-4	4.496E-2
1.843	-1.658E-4	4.416E-2
1.851	-5.734E-4	4.337E-2
1.860	-9.480E-4	4.271E-2
1.868	-1.316E-3	4.222E-2
1.876	-1.566E-3	4.196E-2
1.885	-1.650E-3	4.197E-2
1.893	-1.634E-3	4.227E-2
1.901	-1.515E-3	4.277E-2
1.910	-1.246E-3	4.344E-2
1.918	-9.108E-4	4.416E-2
1.927	-4.806E-4	4.494E-2
1.935	-4.520E-5	4.564E-2
1.943	3.443E-4	4.616E-2
1.952	6.868E-4	4.644E-2
1.960	9.156E-4	4.644E-2
1.968	9.749E-4	4.620E-2
1.977	9.227E-4	4.572E-2
1.985	6.815E-4	4.506E-2
1.994	3.219E-4	4.430E-2
2.002	-1.026E-4	4.354E-2
2.010	-5.758E-4	4.289E-2
2.019	-1.003E-3	4.237E-2
2.027	-1.396E-3	4.207E-2
2.035	-1.644E-3	4.202E-2
2.044	-1.803E-3	4.220E-2
2.052	-1.801E-3	4.266E-2
2.061	-1.622E-3	4.324E-2
2.069	-1.341E-3	4.394E-2
2.077	-9.252E-4	4.466E-2
2.086	-4.711E-4	4.539E-2
2.094	1.878E-5	4.593E-2
2.103	4.592E-4	4.628E-2
2.111	8.051E-4	4.639E-2
2.119	1.021E-3	4.623E-2
2.128	1.077E-3	4.581E-2
2.136	9.581E-4	4.522E-2
2.144	7.102E-4	4.452E-2
2.153	3.018E-4	4.379E-2
2.161	-1.806E-4	4.315E-2
2.170	-6.750E-4	4.262E-2
2.178	-1.153E-3	4.226E-2
2.186	-1.560E-3	4.215E-2
2.195	-1.836E-3	4.227E-2
2.203	-1.986E-3	4.264E-2
2.211	-1.932E-3	4.316E-2
2.220	-1.791E-3	4.381E-2
2.228	-1.425E-3	4.451E-2
2.237	-9.397E-4	4.517E-2
2.245	-4.251E-4	4.573E-2
2.253	9.369E-5	4.609E-2
2.262	5.823E-4	4.624E-2
2.270	9.543E-4	4.615E-2
2.278	1.186E-3	4.585E-2
2.287	1.211E-3	4.537E-2
2.295	1.071E-3	4.474E-2
2.304	7.094E-4	4.407E-2
2.312	2.379E-4	4.343E-2
2.320	-2.882E-4	4.289E-2
2.329	-8.458E-4	4.253E-2
2.337	-1.375E-3	4.233E-2
2.345	-1.804E-3	4.231E-2
2.354	-2.061E-3	4.262E-2
2.362	-2.149E-3	4.310E-2
2.371	-2.081E-3	4.365E-2
2.379	-1.814E-3	4.426E-2
2.387	-1.392E-3	4.490E-2
2.396	-8.503E-4	4.545E-2
2.404	-2.422E-4	4.584E-2
2.412	3.359E-4	4.604E-2
2.421	8.644E-4	4.599E-2
2.429	1.198E-3	4.575E-2
2.438	1.393E-3	4.534E-2
2.446	1.387E-3	4.478E-2
2.454	1.149E-3	4.418E-2
2.463	7.124E-4	4.358E-2
2.471	1.452E-4	4.309E-2
2.479	-5.034E-4	4.272E-2
2.488	-1.101E-3	4.250E-2
2.496	-1.633E-3	4.250E-2
2.505	-2.047E-3	4.268E-2
2.513	-2.275E-3	4.307E-2
2.521	-2.289E-3	4.356E-2
2.530	-2.105E-3	4.410E-2
2.538	-1.756E-3	4.464E-2
2.546	-1.257E-3	4.515E-2
2.555	-6.431E-4	4.552E-2
2.563	2.299E-5	4.573E-2
2.572	6.467E-4	4.575E-2
2.580	1.180E-3	4.563E-2
2.588	1.502E-3	4.531E-2
2.597	1.617E-3	4.485E-2
2.605	1.475E-3	4.432E-2
2.613	1.120E-3	4.381E-2
2.622	5.530E-4	4.335E-2
2.630	-1.139E-4	4.300E-2
2.639	-8.074E-4	4.278E-2
2.647	-1.466E-3	4.270E-2
2.655	-2.006E-3	4.282E-2
2.664	-2.344E-3	4.313E-2
2.672	-2.507E-3	4.354E-2
2.680	-2.419E-3	4.401E-2
2.689	-2.142E-3	4.449E-2
2.697	-1.662E-3	4.493E-2
2.706	-1.042E-3	4.529E-2
2.714	-3.612E-4	4.549E-2
2.722	3.295E-4	4.556E-2
2.731	9.711E-4	4.547E-2
2.739	1.428E-3	4.523E-2
2.747	1.679E-3	4.491E-2
2.756	1.671E-3	4.451E-2
2.764	1.410E-3	4.407E-2
2.773	9.346E-4	4.365E-2
2.781	2.709E-4	4.333E-2
2.789	-4.520E-4	4.312E-2
2.798	-1.156E-3	4.306E-2
2.806	-1.798E-3	4.313E-2
2.815	-2.278E-3	4.331E-2
2.823	-2.531E-3	4.361E-2
2.831	-2.558E-3	4.397E-2
2.840	-2.383E-3	4.436E-2
2.848	-2.020E-3	4.472E-2
2.856	-1.462E-3	4.503E-2
2.865	-7.447E-4	4.524E-2
2.873	2.940E-5	4.533E-2
2.882	7.290E-4	4.527E-2
2.890	1.346E-3	4.511E-2
2.898	1.724E-3	4.484E-2
2.907	1.860E-3	4.451E-2
2.915	1.705E-3	4.418E-2
2.923	1.280E-3	4.383E-2
2.932	6.597E-4	4.357E-2
2.940	-7.449E-5	4.339E-2
2.949	-8.581E-4	4.331E-2
2.957	-1.575E-3	4.333E-2
2.965	-2.165E-3	4.344E-2
2.974	-2.558E-3	4.362E-2
2.982	-2.739E-3	4.388E-2
2.990	-2.615E-3	4.416E-2
2.999	-2.337E-3	4.444E-2
3.007	-1.811E-3	4.470E-2
3.016	-1.141E-3	4.489E-2
3.024	-3.729E-4	4.501E-2
3.032	4.182E-4	4.500E-2
3.041	1.127E-3	4.494E-2
3.049	1.643E-3	4.477E-2
3.057	1.901E-3	4.454E-2
3.066	1.886E-3	4.431E-2
3.074	1.603E-3	4.408E-2
3.083	1.050E-3	4.386E-2
3.091	3.014E-4	4.370E-2
3.099	-4.894E-4	4.360E-2
3.108	-1.280E-3	4.359E-2
3.116	-1.951E-3	4.364E-2
3.124	-2.456E-3	4.377E-2
3.133	-2.756E-3	4.394E-2
3.141	-2.773E-3	4.410E-2
3.150	-2.533E-3	4.428E-2
3.158	-2.094E-3	4.446E-2
3.166	-1.488E-3	4.458E-2
3.175	-7.346E-4	4.468E-2
3.183	8.319E-5	4.471E-2
3.191	8.276E-4	4.470E-2
3.200	1.447E-3	4.460E-2
3.208	1.849E-3	4.449E-2
3.217	1.959E-3	4.435E-2
3.225	1.793E-3	4.422E-2
3.233	1.295E-3	4.410E-2
3.242	5.922E-4	4.400E-2
3.250	-1.955E-4	4.394E-2
3.258	-9.930E-4	4.390E-2
3.267	-1.760E-3	4.389E-2
3.275	-2.331E-3	4.389E-2
3.284	-2.719E-3	4.401E-2
3.292	-2.823E-3	4.409E-2
3.300	-2.734E-3	4.415E-2
3.309	-2.358E-3	4.423E-2
3.317	-1.802E-3	4.431E-2
3.325	-1.101E-3	4.434E-2
3.334	-3.078E-4	4.434E-2
3.342	4.970E-4	4.435E-2
3.351	1.184E-3	4.433E-2
3.359	1.695E-3	4.432E-2
3.367	1.931E-3	4.429E-2
3.376	1.873E-3	4.428E-2
3.384	1.568E-3	4.428E-2
3.392	9.768E-4	4.422E-2
3.401	2.260E-4	4.422E-2
3.409	-5.767E-4	4.424E-2
3.418	-1.361E-3	4.423E-2
3.426	-2.025E-3	4.424E-2
3.434	-2.504E-3	4.425E-2
3.443	-2.771E-3	4.424E-2
3.451	-2.757E-3	4.422E-2
3.459	-2.500E-3	4.422E-2
3.468	-2.050E-3	4.421E-2
3.476	-1.411E-3	4.422E-2
3.485	-6.264E-4	4.424E-2
3.493	1.590E-4	4.426E-2
3.501	8.987E-4	4.431E-2
3.510	1.501E-3	4.434E-2
3.518	1.858E-3	4.437E-2
3.527	1.921E-3	4.443E-2
3.535	1.711E-3	4.453E-2
3.543	1.234E-3	4.456E-2
3.552	5.422E-4	4.459E-2
3.560	-2.300E-4	4.458E-2
3.568	-1.028E-3	4.455E-2
3.577	-1.752E-3	4.451E-2
3.585	-2.305E-3	4.443E-2
3.594	-2.625E-3	4.432E-2
3.602	-2.783E-3	4.419E-2
3.610	-2.612E-3	4.405E-2
3.619	-2.291E-3	4.393E-2
3.627	-1.747E-3	4.386E-2
3.635	-1.041E-3	4.385E-2
3.644	-2.679E-4	4.384E-2
3.652	5.018E-4	4.388E-2
3.661	1.169E-3	4.400E-2
3.669	1.639E-3	4.414E-2
3.677	1.851E-3	4.431E-2
3.686	1.811E-3	4.449E-2
3.694	1.444E-3	4.464E-2
3.702	8.593E-4	4.474E-2
3.711	1.085E-4	4.479E-2
3.719	-6.483E-4	4.479E-2
3.728	-1.381E-3	4.473E-2
3.736	-1.988E-3	4.457E-2
3.744	-2.431E-3	4.437E-2
3.753	-2.645E-3	4.413E-2
3.761	-2.635E-3	4.390E-2
3.769	-2.420E-3	4.370E-2
3.778	-1.993E-3	4.356E-2
3.786	-1.376E-3	4.345E-2
3.795	-6.320E-4	4.344E-2
3.803	1.045E-4	4.349E-2
3.811	7.749E-4	4.369E-2
3.820	1.333E-3	4.390E-2
3.828	1.659E-3	4.414E-2
3.836	1.707E-3	4.439E-2
3.845	1.475E-3	4.465E-2
3.853	1.018E-3	4.481E-2
3.862	3.657E-4	4.494E-2
3.870	-3.663E-4	4.498E-2
3.878	-1.085E-3	4.492E-2
3.887	-1.727E-3	4.476E-2
3.895	-2.240E-3	4.451E-2
3.903	-2.549E-3	4.420E-2
3.912	-2.588E-3	4.391E-2
3.920	-2.445E-3	4.362E-2
3.929	-2.104E-3	4.338E-2
3.937	-1.580E-3	4.322E-2
3.945	-9.172E-4	4.320E-2
3.954	-2.041E-4	4.320E-2
3.962	4.849E-4	4.342E-2
3.970	1.067E-3	4.369E-2
3.979	1.434E-3	4.404E-2
3.987	1.619E-3	4.438E-2
3.996	1.558E-3	4.472E-2
4.004	1.186E-3	4.502E-2
4.012	6.719E-4	4.521E-2
4.021	4.026E-5	4.526E-2
4.029	-6.430E-4	4.521E-2
4.037	-1.294E-3	4.502E-2
4.046	-1.828E-3	4.473E-2
4.054	-2.216E-3	4.434E-2
4.063	-2.361E-3	4.393E-2
4.071	-2.318E-3	4.356E-2
4.079	-2.088E-3	4.325E-2
4.088	-1.678E-3	4.301E-2
4.096	-1.113E-3	4.292E-2
4.104	-4.713E-4	4.293E-2
4.113	1.887E-4	4.316E-2
4.121	7.793E-4	4.347E-2
4.130	1.212E-3	4.386E-2
4.138	1.459E-3	4.429E-2
4.146	1.478E-3	4.474E-2
4.155	1.292E-3	4.510E-2
4.163	9.016E-4	4.533E-2
4.171	3.379E-4	4.546E-2
4.180	-2.630E-4	4.542E-2
4.188	-8.703E-4	4.525E-2
4.197	-1.428E-3	4.493E-2
4.205	-1.839E-3	4.452E-2
4.213	-2.093E-3	4.406E-2
4.222	-2.182E-3	4.358E-2
4.230	-2.075E-3	4.318E-2
4.239	-1.796E-3	4.290E-2
4.247	-1.347E-3	4.273E-2
4.255	-7.979E-4	4.273E-2
4.264	-2.146E-4	4.293E-2
4.272	3.474E-4	4.326E-2
4.280	8.306E-4	4.367E-2
4.289	1.158E-3	4.415E-2
4.297	1.310E-3	4.466E-2
4.306	1.212E-3	4.513E-2
4.314	9.601E-4	4.550E-2
4.322	5.314E-4	4.568E-2
4.331	1.600E-5	4.570E-2
4.339	-5.481E-4	4.551E-2
4.347	-1.096E-3	4.518E-2
4.356	-1.562E-3	4.473E-2
4.364	-1.873E-3	4.420E-2
4.373	-2.044E-3	4.368E-2
4.381	-2.047E-3	4.318E-2
4.389	-1.854E-3	4.281E-2
4.398	-1.539E-3	4.263E-2
4.406	-1.107E-3	4.261E-2
4.414	-5.873E-4	4.278E-2
4.423	-4.398E-5	4.310E-2
4.431	4.488E-4	4.358E-2
4.440	8.543E-4	4.411E-2
4.448	1.053E-3	4.465E-2
4.456	1.123E-3	4.521E-2
4.465	9.921E-4	4.563E-2
4.473	7.016E-4	4.589E-2
4.481	2.907E-4	4.595E-2
4.490	-1.785E-4	4.581E-2
4.498	-6.690E-4	4.547E-2
4.507	-1.134E-3	4.500E-2
4.515	-1.511E-3	4.441E-2
4.523	-1.787E-3	4.379E-2
4.532	-1.856E-3	4.324E-2
4.540	-1.813E-3	4.276E-2
4.548	-1.601E-3	4.249E-2
4.557	-1.284E-3	4.241E-2
4.565	-8.682E-4	4.252E-2
4.574	-4.129E-4	4.285E-2
4.582	4.262E-5	4.332E-2
4.590	4.600E-4	4.392E-2
4.599	7.479E-4	4.452E-2
4.607	9.420E-4	4.510E-2
4.615	9.505E-4	4.555E-2
4.624	7.614E-4	4.587E-2
4.632	4.865E-4	4.599E-2
4.641	1.002E-4	4.591E-2
4.649	-3.205E-4	4.561E-2
4.657	-7.457E-4	4.516E-2
4.666	-1.137E-3	4.457E-2
4.674	-1.407E-3	4.392E-2
4.682	-1.600E-3	4.328E-2
4.691	-1.640E-3	4.277E-2
4.699	-1.575E-3	4.244E-2
4.708	-1.363E-3	4.228E-2
4.716	-1.081E-3	4.233E-2
4.724	-6.815E-4	4.261E-2
4.733	-2.723E-4	4.310E-2
4.741	1.081E-4	4.368E-2
4.749	4.530E-4	4.431E-2
4.758	7.004E-4	4.495E-2
4.766	7.904E-4	4.551E-2
4.775	7.626E-4	4.590E-2
4.783	6.554E-4	4.609E-2
4.791	4.032E-4	4.607E-2
4.800	2.992E-5	4.584E-2
4.808	-3.411E-4	4.541E-2
4.816	-7.046E-4	4.483E-2
4.825	-1.056E-3	4.415E-2
4.833	-1.337E-3	4.346E-2
4.842	-1.472E-3	4.289E-2
4.850	-1.563E-3	4.248E-2
4.858	-1.461E-3	4.225E-2
4.867	-1.329E-3	4.226E-2
4.875	-1.047E-3	4.248E-2
4.883	-7.198E-4	4.292E-2
4.892	-3.682E-4	4.351E-2
4.900	-1.703E-5	4.417E-2
4.909	2.704E-4	4.482E-2
4.917	4.949E-4	4.541E-2
4.925	6.413E-4	4.588E-2
4.934	6.661E-4	4.614E-2
4.942	5.083E-4	4.616E-2
4.951	2.777E-4	4.597E-2
4.959	8.790E-6	4.553E-2
4.967	-3.331E-4	4.497E-2
4.976	-6.753E-4	4.431E-2
4.984	-9.420E-4	4.362E-2
4.992	-1.176E-3	4.300E-2
5.001	-1.351E-3	4.252E-2
5.009	-1.383E-3	4.224E-2
5.018	-1.367E-3	4.219E-2
5.026	-1.165E-3	4.236E-2
5.034	-9.087E-4	4.276E-2
5.043	-6.376E-4	4.331E-2
5.051	-3.154E-4	4.398E-2
5.059	-1.564E-6	4.467E-2
5.068	2.659E-4	4.531E-2
5.076	4.905E-4	4.579E-2
5.085	6.106E-4	4.609E-2
5.093	5.845E-4	4.619E-2
5.101	4.818E-4	4.604E-2
5.110	2.780E-4	4.566E-2
5.118	2.644E-5	4.514E-2
5.126	-2.588E-4	4.449E-2
5.135	-6.030E-4	4.381E-2
5.143	-8.957E-4	4.317E-2
5.152	-1.142E-3	4.266E-2
5.160	-1.329E-3	4.231E-2
5.168	-1.382E-3	4.220E-2
5.177	-1.363E-3	4.230E-2
5.185	-1.220E-3	4.265E-2
5.193	-1.024E-3	4.317E-2
5.202	-7.409E-4	4.381E-2
5.210	-4.332E-4	4.449E-2
5.219	-1.079E-4	4.513E-2
5.227	1.934E-4	4.568E-2
5.235	4.475E-4	4.603E-2
5.244	5.894E-4	4.618E-2
5.252	6.325E-4	4.608E-2
5.260	5.183E-4	4.577E-2
5.269	3.271E-4	4.527E-2
5.277	5.024E-5	4.466E-2
5.286	-2.431E-4	4.401E-2
5.294	-5.808E-4	4.336E-2
5.302	-9.104E-4	4.281E-2
5.311	-1.172E-3	4.246E-2
5.319	-1.369E-3	4.228E-2
5.327	-1.443E-3	4.230E-2
5.336	-1.408E-3	4.256E-2
5.344	-1.312E-3	4.301E-2
5.353	-1.099E-3	4.361E-2
5.361	-8.074E-4	4.426E-2
5.369	-4.632E-4	4.491E-2
5.378	-1.216E-4	4.548E-2
5.386	2.166E-4	4.588E-2
5.394	4.784E-4	4.608E-2
5.403	6.870E-4	4.610E-2
5.411	7.255E-4	4.586E-2
5.420	6.874E-4	4.543E-2
5.428	4.860E-4	4.486E-2
5.436	2.087E-4	4.420E-2
5.445	-1.564E-4	4.359E-2
5.453	-5.138E-4	4.302E-2
5.461	-8.646E-4	4.259E-2
5.470	-1.175E-3	4.239E-2
5.478	-1.384E-3	4.240E-2
5.487	-1.518E-3	4.263E-2
5.495	-1.531E-3	4.303E-2
5.503	-1.375E-3	4.355E-2
5.512	-1.136E-3	4.417E-2
5.520	-8.009E-4	4.478E-2
5.528	-4.352E-4	4.531E-2
5.537	-2.141E-5	4.572E-2
5.545	3.239E-4	4.596E-2
5.554	6.396E-4	4.596E-2
5.562	8.106E-4	4.581E-2
5.570	8.855E-4	4.544E-2
5.579	7.611E-4	4.493E-2
5.587	5.272E-4	4.434E-2
5.596	2.225E-4	4.373E-2
5.604	-1.926E-4	4.318E-2
5.612	-6.222E-4	4.275E-2
5.621	-1.032E-3	4.249E-2
5.629	-1.379E-3	4.244E-2
5.637	-1.597E-3	4.256E-2
5.646	-1.696E-3	4.289E-2
5.654	-1.661E-3	4.337E-2
5.663	-1.486E-3	4.394E-2
5.671	-1.193E-3	4.452E-2
5.679	-7.987E-4	4.505E-2
5.688	-3.771E-4	4.547E-2
5.696	5.906E-5	4.575E-2
5.704	4.667E-4	4.583E-2
5.713	7.677E-4	4.573E-2
5.721	9.513E-4	4.544E-2
5.730	9.636E-4	4.501E-2
5.738	8.290E-4	4.449E-2
5.746	5.065E-4	4.391E-2
5.755	9.644E-5	4.338E-2
5.763	-3.759E-4	4.295E-2
5.771	-8.532E-4	4.266E-2
5.780	-1.304E-3	4.257E-2
5.788	-1.630E-3	4.267E-2
5.797	-1.840E-3	4.294E-2
5.805	-1.871E-3	4.335E-2
5.813	-1.806E-3	4.385E-2
5.822	-1.566E-3	4.436E-2
5.830	-1.169E-3	4.486E-2
5.838	-6.978E-4	4.526E-2
5.847	-1.980E-4	4.554E-2
5.855	2.770E-4	4.568E-2
5.864	7.132E-4	4.565E-2
5.872	1.003E-3	4.541E-2
5.880	1.165E-3	4.504E-2
5.889	1.131E-3	4.457E-2
5.897	9.140E-4	4.406E-2
5.905	5.158E-4	4.359E-2
5.914	3.822E-5	4.317E-2
5.922	-4.833E-4	4.290E-2
5.931	-1.004E-3	4.277E-2
5.939	-1.475E-3	4.278E-2
5.947	-1.819E-3	4.295E-2
5.956	-2.008E-3	4.328E-2
5.964	-2.022E-3	4.372E-2
5.972	-1.842E-3	4.416E-2
5.981	-1.528E-3	4.461E-2
5.989	-1.088E-3	4.500E-2
5.998	-5.553E-4	4.529E-2
6.006	2.062E-6	4.544E-2
6.014	5.161E-4	4.545E-2
6.023	9.448E-4	4.527E-2
6.031	1.193E-3	4.499E-2
6.039	1.252E-3	4.459E-2
6.048	1.137E-3	4.415E-2
6.056	7.949E-4	4.373E-2
6.065	3.099E-4	4.337E-2
6.073	-2.377E-4	4.311E-2
6.081	-8.274E-4	4.296E-2
6.090	-1.361E-3	4.295E-2
6.098	-1.799E-3	4.309E-2
6.106	-2.070E-3	4.335E-2
6.115	-2.161E-3	4.369E-2
6.123	-2.129E-3	4.408E-2
6.132	-1.824E-3	4.448E-2
6.140	-1.391E-3	4.484E-2
6.148	-8.432E-4	4.508E-2
6.157	-2.544E-4	4.524E-2
6.165	3.292E-4	4.525E-2
6.173	8.438E-4	4.518E-2
6.182	1.193E-3	4.497E-2
6.190	1.392E-3	4.467E-2
6.199	1.375E-3	4.433E-2
6.207	1.149E-3	4.397E-2
6.215	7.016E-4	4.365E-2
6.224	1.213E-4	4.340E-2
6.232	-4.958E-4	4.323E-2
6.240	-1.107E-3	4.318E-2
6.249	-1.612E-3	4.325E-2
6.257	-2.015E-3	4.341E-2
6.266	-2.241E-3	4.366E-2
6.274	-2.259E-3	4.400E-2
6.282	-2.062E-3	4.432E-2
6.291	-1.681E-3	4.460E-2
6.299	-1.193E-3	4.483E-2
6.308	-5.772E-4	4.500E-2
6.316	4.831E-5	4.503E-2
6.324	6.556E-4	4.501E-2
6.333	1.152E-3	4.482E-2
6.341	1.435E-3	4.458E-2
6.349	1.504E-3	4.431E-2
6.358	1.360E-3	4.406E-2
6.366	9.797E-4	4.381E-2
6.375	4.407E-4	4.360E-2
6.383	-1.869E-4	4.345E-2
6.391	-8.453E-4	4.340E-2
6.400	-1.444E-3	4.342E-2
6.408	-1.890E-3	4.355E-2
6.416	-2.215E-3	4.374E-2
6.425	-2.306E-3	4.400E-2
6.433	-2.221E-3	4.425E-2
6.442	-1.933E-3	4.449E-2
6.450	-1.496E-3	4.469E-2
6.458	-8.922E-4	4.481E-2
6.467	-2.347E-4	4.485E-2
6.475	4.215E-4	4.482E-2
6.483	9.929E-4	4.474E-2
6.492	1.395E-3	4.458E-2
6.500	1.601E-3	4.437E-2
6.509	1.544E-3	4.418E-2
6.517	1.214E-3	4.398E-2
6.525	7.208E-4	4.385E-2
6.534	9.691E-5	4.373E-2
6.542	-5.842E-4	4.371E-2
6.550	-1.252E-3	4.368E-2
6.559	-1.811E-3	4.373E-2
6.567	-2.204E-3	4.387E-2
6.576	-2.405E-3	4.401E-2
6.584	-2.424E-3	4.417E-2
6.592	-2.235E-3	4.431E-2
6.601	-1.830E-3	4.443E-2
6.609	-1.278E-3	4.453E-2
6.617	-6.258E-4	4.457E-2
6.626	5.535E-5	4.457E-2
6.634	6.888E-4	4.456E-2
6.643	1.193E-3	4.445E-2
6.651	1.503E-3	4.436E-2
6.659	1.564E-3	4.425E-2
6.668	1.384E-3	4.414E-2
6.676	9.686E-4	4.407E-2
6.684	3.580E-4	4.401E-2
6.693	-3.139E-4	4.402E-2
6.701	-1.011E-3	4.400E-2
6.710	-1.626E-3	4.403E-2
6.718	-2.081E-3	4.407E-2
6.726	-2.342E-3	4.412E-2
6.735	-2.448E-3	4.415E-2
6.743	-2.313E-3	4.417E-2
6.751	-1.984E-3	4.424E-2
6.760	-1.493E-3	4.431E-2
6.768	-8.713E-4	4.432E-2
6.777	-1.966E-4	4.432E-2
6.785	4.693E-4	4.432E-2
6.793	1.041E-3	4.432E-2
6.802	1.413E-3	4.428E-2
6.810	1.606E-3	4.426E-2
6.818	1.502E-3	4.426E-2
6.827	1.174E-3	4.427E-2
6.835	6.610E-4	4.426E-2
6.844	2.804E-5	4.427E-2
6.852	-6.572E-4	4.427E-2
6.860	-1.316E-3	4.427E-2
6.869	-1.843E-3	4.427E-2
6.877	-2.230E-3	4.427E-2
6.885	-2.397E-3	4.424E-2
6.894	-2.365E-3	4.425E-2
6.902	-2.111E-3	4.424E-2
6.911	-1.664E-3	4.418E-2
6.919	-1.088E-3	4.414E-2
6.927	-4.292E-4	4.412E-2
6.936	2.427E-4	4.411E-2
6.944	8.526E-4	4.412E-2
6.952	1.292E-3	4.412E-2
6.961	1.554E-3	4.422E-2
6.969	1.541E-3	4.430E-2
6.978	1.282E-3	4.435E-2
6.986	8.305E-4	4.441E-2
6.994	2.235E-4	4.444E-2
7.003	-4.240E-4	4.447E-2
7.011	-1.086E-3	4.448E-2
7.020	-1.654E-3	4.445E-2
7.028	-2.079E-3	4.437E-2
7.036	-2.321E-3	4.427E-2
7.045	-2.340E-3	4.415E-2
7.053	-2.213E-3	4.404E-2
7.061	-1.859E-3	4.392E-2
7.070	-1.351E-3	4.386E-2
7.078	-7.326E-4	4.383E-2
7.087	-7.100E-5	4.384E-2
7.095	5.394E-4	4.389E-2
7.103	1.061E-3	4.400E-2
7.112	1.388E-3	4.412E-2
7.120	1.517E-3	4.429E-2
7.128	1.389E-3	4.444E-2
7.137	1.058E-3	4.458E-2
7.145	5.121E-4	4.469E-2
7.154	-1.009E-4	4.472E-2
7.162	-7.515E-4	4.474E-2
7.170	-1.354E-3	4.468E-2
7.179	-1.836E-3	4.456E-2
7.187	-2.140E-3	4.437E-2
7.195	-2.283E-3	4.417E-2
7.204	-2.241E-3	4.396E-2
7.212	-1.986E-3	4.381E-2
7.221	-1.572E-3	4.368E-2
7.229	-1.018E-3	4.360E-2
7.237	-4.082E-4	4.360E-2
7.246	2.253E-4	4.366E-2
7.254	7.651E-4	4.382E-2
7.262	1.183E-3	4.402E-2
7.271	1.400E-3	4.426E-2
7.279	1.406E-3	4.450E-2
7.288	1.177E-3	4.473E-2
7.296	7.501E-4	4.490E-2
7.304	2.089E-4	4.500E-2
7.313	-3.957E-4	4.500E-2
7.321	-1.007E-3	4.493E-2
7.329	-1.552E-3	4.476E-2
7.338	-1.925E-3	4.452E-2
7.346	-2.177E-3	4.427E-2
7.355	-2.251E-3	4.400E-2
7.363	-2.082E-3	4.377E-2
7.371	-1.744E-3	4.358E-2
7.380	-1.286E-3	4.345E-2
7.388	-7.072E-4	4.341E-2
7.396	-1.208E-4	4.346E-2
7.405	4.416E-4	4.363E-2
7.413	9.233E-4	4.387E-2
7.422	1.202E-3	4.416E-2
7.430	1.314E-3	4.446E-2
7.438	1.162E-3	4.477E-2
7.447	8.826E-4	4.500E-2
7.455	4.240E-4	4.515E-2
7.463	-1.275E-4	4.518E-2
7.472	-6.964E-4	4.515E-2
7.480	-1.219E-3	4.497E-2
7.489	-1.659E-3	4.470E-2
7.497	-1.941E-3	4.437E-2
7.505	-2.078E-3	4.402E-2
7.514	-2.033E-3	4.368E-2
7.522	-1.802E-3	4.340E-2
7.530	-1.398E-3	4.322E-2
7.539	-8.929E-4	4.315E-2
7.547	-3.672E-4	4.319E-2
7.556	1.671E-4	4.339E-2
7.564	6.231E-4	4.366E-2
7.572	9.534E-4	4.403E-2
7.581	1.149E-3	4.441E-2
7.589	1.155E-3	4.476E-2
7.597	9.549E-4	4.505E-2
7.606	5.843E-4	4.526E-2
7.614	8.806E-5	4.532E-2
7.623	-4.318E-4	4.527E-2
7.631	-9.223E-4	4.506E-2
7.639	-1.372E-3	4.477E-2
7.648	-1.693E-3	4.437E-2
7.656	-1.881E-3	4.398E-2
7.664	-1.893E-3	4.360E-2
7.673	-1.788E-3	4.325E-2
7.681	-1.508E-3	4.300E-2
7.690	-1.120E-3	4.290E-2
7.698	-6.397E-4	4.294E-2
7.706	-1.560E-4	4.313E-2
7.715	3.067E-4	4.342E-2
7.723	6.939E-4	4.383E-2
7.732	9.479E-4	4.428E-2
7.740	1.010E-3	4.472E-2
7.748	9.432E-4	4.507E-2
7.757	6.979E-4	4.533E-2
7.765	3.080E-4	4.546E-2
7.773	-1.472E-4	4.547E-2
7.782	-6.197E-4	4.526E-2
7.790	-1.072E-3	4.497E-2
7.799	-1.415E-3	4.455E-2
7.807	-1.636E-3	4.409E-2
7.815	-1.777E-3	4.363E-2
7.824	-1.739E-3	4.321E-2
7.832	-1.580E-3	4.292E-2
7.840	-1.283E-3	4.274E-2
7.849	-8.852E-4	4.274E-2
7.857	-4.481E-4	4.292E-2
7.866	4.090E-6	4.320E-2
7.874	4.113E-4	4.363E-2
7.882	7.064E-4	4.411E-2
7.891	9.002E-4	4.460E-2
7.899	9.214E-4	4.503E-2
7.907	7.529E-4	4.539E-2
7.916	5.012E-4	4.558E-2
7.924	1.269E-4	4.559E-2
7.933	-2.744E-4	4.546E-2
7.941	-6.735E-4	4.515E-2
7.949	-1.056E-3	4.475E-2
7.958	-1.354E-3	4.425E-2
7.966	-1.546E-3	4.374E-2
7.974	-1.595E-3	4.330E-2
7.983	-1.540E-3	4.295E-2
7.991	-1.349E-3	4.271E-2
8.000	-1.047E-3	4.268E-2
8.008	-6.860E-4	4.280E-2
8.016	-2.825E-4	4.314E-2
8.025	6.426E-5	4.355E-2
8.033	4.108E-4	4.409E-2
8.041	6.595E-4	4.461E-2
8.050	7.429E-4	4.509E-2
8.058	7.278E-4	4.547E-2
8.067	5.539E-4	4.570E-2
8.075	2.928E-4	4.576E-2
8.083	-8.737E-6	4.565E-2
8.092	-3.878E-4	4.536E-2
8.100	-7.163E-4	4.495E-2
8.108	-1.017E-3	4.443E-2
8.117	-1.288E-3	4.391E-2
8.125	-1.404E-3	4.338E-2
8.134	-1.407E-3	4.296E-2
8.142	-1.349E-3	4.268E-2
8.150	-1.141E-3	4.257E-2
8.159	-8.744E-4	4.270E-2
8.167	-5.639E-4	4.296E-2
8.175	-2.368E-4	4.338E-2
8.184	5.771E-5	4.389E-2
8.192	3.087E-4	4.447E-2
8.201	4.926E-4	4.501E-2
8.209	5.708E-4	4.546E-2
8.217	5.084E-4	4.574E-2
8.226	4.024E-4	4.586E-2
8.234	1.322E-4	4.580E-2
8.242	-1.784E-4	4.551E-2
8.251	-4.678E-4	4.506E-2
8.259	-7.377E-4	4.455E-2
8.268	-9.683E-4	4.398E-2
8.276	-1.164E-3	4.345E-2
8.284	-1.294E-3	4.297E-2
8.293	-1.323E-3	4.264E-2
8.301	-1.288E-3	4.249E-2
8.309	-1.111E-3	4.254E-2
8.318	-8.677E-4	4.276E-2
8.326	-5.909E-4	4.315E-2
8.335	-2.854E-4	4.367E-2
8.343	2.970E-6	4.426E-2
8.351	2.364E-4	4.483E-2
8.360	4.226E-4	4.531E-2
8.368	4.907E-4	4.567E-2
8.376	4.781E-4	4.585E-2
8.385	3.320E-4	4.583E-2
8.393	1.322E-4	4.564E-2
8.402	-1.360E-4	4.524E-2
8.410	-4.230E-4	4.473E-2
8.418	-6.857E-4	4.415E-2
8.427	-9.075E-4	4.358E-2
8.435	-1.115E-3	4.310E-2
8.444	-1.192E-3	4.271E-2
8.452	-1.181E-3	4.251E-2
8.460	-1.160E-3	4.250E-2
8.469	-9.800E-4	4.268E-2
8.477	-7.697E-4	4.304E-2
8.485	-5.614E-4	4.357E-2
8.494	-2.872E-4	4.414E-2
8.502	-2.338E-6	4.474E-2
8.511	2.251E-4	4.526E-2
8.519	3.664E-4	4.565E-2
8.527	4.607E-4	4.588E-2
8.536	4.655E-4	4.592E-2
8.544	3.427E-4	4.574E-2
8.552	1.871E-4	4.538E-2
8.561	-1.514E-5	4.490E-2
8.569	-2.651E-4	4.433E-2
8.578	-5.324E-4	4.375E-2
8.586	-8.123E-4	4.324E-2
8.594	-1.007E-3	4.281E-2
8.603	-1.159E-3	4.260E-2
8.611	-1.157E-3	4.256E-2
8.619	-1.150E-3	4.267E-2
8.628	-1.054E-3	4.300E-2
8.636	-8.735E-4	4.344E-2
8.645	-6.488E-4	4.400E-2
8.653	-3.817E-4	4.459E-2
8.661	-1.189E-4	4.511E-2
8.670	9.654E-5	4.551E-2
8.678	2.714E-4	4.577E-2
8.686	4.158E-4	4.586E-2
8.695	4.496E-4	4.574E-2
8.703	3.743E-4	4.545E-2
8.712	2.138E-4	4.499E-2
8.720	-1.129E-6	4.445E-2
8.728	-2.529E-4	4.388E-2
8.737	-5.325E-4	4.336E-2
8.745	-8.419E-4	4.291E-2
8.753	-1.075E-3	4.263E-2
8.762	-1.199E-3	4.252E-2
8.770	-1.208E-3	4.263E-2
8.779	-1.207E-3	4.292E-2
8.787	-1.110E-3	4.333E-2
8.795	-8.934E-4	4.386E-2
8.804	-6.584E-4	4.442E-2
8.812	-3.846E-4	4.499E-2
8.820	-9.593E-5	4.544E-2
8.829	1.818E-4	4.574E-2
8.837	4.052E-4	4.585E-2
8.846	4.890E-4	4.579E-2
8.854	5.105E-4	4.553E-2
8.862	4.655E-4	4.509E-2
8.871	2.777E-4	4.456E-2
8.879	3.686E-5	4.402E-2
8.887	-2.412E-4	4.351E-2
8.896	-5.683E-4	4.308E-2
8.904	-8.775E-4	4.276E-2
8.913	-1.132E-3	4.260E-2
8.921	-1.320E-3	4.265E-2
8.929	-1.381E-3	4.292E-2
8.938	-1.365E-3	4.325E-2
8.946	-1.207E-3	4.372E-2
8.954	-9.546E-4	4.423E-2
8.963	-6.704E-4	4.479E-2
8.971	-3.655E-4	4.525E-2
8.980	-1.389E-5	4.556E-2
8.988	2.717E-4	4.571E-2
8.996	5.067E-4	4.571E-2
9.005	6.810E-4	4.550E-2
9.013	7.040E-4	4.514E-2
9.021	5.858E-4	4.470E-2
9.030	3.507E-4	4.418E-2
9.038	4.666E-5	4.365E-2
9.047	-2.742E-4	4.319E-2
9.055	-6.396E-4	4.287E-2
9.063	-9.508E-4	4.270E-2
9.072	-1.229E-3	4.270E-2
9.080	-1.419E-3	4.288E-2
9.089	-1.487E-3	4.318E-2
9.097	-1.440E-3	4.361E-2
9.105	-1.285E-3	4.409E-2
9.114	-1.008E-3	4.459E-2
9.122	-6.864E-4	4.503E-2
9.130	-2.893E-4	4.538E-2
9.139	7.409E-5	4.557E-2
9.147	4.276E-4	4.557E-2
9.156	6.978E-4	4.544E-2
9.164	7.864E-4	4.516E-2
9.172	7.588E-4	4.476E-2
9.181	6.573E-4	4.429E-2
9.189	3.729E-4	4.382E-2
9.197	1.092E-5	4.339E-2
9.206	-3.996E-4	4.307E-2
9.214	-8.077E-4	4.289E-2
9.223	-1.170E-3	4.288E-2
9.231	-1.428E-3	4.296E-2
9.239	-1.591E-3	4.320E-2
9.248	-1.607E-3	4.358E-2
9.256	-1.542E-3	4.401E-2
9.264	-1.318E-3	4.448E-2
9.273	-9.504E-4	4.492E-2
9.281	-5.547E-4	4.526E-2
9.290	-1.644E-4	4.546E-2
9.298	2.562E-4	4.551E-2
9.306	6.150E-4	4.543E-2
9.315	8.203E-4	4.521E-2
9.323	9.144E-4	4.485E-2
9.331	8.751E-4	4.442E-2
9.340	6.648E-4	4.402E-2
9.348	3.028E-4	4.362E-2
9.357	-1.267E-4	4.331E-2
9.365	-5.927E-4	4.312E-2
9.373	-1.041E-3	4.305E-2
9.382	-1.406E-3	4.312E-2
9.390	-1.638E-3	4.334E-2
9.398	-1.786E-3	4.363E-2
9.407	-1.774E-3	4.400E-2
9.415	-1.599E-3	4.441E-2
9.424	-1.303E-3	4.477E-2
9.432	-8.862E-4	4.507E-2
9.440	-4.264E-4	4.527E-2
9.449	4.480E-5	4.535E-2
9.457	4.800E-4	4.531E-2
9.465	8.165E-4	4.514E-2
9.474	9.762E-4	4.487E-2
9.482	9.880E-4	4.451E-2
9.491	8.854E-4	4.413E-2
9.499	5.483E-4	4.377E-2
9.507	1.176E-4	4.348E-2
9.516	-3.718E-4	4.325E-2
9.524	-8.632E-4	4.315E-2
9.532	-1.328E-3	4.316E-2
9.541	-1.656E-3	4.334E-2
9.549	-1.850E-3	4.358E-2
9.558	-1.881E-3	4.388E-2
9.566	-1.801E-3	4.421E-2
9.574	-1.559E-3	4.455E-2
9.583	-1.151E-3	4.483E-2
9.591	-6.702E-4	4.503E-2
9.599	-1.682E-4	4.512E-2
9.608	3.119E-4	4.514E-2
9.616	7.300E-4	4.503E-2
9.625	1.021E-3	4.481E-2
9.633	1.160E-3	4.453E-2
9.641	1.105E-3	4.423E-2
9.650	8.844E-4	4.393E-2
9.658	4.693E-4	4.365E-2
9.666	-1.338E-5	4.345E-2
9.675	-5.372E-4	4.335E-2
9.683	-1.090E-3	4.336E-2
9.692	-1.529E-3	4.343E-2
9.700	-1.829E-3	4.362E-2
9.708	-1.994E-3	4.386E-2
9.717	-1.975E-3	4.412E-2
9.725	-1.795E-3	4.437E-2
9.733	-1.422E-3	4.459E-2
9.742	-9.371E-4	4.477E-2
9.750	-4.217E-4	4.488E-2
9.759	1.081E-4	4.486E-2
9.767	5.950E-4	4.478E-2
9.775	9.644E-4	4.463E-2
9.784	1.175E-3	4.441E-2
9.792	1.191E-3	4.417E-2
9.801	1.017E-3	4.392E-2
9.809	6.742E-4	4.369E-2
9.817	2.038E-4	4.354E-2
9.826	-3.460E-4	4.347E-2
9.834	-8.935E-4	4.342E-2
9.842	-1.395E-3	4.347E-2
9.851	-1.792E-3	4.360E-2
9.859	-2.027E-3	4.378E-2
9.868	-2.069E-3	4.401E-2
9.876	-1.942E-3	4.422E-2
9.884	-1.654E-3	4.440E-2
9.893	-1.214E-3	4.455E-2
9.901	-6.641E-4	4.462E-2
9.909	-1.109E-4	4.460E-2
9.918	4.392E-4	4.458E-2
9.926	9.131E-4	4.450E-2
9.935	1.202E-3	4.436E-2
9.943	1.339E-3	4.420E-2
9.951	1.224E-3	4.407E-2
9.960	9.471E-4	4.390E-2
9.968	4.915E-4	4.381E-2
9.976	-4.076E-5	4.376E-2
9.985	-6.129E-4	4.374E-2
9.993	-1.172E-3	4.381E-2
10.002	-1.611E-3	4.386E-2
10.010	-1.923E-3	4.397E-2
10.018	-2.073E-3	4.410E-2
10.027	-2.040E-3	4.423E-2
10.035	-1.813E-3	4.436E-2
10.043	-1.423E-3	4.445E-2
10.052	-8.939E-4	4.450E-2
10.060	-3.407E-4	4.451E-2
10.069	2.295E-4	4.452E-2
10.077	7.395E-4	4.449E-2
10.085	1.140E-3	4.443E-2
10.094	1.348E-3	4.434E-2
10.102	1.361E-3	4.427E-2
10.110	1.167E-3	4.418E-2
10.119	7.546E-4	4.410E-2
10.127	2.300E-4	4.405E-2
10.136	-3.519E-4	4.405E-2
10.144	-9.261E-4	4.405E-2
10.152	-1.431E-3	4.409E-2
10.161	-1.804E-3	4.409E-2
10.169	-2.031E-3	4.415E-2
10.177	-2.053E-3	4.419E-2
10.186	-1.894E-3	4.427E-2
10.194	-1.568E-3	4.431E-2
10.203	-1.111E-3	4.432E-2
10.211	-5.573E-4	4.432E-2
10.219	1.029E-5	4.431E-2
10.228	5.412E-4	4.430E-2
10.236	9.833E-4	4.428E-2
10.244	1.250E-3	4.427E-2
10.253	1.360E-3	4.427E-2
10.261	1.218E-3	4.427E-2
10.270	9.163E-4	4.428E-2
10.278	4.411E-4	4.428E-2
10.286	-1.263E-4	4.429E-2
10.295	-7.035E-4	4.429E-2
10.303	-1.245E-3	4.430E-2
10.311	-1.707E-3	4.430E-2
10.320	-2.026E-3	4.429E-2
10.328	-2.108E-3	4.426E-2
10.337	-2.044E-3	4.425E-2
10.345	-1.793E-3	4.422E-2
10.353	-1.381E-3	4.421E-2
10.362	-8.633E-4	4.423E-2
10.370	-2.831E-4	4.424E-2
10.378	2.947E-4	4.425E-2
10.387	7.674E-4	4.427E-2
10.395	1.150E-3	4.431E-2
10.404	1.315E-3	4.435E-2
10.412	1.231E-3	4.438E-2
10.420	9.997E-4	4.442E-2
10.429	5.768E-4	4.449E-2
10.437	4.728E-5	4.453E-2
10.445	-5.170E-4	4.453E-2
10.454	-1.060E-3	4.452E-2
10.462	-1.549E-3	4.450E-2
10.471	-1.876E-3	4.445E-2
10.479	-2.064E-3	4.433E-2
10.487	-2.059E-3	4.422E-2
10.496	-1.863E-3	4.412E-2
10.504	-1.552E-3	4.404E-2
10.513	-1.093E-3	4.398E-2
10.521	-5.360E-4	4.400E-2
10.529	1.607E-5	4.402E-2
10.538	5.267E-4	4.407E-2
10.546	9.439E-4	4.413E-2
10.554	1.186E-3	4.426E-2
10.563	1.233E-3	4.440E-2
10.571	1.114E-3	4.452E-2
10.580	7.583E-4	4.462E-2
10.588	2.916E-4	4.471E-2
10.596	-2.283E-4	4.475E-2
10.605	-7.903E-4	4.474E-2
10.613	-1.317E-3	4.466E-2
10.621	-1.700E-3	4.455E-2
10.630	-1.974E-3	4.439E-2
10.638	-2.064E-3	4.419E-2
10.647	-1.964E-3	4.405E-2
10.655	-1.717E-3	4.388E-2
10.663	-1.350E-3	4.379E-2
10.672	-8.423E-4	4.377E-2
10.680	-3.076E-4	4.378E-2
10.688	2.006E-4	4.384E-2
10.697	6.717E-4	4.398E-2
10.705	9.866E-4	4.416E-2
10.714	1.149E-3	4.434E-2
10.722	1.121E-3	4.454E-2
10.730	9.037E-4	4.474E-2
10.739	4.854E-4	4.485E-2
10.747	1.389E-5	4.491E-2
10.755	-5.099E-4	4.493E-2
10.764	-1.007E-3	4.483E-2
10.772	-1.440E-3	4.467E-2
10.781	-1.756E-3	4.449E-2
10.789	-1.883E-3	4.426E-2
10.797	-1.853E-3	4.403E-2
10.806	-1.680E-3	4.381E-2
10.814	-1.385E-3	4.364E-2
10.822	-9.235E-4	4.355E-2
10.831	-4.399E-4	4.356E-2
10.839	5.913E-5	4.364E-2
10.848	5.075E-4	4.382E-2
10.856	8.846E-4	4.405E-2
10.864	1.072E-3	4.431E-2
10.873	1.095E-3	4.456E-2
10.881	9.339E-4	4.480E-2
10.889	6.267E-4	4.500E-2
10.898	1.954E-4	4.509E-2
10.906	-2.705E-4	4.507E-2
10.915	-7.435E-4	4.500E-2
10.923	-1.164E-3	4.481E-2
10.931	-1.525E-3	4.455E-2
10.940	-1.758E-3	4.425E-2
10.948	-1.809E-3	4.397E-2
10.956	-1.716E-3	4.370E-2
10.965	-1.505E-3	4.345E-2
10.973	-1.158E-3	4.333E-2
10.982	-6.936E-4	4.330E-2
10.990	-2.238E-4	4.338E-2
10.998	2.409E-4	4.358E-2
11.007	6.178E-4	4.385E-2
11.015	8.715E-4	4.415E-2
11.023	9.644E-4	4.448E-2
11.032	9.340E-4	4.479E-2
11.040	7.134E-4	4.504E-2
11.049	3.696E-4	4.521E-2
11.057	-4.048E-5	4.524E-2
11.065	-4.754E-4	4.518E-2
11.074	-8.943E-4	4.500E-2
11.082	-1.291E-3	4.472E-2
11.090	-1.555E-3	4.436E-2
11.099	-1.654E-3	4.401E-2
11.107	-1.627E-3	4.366E-2
11.116	-1.495E-3	4.338E-2
11.124	-1.215E-3	4.320E-2
11.132	-8.527E-4	4.313E-2
11.141	-4.369E-4	4.317E-2
11.149	-2.141E-6	4.338E-2
11.157	3.593E-4	4.366E-2
11.166	6.693E-4	4.402E-2
11.174	8.317E-4	4.440E-2
11.183	8.375E-4	4.475E-2
11.191	7.000E-4	4.506E-2
11.199	4.672E-4	4.527E-2
11.208	1.248E-4	4.533E-2
11.216	-2.589E-4	4.526E-2
11.225	-6.533E-4	4.508E-2
11.233	-9.930E-4	4.478E-2
11.241	-1.335E-3	4.439E-2
11.250	-1.519E-3	4.399E-2
11.258	-1.567E-3	4.361E-2
11.266	-1.535E-3	4.327E-2
11.275	-1.357E-3	4.308E-2
11.283	-1.073E-3	4.297E-2
11.292	-7.106E-4	4.300E-2
11.300	-3.302E-4	4.316E-2
11.308	1.240E-5	4.345E-2
11.317	3.195E-4	4.384E-2
11.325	5.314E-4	4.426E-2
11.333	6.563E-4	4.469E-2
11.342	6.637E-4	4.506E-2
11.350	4.897E-4	4.531E-2
11.359	2.525E-4	4.544E-2
11.367	-3.326E-5	4.544E-2
11.375	-3.937E-4	4.526E-2
11.384	-7.229E-4	4.498E-2
11.392	-1.006E-3	4.458E-2
11.400	-1.267E-3	4.412E-2
11.409	-1.392E-3	4.366E-2
11.417	-1.387E-3	4.329E-2
11.426	-1.326E-3	4.302E-2
11.434	-1.137E-3	4.286E-2
11.442	-8.586E-4	4.288E-2
11.451	-5.400E-4	4.304E-2
11.459	-2.283E-4	4.335E-2
11.467	6.297E-5	4.376E-2
11.476	2.967E-4	4.422E-2
11.484	4.740E-4	4.469E-2
11.493	5.227E-4	4.511E-2
11.501	4.757E-4	4.539E-2
11.509	3.087E-4	4.558E-2
11.518	7.539E-5	4.563E-2
11.526	-2.071E-4	4.549E-2
11.534	-4.785E-4	4.521E-2
11.543	-7.444E-4	4.481E-2
11.551	-9.573E-4	4.434E-2
11.560	-1.141E-3	4.385E-2
11.568	-1.199E-3	4.341E-2
11.576	-1.189E-3	4.308E-2
11.585	-1.102E-3	4.290E-2
11.593	-9.020E-4	4.286E-2
11.601	-6.705E-4	4.297E-2
11.610	-4.116E-4	4.324E-2
11.618	-1.539E-4	4.362E-2
11.627	7.982E-5	4.408E-2
11.635	2.791E-4	4.455E-2
11.643	4.242E-4	4.501E-2
11.652	4.787E-4	4.537E-2
11.660	4.270E-4	4.562E-2
11.668	2.844E-4	4.570E-2
11.677	6.596E-5	4.558E-2
11.685	-1.812E-4	4.534E-2
11.694	-4.346E-4	4.493E-2
11.702	-6.697E-4	4.447E-2
11.710	-8.832E-4	4.398E-2
11.719	-1.066E-3	4.353E-2
11.727	-1.130E-3	4.315E-2
11.735	-1.125E-3	4.291E-2
11.744	-1.044E-3	4.282E-2
11.752	-8.905E-4	4.293E-2
11.761	-6.734E-4	4.316E-2
11.769	-4.407E-4	4.354E-2
11.777	-2.033E-4	4.403E-2
11.786	2.789E-5	4.454E-2
11.794	2.184E-4	4.499E-2
11.802	3.004E-4	4.540E-2
11.811	3.220E-4	4.568E-2
11.819	3.019E-4	4.577E-2
11.828	1.906E-4	4.569E-2
11.836	1.998E-5	4.546E-2
11.844	-2.001E-4	4.507E-2
11.853	-4.287E-4	4.459E-2
11.861	-6.573E-4	4.408E-2
11.870	-8.620E-4	4.360E-2
11.878	-9.545E-4	4.318E-2
11.886	-1.074E-3	4.289E-2
11.895	-1.095E-3	4.276E-2
11.903	-1.008E-3	4.278E-2
11.911	-9.059E-4	4.297E-2
11.920	-7.010E-4	4.333E-2
11.928	-4.752E-4	4.380E-2
11.937	-2.428E-4	4.431E-2
11.945	-1.453E-5	4.479E-2
11.953	1.453E-4	4.521E-2
11.962	2.478E-4	4.552E-2
11.970	2.860E-4	4.568E-2
11.978	2.787E-4	4.568E-2
11.987	2.063E-4	4.547E-2
11.995	4.376E-5	4.511E-2
12.004	-1.655E-4	4.466E-2
12.012	-4.005E-4	4.417E-2
12.020	-6.295E-4	4.364E-2
12.029	-8.186E-4	4.320E-2
12.037	-9.359E-4	4.289E-2
12.045	-1.073E-3	4.272E-2
12.054	-1.111E-3	4.272E-2
12.062	-1.062E-3	4.289E-2
12.071	-9.293E-4	4.320E-2
12.079	-7.437E-4	4.364E-2
12.087	-5.528E-4	4.413E-2
12.096	-3.509E-4	4.460E-2
12.104	-1.454E-4	4.505E-2
12.112	3.635E-5	4.539E-2
12.121	2.123E-4	4.560E-2
12.129	2.738E-4	4.564E-2
12.138	2.695E-4	4.550E-2
12.146	2.205E-4	4.520E-2
12.154	5.860E-5	4.478E-2
12.163	-1.403E-4	4.430E-2
12.171	-3.830E-4	4.380E-2
12.179	-6.273E-4	4.336E-2
12.188	-8.505E-4	4.301E-2
12.196	-9.960E-4	4.279E-2
12.205	-1.157E-3	4.273E-2
12.213	-1.177E-3	4.286E-2
12.221	-1.145E-3	4.315E-2
12.230	-9.825E-4	4.356E-2
12.238	-8.299E-4	4.404E-2
12.246	-6.272E-4	4.453E-2
12.255	-3.925E-4	4.498E-2
12.263	-1.510E-4	4.533E-2
12.272	6.538E-5	4.553E-2
12.280	2.364E-4	4.555E-2
12.288	3.294E-4	4.547E-2
12.297	3.207E-4	4.521E-2
12.305	2.490E-4	4.483E-2
12.313	9.590E-5	4.436E-2
12.322	-1.396E-4	4.388E-2
12.330	-4.032E-4	4.341E-2
12.339	-6.723E-4	4.307E-2
12.347	-9.047E-4	4.287E-2
12.355	-1.108E-3	4.281E-2
12.364	-1.215E-3	4.290E-2
12.372	-1.262E-3	4.314E-2
12.380	-1.215E-3	4.348E-2
12.389	-1.106E-3	4.391E-2
12.397	-8.968E-4	4.436E-2
12.406	-6.511E-4	4.480E-2
12.414	-3.685E-4	4.516E-2
12.422	-6.536E-5	4.542E-2
12.431	1.561E-4	4.552E-2
12.439	3.048E-4	4.548E-2
12.447	4.223E-4	4.524E-2
12.456	4.457E-4	4.491E-2
12.464	3.428E-4	4.452E-2
12.473	1.648E-4	4.407E-2
12.481	-1.398E-4	4.364E-2
12.489	-4.433E-4	4.327E-2
12.498	-7.211E-4	4.303E-2
12.506	-9.688E-4	4.291E-2
12.514	-1.178E-3	4.295E-2
12.523	-1.333E-3	4.313E-2
12.531	-1.370E-3	4.342E-2
12.540	-1.317E-3	4.383E-2
12.548	-1.144E-3	4.428E-2
12.556	-8.916E-4	4.470E-2
12.565	-6.007E-4	4.506E-2
12.573	-2.483E-4	4.529E-2
12.582	5.128E-5	4.542E-2
12.590	3.177E-4	4.543E-2
12.598	4.981E-4	4.525E-2
12.607	6.093E-4	4.497E-2
12.615	5.491E-4	4.460E-2
12.623	4.177E-4	4.418E-2
12.632	1.890E-4	4.377E-2
12.640	-1.368E-4	4.342E-2
12.649	-4.734E-4	4.316E-2
12.657	-8.250E-4	4.304E-2
12.665	-1.136E-3	4.306E-2
12.674	-1.357E-3	4.319E-2
12.682	-1.446E-3	4.344E-2
12.690	-1.429E-3	4.379E-2
12.699	-1.336E-3	4.418E-2
12.707	-1.116E-3	4.455E-2
12.716	-8.120E-4	4.489E-2
12.724	-4.589E-4	4.516E-2
12.732	-9.034E-5	4.531E-2
12.741	2.398E-4	4.530E-2
12.749	5.095E-4	4.519E-2
12.757	7.046E-4	4.497E-2
12.766	7.316E-4	4.466E-2
12.774	6.880E-4	4.431E-2
12.783	4.681E-4	4.394E-2
12.791	1.595E-4	4.360E-2
12.799	-2.299E-4	4.335E-2
12.808	-6.334E-4	4.320E-2
12.816	-9.681E-4	4.317E-2
12.824	-1.295E-3	4.326E-2
12.833	-1.507E-3	4.343E-2
12.841	-1.594E-3	4.370E-2
12.850	-1.560E-3	4.405E-2
12.858	-1.375E-3	4.438E-2
12.866	-1.095E-3	4.469E-2
12.875	-7.068E-4	4.496E-2
12.883	-2.906E-4	4.512E-2
12.891	6.750E-5	4.519E-2
12.900	4.410E-4	4.515E-2
12.908	7.025E-4	4.497E-2
12.917	8.554E-4	4.471E-2
12.925	7.977E-4	4.440E-2
12.933	6.546E-4	4.406E-2
12.942	3.484E-4	4.378E-2
12.950	-2.075E-5	4.356E-2
12.958	-4.443E-4	4.340E-2
12.967	-8.591E-4	4.336E-2
12.975	-1.225E-3	4.341E-2
12.984	-1.551E-3	4.357E-2
12.992	-1.671E-3	4.381E-2
13.000	-1.666E-3	4.408E-2
13.009	-1.568E-3	4.436E-2
13.017	-1.322E-3	4.463E-2
13.025	-9.344E-4	4.483E-2
13.034	-5.088E-4	4.497E-2
13.042	-4.750E-5	4.502E-2
13.051	3.633E-4	4.498E-2
13.059	6.959E-4	4.485E-2
13.067	9.371E-4	4.463E-2
13.076	9.814E-4	4.437E-2
13.084	8.999E-4	4.410E-2
13.092	6.544E-4	4.385E-2
13.101	2.866E-4	4.363E-2
13.109	-1.634E-4	4.350E-2
13.118	-6.325E-4	4.347E-2
13.126	-1.080E-3	4.346E-2
13.134	-1.415E-3	4.358E-2
13.143	-1.626E-3	4.376E-2
13.151	-1.750E-3	4.401E-2
13.159	-1.673E-3	4.425E-2
13.168	-1.467E-3	4.448E-2
13.176	-1.147E-3	4.468E-2
13.185	-7.133E-4	4.481E-2
13.193	-2.398E-4	4.485E-2
13.201	2.270E-4	4.483E-2
13.210	6.393E-4	4.474E-2
13.218	9.494E-4	4.459E-2
13.226	1.066E-3	4.438E-2
13.235	1.008E-3	4.416E-2
13.243	7.952E-4	4.397E-2
13.252	4.696E-4	4.383E-2
13.260	3.872E-5	4.370E-2
13.268	-4.386E-4	4.364E-2
13.277	-8.984E-4	4.364E-2
13.285	-1.335E-3	4.370E-2
13.294	-1.616E-3	4.382E-2
13.302	-1.799E-3	4.399E-2
13.310	-1.808E-3	4.415E-2
13.319	-1.636E-3	4.432E-2
13.327	-1.357E-3	4.446E-2
13.335	-9.385E-4	4.457E-2
13.344	-4.664E-4	4.461E-2
13.352	2.078E-5	4.459E-2
13.361	4.824E-4	4.454E-2
13.369	8.375E-4	4.444E-2
13.377	1.019E-3	4.434E-2
13.386	1.069E-3	4.418E-2
13.394	9.428E-4	4.406E-2
13.402	6.611E-4	4.393E-2
13.411	2.578E-4	4.384E-2
13.419	-2.204E-4	4.383E-2
13.428	-7.199E-4	4.383E-2
13.436	-1.164E-3	4.385E-2
13.444	-1.542E-3	4.391E-2
13.453	-1.789E-3	4.403E-2
13.461	-1.842E-3	4.412E-2
13.469	-1.793E-3	4.424E-2
13.478	-1.558E-3	4.433E-2
13.486	-1.175E-3	4.438E-2
13.495	-6.969E-4	4.439E-2
13.503	-1.979E-4	4.437E-2
13.511	2.710E-4	4.434E-2
13.520	6.994E-4	4.431E-2
13.528	9.809E-4	4.425E-2
13.536	1.136E-3	4.415E-2
13.545	1.070E-3	4.408E-2
13.553	8.206E-4	4.404E-2
13.562	4.509E-4	4.402E-2
13.570	-3.199E-6	4.402E-2
13.578	-4.986E-4	4.404E-2
13.587	-9.728E-4	4.406E-2
13.595	-1.379E-3	4.409E-2
13.603	-1.675E-3	4.412E-2
13.612	-1.805E-3	4.415E-2
13.620	-1.802E-3	4.418E-2
13.629	-1.622E-3	4.416E-2
13.637	-1.320E-3	4.420E-2
13.645	-8.765E-4	4.424E-2
13.654	-4.027E-4	4.426E-2
13.662	8.541E-5	4.426E-2
13.670	5.273E-4	4.426E-2
13.679	9.047E-4	4.426E-2
13.687	1.105E-3	4.424E-2
13.696	1.157E-3	4.425E-2
13.704	9.892E-4	4.426E-2
13.712	6.742E-4	4.427E-2
13.721	2.442E-4	4.428E-2
13.729	-2.432E-4	4.428E-2
13.737	-7.402E-4	4.429E-2
13.746	-1.180E-3	4.431E-2
13.754	-1.534E-3	4.431E-2
13.763	-1.766E-3	4.430E-2
13.771	-1.815E-3	4.427E-2
13.779	-1.732E-3	4.427E-2
13.788	-1.488E-3	4.427E-2
13.796	-1.114E-3	4.419E-2
13.804	-6.438E-4	4.418E-2
13.813	-1.638E-4	4.415E-2
13.821	3.038E-4	4.412E-2
13.830	7.103E-4	4.412E-2
13.838	9.691E-4	4.411E-2
13.846	1.087E-3	4.422E-2
13.855	9.613E-4	4.429E-2
13.863	7.206E-4	4.434E-2
13.871	3.344E-4	4.439E-2
13.880	-1.473E-4	4.441E-2
13.888	-6.378E-4	4.438E-2
13.897	-1.107E-3	4.436E-2
13.905	-1.481E-3	4.433E-2
13.913	-1.779E-3	4.428E-2
13.922	-1.872E-3	4.418E-2
13.930	-1.835E-3	4.408E-2
13.938	-1.628E-3	4.399E-2
13.947	-1.307E-3	4.392E-2
13.955	-8.727E-4	4.385E-2
13.964	-4.046E-4	4.384E-2
13.972	6.047E-5	4.386E-2
13.980	4.974E-4	4.390E-2
13.989	8.121E-4	4.403E-2
13.997	9.669E-4	4.412E-2
14.006	9.615E-4	4.426E-2
14.014	7.857E-4	4.437E-2
14.022	4.646E-4	4.447E-2
14.031	4.651E-5	4.456E-2
14.039	-4.223E-4	4.456E-2
14.047	-8.848E-4	4.456E-2
14.056	-1.307E-3	4.449E-2
14.064	-1.613E-3	4.437E-2
14.073	-1.794E-3	4.425E-2
14.081	-1.825E-3	4.409E-2
14.089	-1.662E-3	4.393E-2
14.098	-1.398E-3	4.381E-2
14.106	-1.013E-3	4.371E-2
14.114	-5.966E-4	4.365E-2
14.123	-1.490E-4	4.365E-2
14.131	2.756E-4	4.376E-2
14.140	6.572E-4	4.388E-2
14.148	9.136E-4	4.407E-2
14.156	9.652E-4	4.426E-2
14.165	9.005E-4	4.444E-2
14.173	6.582E-4	4.461E-2
14.181	2.819E-4	4.472E-2
14.190	-1.568E-4	4.477E-2
14.198	-6.222E-4	4.477E-2
14.207	-1.053E-3	4.468E-2
14.215	-1.390E-3	4.454E-2
14.223	-1.605E-3	4.435E-2
14.232	-1.687E-3	4.412E-2
14.240	-1.644E-3	4.391E-2
14.248	-1.444E-3	4.372E-2
14.257	-1.127E-3	4.358E-2
14.265	-7.186E-4	4.352E-2
14.274	-2.758E-4	4.356E-2
14.282	1.485E-4	4.365E-2
14.290	4.999E-4	4.382E-2
14.299	7.454E-4	4.403E-2
14.307	9.186E-4	4.428E-2
14.315	9.171E-4	4.452E-2
14.324	7.254E-4	4.474E-2
14.332	4.362E-4	4.489E-2
14.341	5.752E-5	4.500E-2
14.349	-3.777E-4	4.499E-2
14.357	-7.966E-4	4.488E-2
14.366	-1.154E-3	4.471E-2
14.374	-1.401E-3	4.448E-2
14.382	-1.565E-3	4.423E-2
14.391	-1.576E-3	4.399E-2
14.399	-1.446E-3	4.377E-2
14.408	-1.191E-3	4.360E-2
14.416	-8.508E-4	4.348E-2
14.424	-4.582E-4	4.345E-2
14.433	-5.984E-5	4.352E-2
14.441	2.659E-4	4.371E-2
14.449	5.486E-4	4.393E-2
14.458	7.284E-4	4.421E-2
14.466	7.335E-4	4.452E-2
14.475	7.067E-4	4.479E-2
14.483	4.857E-4	4.499E-2
14.491	1.927E-4	4.509E-2
14.500	-1.789E-4	4.508E-2
14.508	-5.758E-4	4.500E-2
14.516	-9.176E-4	4.481E-2
14.525	-1.195E-3	4.455E-2
14.533	-1.377E-3	4.424E-2
14.542	-1.463E-3	4.394E-2
14.550	-1.422E-3	4.363E-2
14.558	-1.270E-3	4.340E-2
14.567	-1.004E-3	4.327E-2
14.575	-6.869E-4	4.327E-2
14.583	-3.389E-4	4.336E-2
14.592	7.753E-6	4.355E-2
14.600	2.920E-4	4.383E-2
14.609	5.105E-4	4.415E-2
14.617	6.594E-4	4.447E-2
14.625	6.739E-4	4.479E-2
14.634	5.099E-4	4.503E-2
14.642	2.708E-4	4.520E-2
14.650	-9.959E-6	4.524E-2
14.659	-3.741E-4	4.519E-2
14.667	-6.945E-4	4.500E-2
14.676	-9.657E-4	4.472E-2
14.684	-1.181E-3	4.438E-2
14.692	-1.326E-3	4.403E-2
14.701	-1.345E-3	4.368E-2
14.709	-1.269E-3	4.339E-2
14.718	-1.107E-3	4.320E-2
14.726	-8.368E-4	4.314E-2
14.734	-5.207E-4	4.319E-2
14.743	-2.042E-4	4.337E-2
14.751	8.035E-5	4.365E-2
14.759	3.049E-4	4.400E-2
14.768	4.784E-4	4.438E-2
14.776	4.921E-4	4.474E-2
14.785	4.845E-4	4.504E-2
14.793	3.066E-4	4.523E-2
14.801	6.819E-5	4.531E-2
14.810	-2.077E-4	4.525E-2
14.818	-4.770E-4	4.506E-2
14.826	-7.527E-4	4.478E-2
14.835	-9.506E-4	4.441E-2
14.843	-1.129E-3	4.402E-2
14.852	-1.190E-3	4.366E-2
14.860	-1.165E-3	4.334E-2
14.868	-1.084E-3	4.312E-2
14.877	-8.758E-4	4.302E-2
14.885	-6.521E-4	4.305E-2
14.893	-3.962E-4	4.322E-2
14.902	-1.413E-4	4.349E-2
14.910	8.578E-5	4.384E-2
14.919	2.682E-4	4.425E-2
14.927	4.047E-4	4.464E-2
14.935	3.729E-4	4.499E-2
14.944	2.802E-4	4.523E-2
14.952	1.624E-4	4.535E-2
14.960	-7.213E-5	4.530E-2
14.969	-3.598E-4	4.514E-2
14.977	-6.368E-4	4.487E-2
14.986	-8.667E-4	4.451E-2
14.994	-1.035E-3	4.410E-2
15.002	-1.185E-3	4.368E-2
15.011	-1.207E-3	4.333E-2
15.019	-1.161E-3	4.308E-2
15.027	-1.032E-3	4.295E-2
15.036	-8.913E-4	4.295E-2
15.044	-6.759E-4	4.309E-2
15.053	-4.369E-4	4.338E-2
15.061	-2.010E-4	4.373E-2
15.069	9.735E-6	4.417E-2
15.078	1.944E-4	4.458E-2
15.086	2.598E-4	4.496E-2
15.094	2.659E-4	4.525E-2
15.103	2.263E-4	4.542E-2
15.111	7.250E-5	4.544E-2
15.120	-1.100E-4	4.530E-2
15.128	-3.448E-4	4.503E-2
15.136	-5.768E-4	4.465E-2
15.145	-7.500E-4	4.426E-2
15.153	-9.081E-4	4.385E-2
15.161	-9.759E-4	4.344E-2
15.170	-1.029E-3	4.314E-2
15.178	-9.980E-4	4.296E-2
15.187	-9.256E-4	4.294E-2
15.195	-7.842E-4	4.303E-2
15.203	-6.419E-4	4.330E-2
15.212	-4.399E-4	4.367E-2
15.220	-2.292E-4	4.408E-2
15.228	-2.008E-5	4.452E-2
15.237	9.011E-5	4.494E-2
15.245	2.009E-4	4.525E-2
15.254	2.224E-4	4.545E-2
15.262	1.838E-4	4.547E-2
15.270	5.987E-5	4.542E-2
15.279	-1.036E-4	4.519E-2
15.287	-2.778E-4	4.483E-2
15.295	-4.535E-4	4.439E-2
15.304	-6.433E-4	4.393E-2
15.312	-8.130E-4	4.352E-2
15.321	-9.019E-4	4.320E-2
15.329	-9.276E-4	4.297E-2
15.337	-9.156E-4	4.291E-2
15.346	-8.751E-4	4.297E-2
15.354	-7.282E-4	4.319E-2
15.363	-6.009E-4	4.352E-2
15.371	-4.277E-4	4.394E-2
15.379	-2.188E-4	4.437E-2
15.388	-2.690E-5	4.479E-2
15.396	7.892E-5	4.514E-2
15.404	1.881E-4	4.538E-2
15.413	2.353E-4	4.549E-2
15.421	2.068E-4	4.544E-2
15.430	9.833E-5	4.524E-2
15.438	-1.698E-5	4.489E-2
15.446	-1.926E-4	4.451E-2
15.455	-3.954E-4	4.406E-2
15.463	-5.823E-4	4.364E-2
15.471	-7.303E-4	4.329E-2
15.480	-8.531E-4	4.308E-2
15.488	-9.041E-4	4.296E-2
15.497	-9.010E-4	4.296E-2
15.505	-8.706E-4	4.318E-2
15.513	-8.001E-4	4.347E-2
15.522	-6.571E-4	4.386E-2
15.530	-4.585E-4	4.428E-2
15.538	-2.579E-4	4.472E-2
15.547	-7.711E-5	4.510E-2
15.555	4.342E-5	4.533E-2
15.564	1.661E-4	4.544E-2
15.572	2.060E-4	4.543E-2
15.580	2.108E-4	4.526E-2
15.589	1.042E-4	4.497E-2
15.597	-4.759E-6	4.457E-2
15.605	-1.946E-4	4.412E-2
15.614	-4.013E-4	4.370E-2
15.622	-6.151E-4	4.334E-2
15.631	-7.687E-4	4.309E-2
15.639	-9.230E-4	4.295E-2
15.647	-9.737E-4	4.295E-2
15.656	-9.576E-4	4.312E-2
15.664	-9.240E-4	4.340E-2
15.672	-8.583E-4	4.376E-2
15.681	-6.777E-4	4.418E-2
15.689	-4.806E-4	4.458E-2
15.698	-2.539E-4	4.496E-2
15.706	-3.918E-5	4.524E-2
15.714	1.230E-4	4.540E-2
15.723	2.544E-4	4.543E-2
15.731	2.946E-4	4.529E-2
15.739	2.833E-4	4.501E-2
15.748	2.253E-4	4.466E-2
15.756	5.833E-5	4.428E-2
15.765	-1.536E-4	4.386E-2
15.773	-3.906E-4	4.348E-2
15.781	-6.253E-4	4.319E-2
15.790	-8.344E-4	4.302E-2
15.798	-9.597E-4	4.297E-2
15.806	-1.100E-3	4.310E-2
15.815	-1.110E-3	4.335E-2
15.823	-1.085E-3	4.367E-2
15.832	-9.232E-4	4.407E-2
15.840	-7.275E-4	4.446E-2
15.848	-4.932E-4	4.483E-2
15.857	-2.390E-4	4.510E-2
15.865	8.851E-6	4.526E-2
15.873	2.100E-4	4.530E-2
15.882	3.291E-4	4.521E-2
15.890	4.097E-4	4.500E-2
15.899	4.196E-4	4.469E-2
15.907	3.038E-4	4.432E-2
15.915	1.092E-4	4.391E-2
15.924	-1.456E-4	4.356E-2
15.932	-4.098E-4	4.329E-2
15.940	-6.612E-4	4.313E-2
15.949	-8.907E-4	4.309E-2
15.957	-1.098E-3	4.315E-2
15.966	-1.145E-3	4.338E-2
15.974	-1.145E-3	4.366E-2
15.982	-1.118E-3	4.401E-2
15.991	-9.229E-4	4.439E-2
15.999	-6.942E-4	4.473E-2
16.007	-4.342E-4	4.503E-2
16.016	-1.696E-4	4.522E-2
16.024	8.145E-5	4.527E-2
16.033	2.892E-4	4.522E-2
16.041	4.620E-4	4.504E-2
16.049	4.942E-4	4.477E-2
16.058	4.658E-4	4.443E-2
16.066	2.854E-4	4.409E-2
16.075	6.008E-5	4.373E-2
16.083	-2.101E-4	4.346E-2
16.091	-4.913E-4	4.326E-2
16.100	-7.895E-4	4.321E-2
16.108	-1.065E-3	4.323E-2
16.116	-1.220E-3	4.339E-2
16.125	-1.317E-3	4.363E-2
16.133	-1.335E-3	4.393E-2
16.142	-1.191E-3	4.427E-2
16.150	-9.418E-4	4.459E-2
16.158	-6.818E-4	4.485E-2
16.167	-3.867E-4	4.503E-2
16.175	-3.798E-5	4.513E-2
16.183	2.409E-4	4.511E-2
16.192	4.739E-4	4.497E-2
16.200	5.750E-4	4.475E-2
16.209	5.670E-4	4.446E-2
16.217	4.696E-4	4.414E-2
16.225	2.542E-4	4.384E-2
16.234	1.996E-6	4.357E-2
16.242	-3.471E-4	4.339E-2
16.250	-6.858E-4	4.330E-2
16.259	-9.572E-4	4.333E-2
16.267	-1.198E-3	4.344E-2
16.276	-1.357E-3	4.365E-2
16.284	-1.371E-3	4.390E-2
16.292	-1.330E-3	4.418E-2
16.301	-1.139E-3	4.446E-2
16.309	-8.698E-4	4.473E-2
16.317	-5.403E-4	4.494E-2
16.326	-2.113E-4	4.504E-2
16.334	1.218E-4	4.503E-2
16.343	4.162E-4	4.494E-2
16.351	6.394E-4	4.476E-2
16.359	7.258E-4	4.453E-2
16.368	6.894E-4	4.425E-2
16.376	5.034E-4	4.399E-2
16.384	2.332E-4	4.377E-2
16.393	-1.213E-4	4.359E-2
16.401	-4.769E-4	4.348E-2
16.410	-8.412E-4	4.346E-2
16.418	-1.145E-3	4.353E-2
16.426	-1.367E-3	4.370E-2
16.435	-1.486E-3	4.391E-2
16.443	-1.493E-3	4.413E-2
16.451	-1.365E-3	4.436E-2
16.460	-1.122E-3	4.458E-2
16.468	-7.694E-4	4.476E-2
16.477	-4.290E-4	4.485E-2
16.485	-2.029E-5	4.484E-2
16.493	3.072E-4	4.478E-2
16.502	5.680E-4	4.463E-2
16.510	7.070E-4	4.442E-2
16.518	7.178E-4	4.424E-2
16.527	6.375E-4	4.403E-2
16.535	4.096E-4	4.383E-2
16.544	6.366E-5	4.366E-2
16.552	-3.278E-4	4.357E-2
16.560	-7.142E-4	4.358E-2
16.569	-1.090E-3	4.362E-2
16.577	-1.371E-3	4.374E-2
16.585	-1.552E-3	4.392E-2
16.594	-1.573E-3	4.410E-2
16.602	-1.516E-3	4.430E-2
16.611	-1.318E-3	4.448E-2
16.619	-9.684E-4	4.464E-2
16.627	-6.032E-4	4.473E-2
16.636	-2.032E-4	4.474E-2
16.644	2.103E-4	4.474E-2
16.652	5.104E-4	4.461E-2
16.661	7.321E-4	4.448E-2
16.669	8.220E-4	4.431E-2
16.678	7.276E-4	4.413E-2
16.686	5.279E-4	4.395E-2
16.694	2.279E-4	4.382E-2
16.703	-1.732E-4	4.376E-2
16.711	-5.902E-4	4.375E-2
16.719	-9.668E-4	4.381E-2
16.728	-1.319E-3	4.387E-2
16.736	-1.564E-3	4.399E-2
16.745	-1.630E-3	4.413E-2
16.753	-1.602E-3	4.429E-2
16.761	-1.417E-3	4.442E-2
16.770	-1.138E-3	4.454E-2
16.778	-7.506E-4	4.460E-2
16.787	-3.404E-4	4.459E-2
16.795	6.433E-5	4.458E-2
16.803	4.504E-4	4.451E-2
16.812	7.285E-4	4.444E-2
16.820	9.070E-4	4.433E-2
16.828	9.185E-4	4.420E-2
16.837	7.440E-4	4.410E-2
16.845	4.706E-4	4.400E-2
16.854	7.999E-5	4.397E-2
16.862	-3.552E-4	4.397E-2
16.870	-7.849E-4	4.401E-2
16.879	-1.170E-3	4.407E-2
16.887	-1.445E-3	4.413E-2
16.895	-1.600E-3	4.422E-2
16.904	-1.601E-3	4.432E-2
16.912	-1.538E-3	4.438E-2
16.921	-1.305E-3	4.443E-2
16.929	-9.308E-4	4.450E-2
16.937	-5.206E-4	4.451E-2
16.946	-8.538E-5	4.452E-2
16.954	2.894E-4	4.448E-2
16.962	6.530E-4	4.443E-2
16.971	8.780E-4	4.437E-2
16.979	9.623E-4	4.429E-2
16.988	8.626E-4	4.424E-2
16.996	5.875E-4	4.425E-2
17.004	2.333E-4	4.419E-2
17.013	-1.900E-4	4.421E-2
17.021	-6.257E-4	4.425E-2
17.029	-1.041E-3	4.429E-2
17.038	-1.387E-3	4.431E-2
17.046	-1.600E-3	4.431E-2
17.055	-1.657E-3	4.435E-2
17.063	-1.605E-3	4.436E-2
17.071	-1.406E-3	4.435E-2
17.080	-1.110E-3	4.435E-2
17.088	-6.998E-4	4.433E-2
17.096	-2.573E-4	4.433E-2
17.105	1.775E-4	4.431E-2
17.113	5.484E-4	4.428E-2
17.122	7.864E-4	4.427E-2
17.130	9.470E-4	4.426E-2
17.138	9.285E-4	4.427E-2
17.147	7.322E-4	4.427E-2
17.155	4.299E-4	4.428E-2
17.163	4.103E-5	4.431E-2
17.172	-3.979E-4	4.431E-2
17.180	-8.307E-4	4.432E-2
17.189	-1.200E-3	4.432E-2
17.197	-1.475E-3	4.431E-2
17.205	-1.619E-3	4.431E-2
17.214	-1.612E-3	4.429E-2
17.222	-1.511E-3	4.426E-2
17.230	-1.248E-3	4.424E-2
17.239	-8.993E-4	4.421E-2
17.247	-4.696E-4	4.421E-2
17.256	-2.378E-5	4.423E-2
17.264	3.652E-4	4.424E-2
17.272	6.802E-4	4.426E-2
17.281	8.754E-4	4.430E-2
17.289	9.394E-4	4.433E-2
17.297	7.822E-4	4.437E-2
17.306	5.243E-4	4.438E-2
17.314	1.769E-4	4.445E-2
17.323	-2.147E-4	4.450E-2
17.331	-6.430E-4	4.451E-2
17.339	-1.055E-3	4.451E-2
17.348	-1.364E-3	4.448E-2
17.356	-1.578E-3	4.443E-2
17.364	-1.599E-3	4.434E-2
17.373	-1.566E-3	4.426E-2
17.381	-1.351E-3	4.417E-2
17.390	-1.046E-3	4.408E-2
17.398	-6.611E-4	4.404E-2
17.406	-2.313E-4	4.404E-2
17.415	1.864E-4	4.404E-2
17.423	5.199E-4	4.409E-2
17.431	7.460E-4	4.417E-2
17.440	8.755E-4	4.426E-2
17.448	8.030E-4	4.437E-2
17.457	6.218E-4	4.448E-2
17.465	2.680E-4	4.456E-2
17.473	-9.608E-5	4.460E-2
17.482	-5.121E-4	4.459E-2
17.490	-8.960E-4	4.458E-2
17.499	-1.222E-3	4.449E-2
17.507	-1.499E-3	4.439E-2
17.515	-1.618E-3	4.425E-2
17.524	-1.609E-3	4.411E-2
17.532	-1.420E-3	4.398E-2
17.540	-1.157E-3	4.387E-2
17.549	-8.128E-4	4.382E-2
17.557	-4.305E-4	4.380E-2
17.566	-1.077E-5	4.381E-2
17.574	3.243E-4	4.390E-2
17.582	5.962E-4	4.403E-2
17.591	7.210E-4	4.418E-2
17.599	7.297E-4	4.433E-2
17.607	6.452E-4	4.448E-2
17.616	4.135E-4	4.461E-2
17.624	6.411E-5	4.471E-2
17.633	-3.146E-4	4.474E-2
17.641	-7.205E-4	4.473E-2
17.649	-1.064E-3	4.462E-2
17.658	-1.347E-3	4.448E-2
17.666	-1.508E-3	4.431E-2
17.674	-1.540E-3	4.412E-2
17.683	-1.468E-3	4.392E-2
17.691	-1.301E-3	4.378E-2
17.700	-9.744E-4	4.366E-2
17.708	-6.309E-4	4.362E-2
17.716	-2.432E-4	4.362E-2
17.725	1.102E-4	4.375E-2
17.733	4.199E-4	4.391E-2
17.741	6.470E-4	4.409E-2
17.750	7.151E-4	4.431E-2
17.758	6.791E-4	4.450E-2
17.767	4.918E-4	4.469E-2
17.775	2.215E-4	4.481E-2
17.783	-1.400E-4	4.485E-2
17.792	-4.856E-4	4.483E-2
17.800	-8.358E-4	4.474E-2
17.808	-1.128E-3	4.456E-2
17.817	-1.345E-3	4.434E-2
17.825	-1.392E-3	4.411E-2
17.834	-1.383E-3	4.386E-2
17.842	-1.248E-3	4.366E-2
17.850	-1.021E-3	4.353E-2
17.859	-7.201E-4	4.347E-2
17.867	-3.941E-4	4.346E-2
17.875	-2.580E-5	4.357E-2
17.884	2.608E-4	4.375E-2
17.892	4.924E-4	4.400E-2
17.901	6.259E-4	4.426E-2
17.909	5.872E-4	4.452E-2
17.917	4.682E-4	4.475E-2
17.926	2.491E-4	4.493E-2
17.934	-5.235E-6	4.501E-2
17.942	-3.508E-4	4.500E-2
17.951	-6.761E-4	4.489E-2
17.959	-9.340E-4	4.474E-2
17.968	-1.162E-3	4.451E-2
17.976	-1.324E-3	4.424E-2
17.984	-1.334E-3	4.397E-2
17.993	-1.286E-3	4.376E-2
18.001	-1.125E-3	4.359E-2
18.009	-8.719E-4	4.346E-2
18.018	-5.772E-4	4.344E-2
18.026	-2.593E-4	4.354E-2
18.035	3.222E-5	4.372E-2
18.043	2.629E-4	4.401E-2
18.051	4.542E-4	4.430E-2
18.060	4.998E-4	4.457E-2
18.068	4.700E-4	4.482E-2
18.076	2.963E-4	4.502E-2
18.085	7.028E-5	4.512E-2
18.093	-2.005E-4	4.516E-2
18.102	-4.709E-4	4.508E-2
18.110	-7.263E-4	4.487E-2
18.118	-9.366E-4	4.458E-2
18.127	-1.124E-3	4.428E-2
18.135	-1.154E-3	4.396E-2
18.143	-1.149E-3	4.369E-2
18.152	-1.087E-3	4.345E-2
18.160	-8.824E-4	4.333E-2
18.169	-6.561E-4	4.330E-2
18.177	-4.056E-4	4.339E-2
18.185	-1.450E-4	4.358E-2
18.194	7.910E-5	4.386E-2
18.202	2.590E-4	4.415E-2
18.211	3.774E-4	4.447E-2
18.219	3.512E-4	4.478E-2
18.227	2.699E-4	4.501E-2
18.236	1.228E-4	4.518E-2
18.244	-9.739E-5	4.520E-2
18.252	-3.716E-4	4.516E-2
18.261	-6.337E-4	4.498E-2
18.269	-8.637E-4	4.473E-2
18.278	-1.029E-3	4.438E-2
18.286	-1.175E-3	4.404E-2
18.294	-1.167E-3	4.372E-2
18.303	-1.151E-3	4.344E-2
18.311	-9.722E-4	4.325E-2
18.319	-8.200E-4	4.317E-2
18.328	-6.304E-4	4.322E-2
18.336	-4.029E-4	4.340E-2
18.345	-1.779E-4	4.366E-2
18.353	2.171E-5	4.401E-2
18.361	1.967E-4	4.435E-2
18.370	2.544E-4	4.469E-2
18.378	2.535E-4	4.499E-2
18.386	2.014E-4	4.518E-2
18.395	3.458E-5	4.523E-2
18.403	-1.681E-4	4.522E-2
18.412	-3.930E-4	4.503E-2
18.420	-6.165E-4	4.476E-2
18.428	-7.922E-4	4.443E-2
18.437	-9.358E-4	4.410E-2
18.445	-9.822E-4	4.372E-2
18.453	-9.617E-4	4.341E-2
18.462	-9.218E-4	4.319E-2
18.470	-8.570E-4	4.313E-2
18.479	-6.789E-4	4.316E-2
18.487	-4.800E-4	4.333E-2
18.495	-2.742E-4	4.361E-2
18.504	-9.372E-5	4.393E-2
18.512	4.860E-5	4.429E-2
18.520	1.664E-4	4.464E-2
18.529	2.022E-4	4.495E-2
18.537	2.101E-4	4.518E-2
18.546	9.999E-5	4.528E-2
18.554	-1.570E-6	4.527E-2
18.562	-1.858E-4	4.509E-2
18.571	-3.723E-4	4.482E-2
18.579	-5.563E-4	4.448E-2
18.587	-7.087E-4	4.412E-2
18.596	-8.548E-4	4.374E-2
18.604	-8.918E-4	4.343E-2
18.613	-9.000E-4	4.319E-2
18.621	-8.969E-4	4.308E-2
18.629	-8.156E-4	4.310E-2
18.638	-6.808E-4	4.323E-2
18.646	-4.915E-4	4.347E-2
18.654	-3.233E-4	4.380E-2
18.663	-1.982E-4	4.418E-2
18.671	-1.375E-5	4.454E-2
18.680	4.969E-5	4.488E-2
18.688	9.003E-5	4.509E-2
18.696	7.230E-5	4.523E-2
18.705	2.508E-5	4.524E-2
18.713	-4.227E-5	4.511E-2
18.721	-1.984E-4	4.485E-2
18.730	-3.750E-4	4.453E-2
18.738	-5.011E-4	4.416E-2
18.747	-6.608E-4	4.375E-2
18.755	-7.517E-4	4.343E-2
18.763	-8.471E-4	4.317E-2
18.772	-8.740E-4	4.301E-2
18.780	-8.700E-4	4.298E-2
18.788	-7.884E-4	4.309E-2
18.797	-6.858E-4	4.334E-2
18.805	-5.378E-4	4.366E-2
18.814	-4.234E-4	4.406E-2
18.822	-2.414E-4	4.443E-2
18.830	-1.077E-4	4.479E-2
18.839	5.621E-7	4.505E-2
18.847	4.569E-5	4.522E-2
18.856	5.069E-5	4.524E-2
18.864	4.495E-5	4.520E-2
18.872	-2.801E-5	4.498E-2
18.881	-1.801E-4	4.468E-2
18.889	-3.023E-4	4.433E-2
18.897	-4.761E-4	4.392E-2
18.906	-6.512E-4	4.356E-2
18.914	-7.291E-4	4.329E-2
18.923	-8.518E-4	4.313E-2
18.931	-8.974E-4	4.310E-2
18.939	-8.928E-4	4.317E-2
18.948	-8.484E-4	4.337E-2
18.956	-7.117E-4	4.366E-2
18.964	-6.164E-4	4.404E-2
18.973	-4.452E-4	4.442E-2
18.981	-2.544E-4	4.479E-2
18.990	-1.289E-4	4.507E-2
18.998	1.009E-5	4.524E-2
19.006	6.389E-5	4.531E-2
19.015	6.466E-5	4.525E-2
19.023	5.848E-5	4.503E-2
19.031	6.985E-6	4.476E-2
19.040	-1.320E-4	4.440E-2
19.048	-2.682E-4	4.403E-2
19.057	-4.421E-4	4.367E-2
19.065	-6.271E-4	4.337E-2
19.073	-7.268E-4	4.316E-2
19.082	-8.670E-4	4.310E-2
19.090	-9.041E-4	4.316E-2
19.098	-9.019E-4	4.332E-2
19.107	-8.856E-4	4.360E-2
19.115	-7.573E-4	4.394E-2
19.124	-6.619E-4	4.430E-2
19.132	-4.639E-4	4.465E-2
19.140	-2.619E-4	4.498E-2
19.149	-9.643E-5	4.519E-2
19.157	2.706E-5	4.528E-2
19.165	1.265E-4	4.527E-2
19.174	1.488E-4	4.508E-2
19.182	1.193E-4	4.481E-2
19.191	1.646E-5	4.447E-2
19.199	-1.019E-4	4.413E-2
19.207	-2.790E-4	4.378E-2
19.216	-4.660E-4	4.348E-2
19.224	-6.661E-4	4.324E-2
19.232	-8.442E-4	4.313E-2
19.241	-9.341E-4	4.315E-2
19.249	-9.774E-4	4.330E-2
19.258	-9.606E-4	4.355E-2
19.266	-8.996E-4	4.387E-2
19.274	-8.073E-4	4.422E-2
19.283	-6.582E-4	4.457E-2
19.291	-4.424E-4	4.487E-2
19.299	-2.198E-4	4.507E-2
19.308	-6.668E-6	4.518E-2
19.316	1.378E-4	4.520E-2
19.325	2.407E-4	4.507E-2
19.333	2.751E-4	4.483E-2
19.341	2.456E-4	4.454E-2
19.350	1.289E-4	4.419E-2
19.358	-2.095E-5	4.383E-2
19.366	-2.294E-4	4.356E-2
19.375	-4.512E-4	4.335E-2
19.383	-6.722E-4	4.322E-2
19.392	-8.708E-4	4.320E-2
19.400	-9.859E-4	4.332E-2
19.408	-1.118E-3	4.351E-2
19.417	-1.115E-3	4.381E-2
19.425	-9.746E-4	4.413E-2
19.433	-8.551E-4	4.446E-2
19.442	-6.489E-4	4.477E-2
19.450	-4.178E-4	4.500E-2
19.459	-1.816E-4	4.510E-2
19.467	4.218E-5	4.513E-2
19.475	2.358E-4	4.505E-2
19.484	3.220E-4	4.485E-2
19.492	3.230E-4	4.457E-2
19.500	2.587E-4	4.428E-2
19.509	1.194E-4	4.398E-2
19.517	-1.032E-4	4.370E-2
19.526	-3.787E-4	4.345E-2
19.534	-6.510E-4	4.333E-2
19.542	-8.865E-4	4.330E-2
19.551	-1.079E-3	4.338E-2
19.559	-1.202E-3	4.356E-2
19.568	-1.227E-3	4.381E-2
19.576	-1.200E-3	4.409E-2
19.584	-1.079E-3	4.438E-2
19.593	-8.842E-4	4.465E-2
19.601	-6.418E-4	4.484E-2
19.609	-3.589E-4	4.498E-2
19.618	-7.422E-5	4.502E-2
19.626	1.268E-4	4.497E-2
19.635	2.741E-4	4.481E-2
19.643	3.720E-4	4.459E-2
19.651	3.272E-4	4.431E-2
19.660	2.217E-4	4.405E-2
19.668	2.725E-5	4.381E-2
19.676	-2.324E-4	4.359E-2
19.685	-4.958E-4	4.345E-2
19.693	-7.473E-4	4.341E-2
19.702	-9.650E-4	4.343E-2
19.710	-1.158E-3	4.356E-2
19.718	-1.279E-3	4.377E-2
19.727	-1.310E-3	4.403E-2
19.735	-1.194E-3	4.430E-2
19.743	-9.981E-4	4.454E-2
19.752	-7.703E-4	4.476E-2
19.760	-4.937E-4	4.489E-2
19.769	-1.942E-4	4.497E-2
19.777	8.768E-5	4.495E-2
19.785	3.045E-4	4.482E-2
19.794	4.566E-4	4.463E-2
19.802	5.000E-4	4.439E-2
19.810	4.544E-4	4.413E-2
19.819	2.711E-4	4.389E-2
19.827	2.188E-5	4.369E-2
19.836	-2.639E-4	4.356E-2
19.844	-6.039E-4	4.352E-2
19.852	-8.965E-4	4.355E-2
19.861	-1.140E-3	4.365E-2
19.869	-1.322E-3	4.382E-2
19.877	-1.373E-3	4.402E-2
19.886	-1.340E-3	4.426E-2
19.894	-1.167E-3	4.448E-2
19.903	-9.121E-4	4.467E-2
19.911	-6.357E-4	4.480E-2
19.919	-2.819E-4	4.484E-2
19.928	3.881E-5	4.482E-2
19.936	3.048E-4	4.474E-2
19.944	5.044E-4	4.460E-2
19.953	6.310E-4	4.440E-2
19.961	5.794E-4	4.418E-2
19.970	4.397E-4	4.398E-2
19.978	2.148E-4	4.384E-2
19.986	-9.160E-5	4.371E-2
19.995	-4.552E-4	4.365E-2
20.003	-7.897E-4	4.364E-2
20.011	-1.109E-3	4.369E-2
20.020	-1.339E-3	4.381E-2
20.028	-1.427E-3	4.398E-2
20.037	-1.409E-3	4.415E-2
20.045	-1.326E-3	4.432E-2
20.053	-1.111E-3	4.448E-2
20.062	-8.194E-4	4.459E-2
20.070	-4.669E-4	4.463E-2
20.078	-1.259E-4	4.461E-2
20.087	2.111E-4	4.455E-2
20.095	4.697E-4	4.445E-2
20.104	6.563E-4	4.434E-2
20.112	6.879E-4	4.416E-2
20.120	6.124E-4	4.403E-2
20.129	3.759E-4	4.390E-2
20.137	5.518E-5	4.381E-2
20.145	-2.793E-4	4.377E-2
20.154	-6.451E-4	4.379E-2
20.162	-9.517E-4	4.384E-2
20.171	-1.220E-3	4.390E-2
20.179	-1.410E-3	4.404E-2
20.187	-1.459E-3	4.414E-2
20.196	-1.416E-3	4.428E-2
20.204	-1.232E-3	4.438E-2
20.212	-9.552E-4	4.444E-2
20.221	-6.344E-4	4.452E-2
20.229	-2.487E-4	4.453E-2
20.238	8.902E-5	4.450E-2
20.246	4.101E-4	4.444E-2
20.254	6.461E-4	4.437E-2
20.263	7.362E-4	4.425E-2
20.271	7.239E-4	4.414E-2
20.280	5.163E-4	4.407E-2
20.288	2.552E-4	4.401E-2
20.296	-9.162E-5	4.398E-2
20.305	-4.688E-4	4.400E-2
20.313	-8.447E-4	4.402E-2
20.321	-1.148E-3	4.409E-2
20.330	-1.369E-3	4.414E-2
20.338	-1.487E-3	4.420E-2
20.347	-1.502E-3	4.431E-2
20.355	-1.385E-3	4.437E-2
20.363	-1.130E-3	4.436E-2
20.372	-7.911E-4	4.441E-2
20.380	-4.422E-4	4.438E-2
20.388	-4.125E-5	4.435E-2
20.397	2.780E-4	4.430E-2
20.405	5.244E-4	4.426E-2
20.414	6.989E-4	4.423E-2
20.422	7.073E-4	4.415E-2
20.430	6.113E-4	4.410E-2
20.439	3.400E-4	4.408E-2
20.447	1.546E-5	4.408E-2
20.455	-3.610E-4	4.408E-2
20.464	-7.322E-4	4.408E-2
20.472	-1.081E-3	4.411E-2
20.481	-1.353E-3	4.415E-2
20.489	-1.515E-3	4.415E-2
20.497	-1.557E-3	4.417E-2
20.506	-1.475E-3	4.418E-2
20.514	-1.308E-3	4.416E-2
20.522	-9.793E-4	4.414E-2
20.531	-6.238E-4	4.413E-2
20.539	-2.371E-4	4.410E-2
20.548	1.368E-4	4.409E-2
20.556	4.256E-4	4.407E-2
20.564	6.581E-4	4.407E-2
20.573	6.994E-4	4.408E-2
20.581	7.028E-4	4.408E-2
20.589	4.859E-4	4.408E-2
20.598	2.171E-4	4.410E-2
20.606	-1.621E-4	4.411E-2
20.615	-5.318E-4	4.413E-2
20.623	-9.055E-4	4.412E-2
20.631	-1.191E-3	4.413E-2
20.640	-1.397E-3	4.413E-2
20.648	-1.499E-3	4.411E-2
20.656	-1.463E-3	4.408E-2
20.665	-1.354E-3	4.406E-2
20.673	-1.089E-3	4.406E-2
20.682	-7.283E-4	4.403E-2
20.690	-3.761E-4	4.403E-2
20.698	4.910E-6	4.404E-2
20.707	3.157E-4	4.405E-2
20.715	5.443E-4	4.408E-2
20.723	6.893E-4	4.408E-2
20.732	7.006E-4	4.414E-2
20.740	5.357E-4	4.419E-2
20.749	2.840E-4	4.429E-2
20.757	-1.740E-5	4.433E-2
20.765	-4.025E-4	4.435E-2
20.774	-7.484E-4	4.434E-2
20.782	-1.084E-3	4.433E-2
20.790	-1.337E-3	4.430E-2
20.799	-1.445E-3	4.425E-2
20.807	-1.439E-3	4.417E-2
20.816	-1.343E-3	4.409E-2
20.824	-1.126E-3	4.404E-2
20.832	-8.383E-4	4.396E-2
20.841	-4.741E-4	4.393E-2
20.849	-1.297E-4	4.391E-2
20.857	2.207E-4	4.392E-2
20.866	4.925E-4	4.398E-2
20.874	6.799E-4	4.408E-2
20.883	7.007E-4	4.416E-2
20.891	6.850E-4	4.427E-2
20.899	4.596E-4	4.436E-2
20.908	1.712E-4	4.441E-2
20.916	-2.019E-4	4.446E-2
20.924	-5.714E-4	4.449E-2
20.933	-9.020E-4	4.450E-2
20.941	-1.168E-3	4.440E-2
20.950	-1.349E-3	4.430E-2
20.958	-1.394E-3	4.416E-2
20.966	-1.354E-3	4.405E-2
20.975	-1.179E-3	4.392E-2
20.983	-9.034E-4	4.382E-2
20.992	-6.166E-4	4.379E-2
21.000	-2.514E-4	4.381E-2
21.008	7.250E-5	4.384E-2
21.017	3.425E-4	4.390E-2
21.025	5.220E-4	4.404E-2
21.033	6.542E-4	4.416E-2
21.042	6.693E-4	4.432E-2
21.050	4.937E-4	4.445E-2
21.059	2.549E-4	4.457E-2
21.067	-4.353E-5	4.462E-2
21.075	-3.962E-4	4.461E-2
21.084	-7.057E-4	4.458E-2
21.092	-9.827E-4	4.448E-2
21.100	-1.172E-3	4.434E-2
21.109	-1.301E-3	4.417E-2
21.117	-1.317E-3	4.402E-2
21.126	-1.193E-3	4.386E-2
21.134	-9.731E-4	4.373E-2
21.142	-6.804E-4	4.368E-2
21.151	-3.803E-4	4.364E-2
21.159	-5.130E-5	4.368E-2
21.167	2.509E-4	4.378E-2
21.176	4.827E-4	4.391E-2
21.184	5.983E-4	4.409E-2
21.193	5.727E-4	4.429E-2
21.201	5.166E-4	4.447E-2
21.209	2.915E-4	4.462E-2
21.218	4.585E-5	4.472E-2
21.226	-2.497E-4	4.476E-2
21.234	-5.879E-4	4.474E-2
21.243	-8.812E-4	4.461E-2
21.251	-1.118E-3	4.445E-2
21.260	-1.248E-3	4.428E-2
21.268	-1.329E-3	4.408E-2
21.276	-1.277E-3	4.388E-2
21.285	-1.143E-3	4.369E-2
21.293	-8.984E-4	4.358E-2
21.301	-6.258E-4	4.356E-2
21.310	-3.225E-4	4.360E-2
21.318	-2.589E-5	4.370E-2
21.327	2.193E-4	4.386E-2
21.335	4.098E-4	4.408E-2
21.343	4.836E-4	4.430E-2
21.352	4.821E-4	4.453E-2
21.360	3.044E-4	4.471E-2
21.368	9.620E-5	4.483E-2
21.377	-1.774E-4	4.488E-2
21.385	-4.489E-4	4.482E-2
21.394	-7.176E-4	4.472E-2
21.402	-9.172E-4	4.455E-2
21.410	-1.118E-3	4.432E-2
21.419	-1.171E-3	4.409E-2
21.427	-1.161E-3	4.385E-2
21.435	-1.096E-3	4.365E-2
21.444	-8.975E-4	4.349E-2
21.452	-6.678E-4	4.341E-2
21.461	-4.202E-4	4.342E-2
21.469	-1.679E-4	4.355E-2
21.477	6.235E-5	4.373E-2
21.486	2.577E-4	4.399E-2
21.494	3.638E-4	4.427E-2
21.502	3.448E-4	4.453E-2
21.511	3.055E-4	4.476E-2
21.519	1.324E-4	4.493E-2
21.528	-7.331E-5	4.500E-2
21.536	-3.590E-4	4.499E-2
21.544	-6.311E-4	4.488E-2
21.553	-8.611E-4	4.469E-2
21.561	-1.027E-3	4.446E-2
21.569	-1.167E-3	4.418E-2
21.578	-1.196E-3	4.390E-2
21.586	-1.169E-3	4.365E-2
21.595	-9.756E-4	4.345E-2
21.603	-8.193E-4	4.337E-2
21.611	-6.223E-4	4.338E-2
21.620	-3.942E-4	4.347E-2
21.628	-1.665E-4	4.364E-2
21.636	2.040E-5	4.388E-2
21.645	1.998E-4	4.415E-2
21.653	2.539E-4	4.444E-2
21.662	2.545E-4	4.473E-2
21.670	1.898E-4	4.493E-2
21.678	3.044E-5	4.504E-2
21.687	-1.767E-4	4.503E-2
21.695	-4.032E-4	4.495E-2
21.704	-6.304E-4	4.477E-2
21.712	-8.162E-4	4.452E-2
21.720	-9.295E-4	4.422E-2
21.729	-1.017E-3	4.393E-2
21.737	-1.059E-3	4.365E-2
21.745	-9.776E-4	4.343E-2
21.754	-8.854E-4	4.333E-2
21.762	-6.951E-4	4.333E-2
21.771	-4.801E-4	4.340E-2
21.779	-2.604E-4	4.359E-2
21.787	-7.609E-5	4.385E-2
21.796	3.576E-5	4.413E-2
21.804	1.514E-4	4.443E-2
21.812	1.433E-4	4.475E-2
21.821	1.144E-4	4.498E-2
21.829	8.019E-6	4.510E-2
21.838	-1.136E-4	4.513E-2
21.846	-2.856E-4	4.506E-2
21.854	-4.619E-4	4.487E-2
21.863	-6.452E-4	4.459E-2
21.871	-7.777E-4	4.428E-2
21.879	-9.096E-4	4.395E-2
21.888	-9.418E-4	4.365E-2
21.896	-9.258E-4	4.341E-2
21.905	-8.871E-4	4.324E-2
21.913	-7.476E-4	4.321E-2
21.921	-6.277E-4	4.320E-2
21.930	-4.445E-4	4.340E-2
21.938	-2.537E-4	4.365E-2
21.946	-1.221E-4	4.394E-2
21.955	1.519E-5	4.429E-2
21.963	6.619E-5	4.459E-2
21.972	6.135E-5	4.484E-2
21.980	5.766E-5	4.501E-2
21.988	4.213E-6	4.505E-2
21.997	-1.282E-4	4.500E-2
22.005	-2.623E-4	4.483E-2
22.013	-4.333E-4	4.458E-2
22.022	-6.115E-4	4.427E-2
22.030	-6.997E-4	4.394E-2
22.039	-8.195E-4	4.362E-2
22.047	-8.838E-4	4.336E-2
22.055	-8.848E-4	4.319E-2
22.064	-8.390E-4	4.313E-2
22.072	-7.128E-4	4.314E-2
22.080	-6.163E-4	4.334E-2
22.089	-4.595E-4	4.360E-2
22.097	-3.063E-4	4.390E-2
22.106	-2.051E-4	4.424E-2
22.114	-6.641E-5	4.457E-2
22.122	-1.767E-5	4.484E-2
22.131	1.187E-6	4.502E-2
22.139	1.372E-5	4.510E-2
22.147	-1.907E-5	4.505E-2
22.156	-1.562E-4	4.493E-2
22.164	-2.513E-4	4.470E-2
22.173	-4.160E-4	4.439E-2
22.181	-5.231E-4	4.406E-2
22.189	-6.798E-4	4.371E-2
22.198	-7.279E-4	4.342E-2
22.206	-7.973E-4	4.322E-2
22.214	-8.419E-4	4.312E-2
22.223	-8.061E-4	4.314E-2
22.231	-7.230E-4	4.330E-2
22.240	-6.334E-4	4.356E-2
22.248	-4.844E-4	4.385E-2
22.256	-3.715E-4	4.417E-2
22.265	-2.338E-4	4.451E-2
22.273	-1.340E-4	4.480E-2
22.281	-2.499E-5	4.502E-2
22.290	1.622E-5	4.512E-2
22.298	2.157E-5	4.516E-2
22.307	-4.939E-6	4.504E-2
22.315	-1.135E-4	4.481E-2
22.323	-2.246E-4	4.453E-2
22.332	-3.514E-4	4.418E-2
22.340	-4.804E-4	4.383E-2
22.349	-6.398E-4	4.355E-2
22.357	-6.996E-4	4.334E-2
22.365	-7.663E-4	4.321E-2
22.374	-8.491E-4	4.320E-2
22.382	-8.540E-4	4.331E-2
22.390	-7.401E-4	4.353E-2
22.399	-6.659E-4	4.383E-2
22.407	-5.047E-4	4.415E-2
22.416	-3.930E-4	4.446E-2
22.424	-2.307E-4	4.477E-2
22.432	-1.306E-4	4.502E-2
22.441	-9.172E-6	4.515E-2
22.449	3.641E-5	4.519E-2
22.457	4.425E-5	4.510E-2
22.466	3.061E-5	4.491E-2
22.474	-2.938E-5	4.463E-2
22.483	-1.765E-4	4.430E-2
22.491	-2.860E-4	4.396E-2
22.499	-4.275E-4	4.368E-2
22.508	-6.045E-4	4.343E-2
22.516	-6.857E-4	4.327E-2
22.524	-8.057E-4	4.325E-2
22.533	-8.712E-4	4.332E-2
22.541	-8.734E-4	4.351E-2
22.550	-8.121E-4	4.381E-2
22.558	-6.940E-4	4.411E-2
22.566	-5.894E-4	4.443E-2
22.575	-4.379E-4	4.475E-2
22.583	-2.510E-4	4.499E-2
22.591	-1.275E-4	4.516E-2
22.600	5.370E-6	4.522E-2
22.608	5.887E-5	4.515E-2
22.617	6.858E-5	4.499E-2
22.625	3.632E-5	4.475E-2
22.633	-9.123E-6	4.445E-2
22.642	-1.672E-4	4.412E-2
22.650	-3.227E-4	4.382E-2
22.658	-4.856E-4	4.358E-2
22.667	-6.629E-4	4.341E-2
22.675	-7.914E-4	4.336E-2
22.684	-9.071E-4	4.340E-2
22.692	-9.148E-4	4.355E-2
22.700	-9.089E-4	4.380E-2
22.709	-8.784E-4	4.409E-2
22.717	-7.181E-4	4.440E-2
22.725	-5.912E-4	4.467E-2
22.734	-4.212E-4	4.492E-2
22.742	-2.212E-4	4.509E-2
22.751	-2.533E-5	4.514E-2
22.759	7.458E-5	4.511E-2
22.767	1.836E-4	4.497E-2
22.776	2.055E-4	4.475E-2
22.784	1.760E-4	4.449E-2
22.792	6.472E-5	4.418E-2
22.801	-1.095E-4	4.387E-2
22.809	-2.852E-4	4.362E-2
22.818	-4.686E-4	4.344E-2
22.826	-6.546E-4	4.337E-2
22.834	-8.418E-4	4.338E-2
22.843	-9.100E-4	4.350E-2
22.851	-9.138E-4	4.374E-2
22.859	-9.121E-4	4.401E-2
22.868	-8.581E-4	4.430E-2
22.876	-6.851E-4	4.456E-2
22.885	-4.991E-4	4.480E-2
22.893	-2.706E-4	4.498E-2
22.901	-5.694E-5	4.504E-2
22.910	1.244E-4	4.503E-2
22.918	2.611E-4	4.493E-2
22.926	3.063E-4	4.476E-2
22.935	2.899E-4	4.452E-2
22.943	2.323E-4	4.425E-2
22.952	6.330E-5	4.399E-2
22.960	-1.484E-4	4.378E-2
22.968	-3.852E-4	4.360E-2
22.977	-6.242E-4	4.352E-2
22.985	-8.303E-4	4.354E-2
22.993	-9.648E-4	4.363E-2
23.002	-1.089E-3	4.381E-2
23.010	-1.103E-3	4.404E-2
23.019	-1.055E-3	4.428E-2
23.027	-9.141E-4	4.453E-2
23.035	-7.059E-4	4.476E-2
23.044	-4.713E-4	4.494E-2
23.052	-2.227E-4	4.503E-2
23.061	1.620E-5	4.502E-2
23.069	2.117E-4	4.495E-2
23.077	3.125E-4	4.479E-2
23.086	3.580E-4	4.456E-2
23.094	2.906E-4	4.432E-2
23.102	2.007E-4	4.408E-2
23.111	1.496E-5	4.385E-2
23.119	-2.167E-4	4.367E-2
23.128	-4.609E-4	4.359E-2
23.136	-6.945E-4	4.358E-2
23.144	-8.999E-4	4.362E-2
23.153	-1.093E-3	4.376E-2
23.161	-1.114E-3	4.398E-2
23.169	-1.118E-3	4.422E-2
23.178	-1.046E-3	4.446E-2
23.186	-8.773E-4	4.465E-2
23.195	-6.529E-4	4.478E-2
23.203	-3.941E-4	4.488E-2
23.211	-1.279E-4	4.485E-2
23.220	9.051E-5	4.480E-2
23.228	2.628E-4	4.469E-2
23.236	3.958E-4	4.452E-2
23.245	3.635E-4	4.432E-2
23.253	2.479E-4	4.410E-2
23.262	7.641E-5	4.389E-2
23.270	-1.641E-4	4.374E-2
23.278	-4.386E-4	4.366E-2
23.287	-6.993E-4	4.363E-2
23.295	-9.277E-4	4.366E-2
23.303	-1.141E-3	4.377E-2
23.312	-1.239E-3	4.393E-2
23.320	-1.275E-3	4.410E-2
23.329	-1.224E-3	4.429E-2
23.337	-1.105E-3	4.447E-2
23.345	-8.791E-4	4.461E-2
23.354	-6.020E-4	4.471E-2
23.362	-3.112E-4	4.473E-2
23.370	-4.025E-5	4.474E-2
23.379	2.072E-4	4.463E-2
23.387	4.012E-4	4.448E-2
23.396	4.278E-4	4.434E-2
23.404	4.083E-4	4.415E-2
23.412	2.482E-4	4.398E-2
23.421	3.064E-5	4.386E-2
23.429	-2.351E-4	4.378E-2
23.437	-5.149E-4	4.376E-2
23.446	-8.066E-4	4.379E-2
23.454	-1.072E-3	4.387E-2
23.463	-1.234E-3	4.399E-2
23.471	-1.323E-3	4.414E-2
23.479	-1.329E-3	4.428E-2
23.488	-1.186E-3	4.444E-2
23.496	-9.379E-4	4.456E-2
23.504	-6.724E-4	4.463E-2
23.513	-3.839E-4	4.464E-2
23.521	-5.336E-5	4.461E-2
23.530	2.291E-4	4.453E-2
23.538	4.495E-4	4.442E-2
23.546	5.237E-4	4.433E-2
23.555	5.158E-4	4.419E-2
23.563	4.337E-4	4.406E-2
23.571	2.285E-4	4.393E-2
23.580	-2.860E-5	4.385E-2
23.588	-3.602E-4	4.383E-2
23.597	-6.676E-4	4.384E-2
23.605	-9.281E-4	4.389E-2
23.613	-1.151E-3	4.397E-2
23.622	-1.302E-3	4.410E-2
23.630	-1.321E-3	4.421E-2
23.638	-1.247E-3	4.433E-2
23.647	-1.093E-3	4.441E-2
23.655	-8.261E-4	4.445E-2
23.664	-5.070E-4	4.450E-2
23.672	-1.939E-4	4.451E-2
23.680	1.063E-4	4.450E-2
23.689	3.398E-4	4.440E-2
23.697	4.896E-4	4.429E-2
23.705	5.318E-4	4.421E-2
23.714	4.707E-4	4.414E-2
23.722	2.852E-4	4.407E-2
23.731	3.175E-5	4.404E-2
23.739	-2.618E-4	4.401E-2
23.747	-6.061E-4	4.403E-2
23.756	-8.989E-4	4.404E-2
23.764	-1.146E-3	4.412E-2
23.773	-1.330E-3	4.416E-2
23.781	-1.368E-3	4.419E-2
23.789	-1.360E-3	4.432E-2
23.798	-1.172E-3	4.436E-2
23.806	-9.163E-4	4.437E-2
23.814	-6.416E-4	4.437E-2
23.823	-2.879E-4	4.435E-2
23.831	4.037E-5	4.434E-2
23.840	2.952E-4	4.428E-2
23.848	4.974E-4	4.423E-2
23.856	6.055E-4	4.418E-2
23.865	5.378E-4	4.411E-2
23.873	4.316E-4	4.409E-2
23.881	2.062E-4	4.409E-2
23.890	-9.748E-5	4.408E-2
23.898	-4.472E-4	4.408E-2
23.907	-7.464E-4	4.409E-2
23.915	-1.032E-3	4.411E-2
23.923	-1.248E-3	4.414E-2
23.932	-1.382E-3	4.413E-2
23.940	-1.374E-3	4.415E-2
23.948	-1.267E-3	4.418E-2
23.957	-1.081E-3	4.415E-2
23.965	-7.976E-4	4.414E-2
23.974	-4.806E-4	4.411E-2
23.982	-1.560E-4	4.411E-2
23.990	1.742E-4	4.409E-2
23.999	4.309E-4	4.406E-2
24.007	5.491E-4	4.406E-2
24.015	5.747E-4	4.407E-2
24.024	4.735E-4	4.407E-2
24.032	2.652E-4	4.408E-2
24.041	1.175E-5	4.409E-2
24.049	-2.992E-4	4.413E-2
24.057	-6.676E-4	4.413E-2
24.066	-9.360E-4	4.413E-2
24.074	-1.167E-3	4.413E-2
24.082	-1.341E-3	4.412E-2
24.091	-1.355E-3	4.411E-2
24.099	-1.348E-3	4.408E-2
24.108	-1.147E-3	4.406E-2
24.116	-8.901E-4	4.405E-2
24.124	-5.983E-4	4.403E-2
24.133	-2.469E-4	4.404E-2
24.141	4.862E-5	4.405E-2
24.149	3.009E-4	4.406E-2
24.158	4.878E-4	4.408E-2
24.166	5.503E-4	4.411E-2
24.175	5.002E-4	4.415E-2
24.183	3.358E-4	4.419E-2
24.191	8.705E-5	4.424E-2
24.200	-2.112E-4	4.431E-2
24.208	-5.129E-4	4.434E-2
24.216	-8.292E-4	4.434E-2
24.225	-1.111E-3	4.432E-2
24.233	-1.294E-3	4.429E-2
24.242	-1.388E-3	4.427E-2
24.250	-1.376E-3	4.415E-2
24.258	-1.201E-3	4.408E-2
24.267	-9.539E-4	4.403E-2
24.275	-6.812E-4	4.399E-2
24.283	-3.909E-4	4.398E-2
24.292	-4.859E-5	4.401E-2
24.300	2.406E-4	4.402E-2
24.309	4.644E-4	4.410E-2
24.317	5.470E-4	4.415E-2
24.325	5.365E-4	4.425E-2
24.334	4.540E-4	4.435E-2
24.342	2.479E-4	4.441E-2
24.350	-8.140E-6	4.441E-2
24.359	-3.297E-4	4.446E-2
24.367	-6.584E-4	4.449E-2
24.376	-9.153E-4	4.446E-2
24.384	-1.137E-3	4.440E-2
24.392	-1.270E-3	4.429E-2
24.401	-1.301E-3	4.417E-2
24.409	-1.298E-3	4.406E-2
24.417	-1.093E-3	4.396E-2
24.426	-8.499E-4	4.390E-2
24.434	-5.521E-4	4.385E-2
24.443	-2.560E-4	4.385E-2
24.451	3.021E-5	4.386E-2
24.459	2.610E-4	4.399E-2
24.468	4.428E-4	4.411E-2
24.476	4.819E-4	4.424E-2
24.485	4.514E-4	4.436E-2
24.493	2.751E-4	4.447E-2
24.501	4.543E-5	4.457E-2
24.510	-2.242E-4	4.458E-2
24.518	-5.019E-4	4.459E-2
24.526	-7.863E-4	4.454E-2
24.535	-1.037E-3	4.445E-2
24.543	-1.181E-3	4.434E-2
24.552	-1.255E-3	4.418E-2
24.560	-1.274E-3	4.404E-2
24.568	-1.142E-3	4.389E-2
24.577	-9.111E-4	4.380E-2
24.585	-6.652E-4	4.376E-2
24.593	-3.883E-4	4.378E-2
24.602	-9.785E-5	4.383E-2
24.610	1.153E-4	4.392E-2
24.619	2.741E-4	4.406E-2
24.627	4.056E-4	4.423E-2
24.635	4.195E-4	4.439E-2
24.644	2.929E-4	4.453E-2
24.652	1.022E-4	4.465E-2
24.660	-1.561E-4	4.474E-2
24.669	-4.333E-4	4.475E-2
24.677	-6.902E-4	4.472E-2
24.686	-9.112E-4	4.460E-2
24.694	-1.109E-3	4.446E-2
24.702	-1.178E-3	4.428E-2
24.711	-1.165E-3	4.410E-2
24.719	-1.137E-3	4.390E-2
24.727	-9.141E-4	4.378E-2
24.736	-6.917E-4	4.370E-2
24.744	-4.446E-4	4.366E-2
24.753	-1.930E-4	4.369E-2
24.761	4.314E-5	4.381E-2
24.769	2.505E-4	4.399E-2
24.778	3.460E-4	4.418E-2
24.786	3.786E-4	4.436E-2
24.794	2.857E-4	4.454E-2
24.803	1.840E-4	4.470E-2
24.811	3.683E-6	4.479E-2
24.820	-2.338E-4	4.479E-2
24.828	-4.729E-4	4.477E-2
24.836	-6.973E-4	4.466E-2
24.845	-8.824E-4	4.450E-2
24.853	-1.049E-3	4.431E-2
24.861	-1.116E-3	4.408E-2
24.870	-1.115E-3	4.387E-2
24.878	-9.334E-4	4.369E-2
24.887	-7.849E-4	4.359E-2
24.895	-6.065E-4	4.357E-2
24.903	-3.862E-4	4.361E-2
24.912	-1.662E-4	4.373E-2
24.920	3.013E-5	4.391E-2
24.928	2.118E-4	4.412E-2
24.937	2.651E-4	4.435E-2
24.945	2.628E-4	4.455E-2
24.954	2.119E-4	4.474E-2
24.962	3.712E-5	4.485E-2
24.970	-1.697E-4	4.483E-2
24.979	-3.996E-4	4.482E-2
24.987	-6.301E-4	4.471E-2
24.995	-8.135E-4	4.454E-2
25.004	-9.307E-4	4.431E-2
25.012	-1.019E-3	4.408E-2
25.021	-1.057E-3	4.385E-2
25.029	-9.844E-4	4.365E-2
25.037	-8.848E-4	4.350E-2
25.046	-6.974E-4	4.346E-2
25.054	-4.737E-4	4.349E-2
25.062	-2.530E-4	4.359E-2
25.071	-5.169E-5	4.378E-2
25.079	8.263E-5	4.403E-2
25.088	2.128E-4	4.430E-2
25.096	2.511E-4	4.454E-2
25.104	2.226E-4	4.475E-2
25.113	9.857E-5	4.490E-2
25.121	-2.099E-5	4.499E-2
25.129	-2.066E-4	4.499E-2
25.138	-4.110E-4	4.485E-2
25.146	-6.209E-4	4.465E-2
25.155	-7.414E-4	4.444E-2
25.163	-8.596E-4	4.418E-2
25.171	-8.948E-4	4.391E-2
25.180	-8.929E-4	4.366E-2
25.188	-8.521E-4	4.349E-2
25.197	-6.984E-4	4.340E-2
25.205	-5.817E-4	4.340E-2
25.213	-4.142E-4	4.351E-2
25.222	-2.218E-4	4.370E-2
25.230	-4.654E-5	4.393E-2
25.238	6.119E-5	4.419E-2
25.247	1.114E-4	4.449E-2
25.255	1.057E-4	4.474E-2
25.264	5.083E-5	4.492E-2
25.272	-8.213E-6	4.502E-2
25.280	-1.767E-4	4.502E-2
25.289	-3.309E-4	4.492E-2
25.297	-4.903E-4	4.475E-2
25.305	-6.522E-4	4.451E-2
25.314	-7.297E-4	4.424E-2
25.322	-8.489E-4	4.397E-2
25.331	-8.872E-4	4.375E-2
25.339	-8.835E-4	4.358E-2
25.347	-7.844E-4	4.345E-2
25.356	-6.921E-4	4.342E-2
25.364	-5.539E-4	4.349E-2
25.372	-4.311E-4	4.369E-2
25.381	-2.532E-4	4.392E-2
25.389	-1.458E-4	4.420E-2
25.398	-1.693E-5	4.451E-2
25.406	2.539E-5	4.476E-2
25.414	2.895E-5	4.496E-2
25.423	6.829E-6	4.507E-2
25.431	-6.942E-5	4.506E-2
25.439	-2.147E-4	4.499E-2
25.448	-3.640E-4	4.481E-2
25.456	-4.779E-4	4.456E-2
25.465	-6.347E-4	4.428E-2
25.473	-6.969E-4	4.400E-2
25.481	-7.331E-4	4.372E-2
25.490	-7.464E-4	4.348E-2
25.498	-7.273E-4	4.336E-2
25.506	-6.685E-4	4.335E-2
25.515	-6.150E-4	4.341E-2
25.523	-4.743E-4	4.357E-2
25.532	-3.704E-4	4.382E-2
25.540	-2.317E-4	4.411E-2
25.548	-1.445E-4	4.439E-2
25.557	-2.575E-5	4.466E-2
25.565	2.766E-5	4.490E-2
25.573	2.967E-5	4.505E-2
25.582	1.416E-5	4.508E-2
25.590	-3.825E-5	4.502E-2
25.599	-1.533E-4	4.484E-2
25.607	-2.636E-4	4.459E-2
25.615	-3.898E-4	4.431E-2
25.624	-4.888E-4	4.404E-2
25.632	-6.118E-4	4.375E-2
25.640	-6.666E-4	4.354E-2
25.649	-6.696E-4	4.339E-2
25.657	-6.758E-4	4.335E-2
25.666	-6.524E-4	4.340E-2
25.674	-6.171E-4	4.354E-2
25.682	-5.002E-4	4.378E-2
25.691	-3.969E-4	4.407E-2
25.699	-2.631E-4	4.436E-2
25.707	-1.636E-4	4.463E-2
25.716	-8.089E-5	4.485E-2
25.724	-1.403E-5	4.501E-2
25.733	1.615E-5	4.506E-2
25.741	8.589E-6	4.503E-2
25.749	-2.149E-6	4.489E-2
25.758	-1.447E-4	4.468E-2
25.766	-2.308E-4	4.443E-2
25.774	-3.758E-4	4.415E-2
25.783	-4.688E-4	4.385E-2
25.791	-6.078E-4	4.360E-2
25.800	-6.644E-4	4.342E-2
25.808	-6.715E-4	4.336E-2
25.816	-7.061E-4	4.337E-2
25.825	-6.746E-4	4.348E-2
25.833	-6.372E-4	4.368E-2
25.842	-5.767E-4	4.393E-2
25.850	-4.464E-4	4.422E-2
25.858	-3.483E-4	4.453E-2
25.867	-2.224E-4	4.478E-2
25.875	-1.401E-4	4.497E-2
25.883	-8.776E-5	4.505E-2
25.892	-1.540E-5	4.503E-2
25.900	-2.961E-6	4.493E-2
25.909	1.400E-6	4.474E-2
25.917	-1.450E-4	4.447E-2
25.925	-2.280E-4	4.420E-2
25.934	-3.630E-4	4.392E-2
25.942	-4.782E-4	4.366E-2
25.950	-6.346E-4	4.346E-2
25.959	-6.852E-4	4.336E-2
25.967	-7.455E-4	4.337E-2
25.976	-7.729E-4	4.346E-2
25.984	-7.697E-4	4.363E-2
25.992	-7.135E-4	4.387E-2
26.001	-6.473E-4	4.415E-2
26.009	-4.831E-4	4.442E-2
26.017	-3.749E-4	4.472E-2
26.026	-2.221E-4	4.493E-2
26.034	-1.112E-4	4.503E-2
26.043	-6.171E-6	4.503E-2
26.051	3.273E-5	4.496E-2
26.059	3.432E-5	4.478E-2
26.068	3.156E-5	4.454E-2
26.076	-9.542E-5	4.426E-2
26.084	-2.242E-4	4.399E-2
26.093	-3.888E-4	4.376E-2
26.101	-5.103E-4	4.358E-2
26.110	-6.606E-4	4.345E-2
26.118	-7.343E-4	4.342E-2
26.126	-8.399E-4	4.348E-2
26.135	-8.742E-4	4.363E-2
26.143	-8.769E-4	4.386E-2
26.151	-7.457E-4	4.411E-2
26.160	-6.498E-4	4.438E-2
26.168	-4.722E-4	4.460E-2
26.177	-3.376E-4	4.479E-2
26.185	-1.943E-4	4.492E-2
26.193	-2.221E-5	4.497E-2
26.202	5.257E-5	4.493E-2
26.210	9.772E-5	4.478E-2
26.218	7.854E-5	4.456E-2
26.227	2.655E-5	4.431E-2
26.235	-5.127E-5	4.405E-2
26.244	-2.016E-4	4.382E-2
26.252	-3.942E-4	4.362E-2
26.260	-5.774E-4	4.348E-2
26.269	-7.082E-4	4.345E-2
26.277	-8.612E-4	4.345E-2
26.285	-9.104E-4	4.360E-2
26.294	-9.138E-4	4.380E-2
26.302	-8.932E-4	4.406E-2
26.311	-8.013E-4	4.431E-2
26.319	-6.726E-4	4.455E-2
26.327	-4.682E-4	4.474E-2
26.336	-2.696E-4	4.487E-2
26.344	-9.245E-5	4.489E-2
26.352	3.260E-5	4.489E-2
26.361	1.419E-4	4.479E-2
26.369	1.260E-4	4.459E-2
26.378	1.154E-4	4.435E-2
26.386	1.803E-5	4.410E-2
26.394	-1.082E-4	4.386E-2
26.403	-2.876E-4	4.367E-2
26.411	-4.732E-4	4.354E-2
26.419	-6.760E-4	4.353E-2
26.428	-8.574E-4	4.356E-2
26.436	-9.361E-4	4.366E-2
26.445	-9.738E-4	4.383E-2
26.453	-9.530E-4	4.405E-2
26.461	-8.890E-4	4.428E-2
26.470	-7.645E-4	4.451E-2
26.478	-6.311E-4	4.471E-2
26.486	-4.195E-4	4.483E-2
26.495	-2.035E-4	4.488E-2
26.503	7.107E-6	4.483E-2
26.512	1.584E-4	4.474E-2
26.520	2.325E-4	4.458E-2
26.528	2.418E-4	4.436E-2
26.537	2.289E-4	4.413E-2
26.545	6.264E-5	4.391E-2
26.554	-1.212E-4	4.373E-2
26.562	-3.590E-4	4.363E-2
26.570	-6.072E-4	4.358E-2
26.579	-8.030E-4	4.359E-2
26.587	-9.569E-4	4.367E-2
26.595	-1.081E-3	4.381E-2
26.604	-1.135E-3	4.400E-2
26.612	-1.091E-3	4.421E-2
26.621	-9.465E-4	4.443E-2
26.629	-7.525E-4	4.461E-2
26.637	-5.202E-4	4.473E-2
26.646	-2.655E-4	4.479E-2
26.654	-1.788E-5	4.478E-2
26.662	1.799E-4	4.473E-2
26.671	3.020E-4	4.460E-2
26.679	3.594E-4	4.440E-2
26.688	3.272E-4	4.421E-2
26.696	2.292E-4	4.405E-2
26.704	4.785E-5	4.388E-2
26.713	-1.872E-4	4.377E-2
26.721	-4.316E-4	4.371E-2
26.729	-6.675E-4	4.369E-2
26.738	-8.833E-4	4.372E-2
26.746	-1.059E-3	4.383E-2
26.755	-1.138E-3	4.398E-2
26.763	-1.135E-3	4.416E-2
26.771	-1.053E-3	4.433E-2
26.780	-8.947E-4	4.447E-2
26.788	-6.718E-4	4.458E-2
26.796	-4.298E-4	4.464E-2
26.805	-1.837E-4	4.462E-2
26.813	5.038E-5	4.456E-2
26.822	2.430E-4	4.448E-2
26.830	3.435E-4	4.435E-2
26.838	3.306E-4	4.417E-2
26.847	2.709E-4	4.403E-2
26.855	1.112E-4	4.390E-2
26.863	-1.158E-4	4.380E-2
26.872	-3.915E-4	4.376E-2
26.880	-6.612E-4	4.378E-2
26.889	-8.958E-4	4.380E-2
26.897	-1.098E-3	4.390E-2
26.905	-1.200E-3	4.402E-2
26.914	-1.211E-3	4.414E-2
26.922	-1.152E-3	4.428E-2
26.930	-9.803E-4	4.440E-2
26.939	-7.748E-4	4.448E-2
26.947	-5.481E-4	4.455E-2
26.956	-2.719E-4	4.456E-2
26.964	3.548E-6	4.453E-2
26.972	2.341E-4	4.447E-2
26.981	3.695E-4	4.437E-2
26.989	4.106E-4	4.424E-2
26.997	4.244E-4	4.413E-2
27.006	2.848E-4	4.403E-2
27.014	6.624E-5	4.395E-2
27.023	-1.884E-4	4.388E-2
27.031	-4.571E-4	4.386E-2
27.039	-7.167E-4	4.386E-2
27.048	-9.261E-4	4.392E-2
27.056	-1.118E-3	4.403E-2
27.064	-1.167E-3	4.412E-2
27.073	-1.155E-3	4.422E-2
27.081	-1.077E-3	4.433E-2
27.090	-8.724E-4	4.437E-2
27.098	-6.448E-4	4.437E-2
27.106	-3.759E-4	4.440E-2
27.115	-9.657E-5	4.436E-2
27.123	1.324E-4	4.432E-2
27.131	2.927E-4	4.427E-2
27.140	4.346E-4	4.417E-2
27.148	4.512E-4	4.409E-2
27.157	3.439E-4	4.403E-2
27.165	1.806E-4	4.399E-2
27.173	-4.377E-5	4.401E-2
27.182	-3.382E-4	4.398E-2
27.190	-6.485E-4	4.401E-2
27.198	-8.942E-4	4.405E-2
27.207	-1.123E-3	4.412E-2
27.215	-1.204E-3	4.416E-2
27.224	-1.213E-3	4.421E-2
27.232	-1.134E-3	4.430E-2
27.240	-9.563E-4	4.433E-2
27.249	-7.160E-4	4.433E-2
27.257	-4.341E-4	4.434E-2
27.266	-1.597E-4	4.433E-2
27.274	9.574E-5	4.430E-2
27.282	2.977E-4	4.426E-2
27.291	4.694E-4	4.423E-2
27.299	4.938E-4	4.424E-2
27.307	4.888E-4	4.417E-2
27.316	2.974E-4	4.412E-2
27.324	6.060E-5	4.411E-2
27.333	-2.107E-4	4.410E-2
27.341	-4.890E-4	4.410E-2
27.349	-7.730E-4	4.410E-2
27.358	-1.048E-3	4.411E-2
27.366	-1.189E-3	4.416E-2
27.374	-1.266E-3	4.417E-2
27.383	-1.238E-3	4.416E-2
27.391	-1.151E-3	4.415E-2
27.400	-9.145E-4	4.414E-2
27.408	-6.611E-4	4.413E-2
27.416	-3.716E-4	4.410E-2
27.425	-5.466E-5	4.409E-2
27.433	2.094E-4	4.408E-2
27.441	4.067E-4	4.407E-2
27.450	4.975E-4	4.407E-2
27.458	4.967E-4	4.407E-2
27.467	3.860E-4	4.408E-2
27.475	1.507E-4	4.409E-2
27.483	-1.435E-4	4.410E-2
27.492	-4.397E-4	4.412E-2
27.500	-7.078E-4	4.413E-2
27.508	-9.309E-4	4.412E-2
27.517	-1.137E-3	4.412E-2
27.525	-1.225E-3	4.412E-2
27.534	-1.266E-3	4.410E-2
27.542	-1.181E-3	4.408E-2
27.550	-9.697E-4	4.407E-2
27.559	-7.165E-4	4.407E-2
27.567	-4.372E-4	4.404E-2
27.575	-1.667E-4	4.404E-2
27.584	9.366E-5	4.405E-2
27.592	2.836E-4	4.406E-2
27.601	4.492E-4	4.409E-2
27.609	4.720E-4	4.409E-2
27.617	4.567E-4	4.413E-2
27.626	2.494E-4	4.420E-2
27.634	2.533E-5	4.428E-2
27.642	-2.485E-4	4.431E-2
27.651	-5.426E-4	4.432E-2
27.659	-8.439E-4	4.432E-2
27.668	-1.073E-3	4.432E-2
27.676	-1.177E-3	4.427E-2
27.684	-1.209E-3	4.421E-2
27.693	-1.144E-3	4.416E-2
27.701	-1.014E-3	4.409E-2
27.709	-8.332E-4	4.405E-2
27.718	-5.832E-4	4.405E-2
27.726	-2.892E-4	4.400E-2
27.735	3.603E-6	4.402E-2
27.743	2.353E-4	4.404E-2
27.751	3.791E-4	4.411E-2
27.760	4.547E-4	4.416E-2
27.768	4.578E-4	4.424E-2
27.776	2.790E-4	4.434E-2
27.785	7.736E-5	4.438E-2
27.793	-1.829E-4	4.441E-2
27.802	-4.536E-4	4.440E-2
27.810	-6.988E-4	4.437E-2
27.818	-9.124E-4	4.435E-2
27.827	-1.111E-3	4.427E-2
27.835	-1.159E-3	4.416E-2
27.843	-1.149E-3	4.408E-2
27.852	-1.077E-3	4.399E-2
27.860	-8.864E-4	4.391E-2
27.869	-6.588E-4	4.386E-2
27.877	-4.016E-4	4.383E-2
27.885	-1.495E-4	4.384E-2
27.894	7.433E-5	4.388E-2
27.902	2.566E-4	4.397E-2
27.910	3.632E-4	4.410E-2
27.919	3.514E-4	4.421E-2
27.927	2.679E-4	4.434E-2
27.936	8.730E-5	4.442E-2
27.944	-1.372E-4	4.452E-2
27.952	-4.057E-4	4.456E-2
27.961	-6.681E-4	4.455E-2
27.969	-8.954E-4	4.451E-2
27.978	-1.080E-3	4.439E-2
27.986	-1.178E-3	4.427E-2
27.994	-1.176E-3	4.413E-2
28.003	-1.130E-3	4.401E-2
28.011	-9.425E-4	4.390E-2
28.019	-7.411E-4	4.383E-2
28.028	-4.940E-4	4.383E-2
28.036	-2.233E-4	4.382E-2
28.045	1.743E-5	4.387E-2
28.053	2.143E-4	4.397E-2
28.061	3.152E-4	4.411E-2
28.070	3.580E-4	4.426E-2
28.078	3.170E-4	4.440E-2
28.086	2.022E-4	4.451E-2
28.095	2.191E-5	4.460E-2
28.103	-2.060E-4	4.464E-2
28.112	-4.456E-4	4.460E-2
28.120	-6.739E-4	4.454E-2
28.128	-8.777E-4	4.442E-2
28.137	-1.005E-3	4.432E-2
28.145	-1.119E-3	4.413E-2
28.153	-1.103E-3	4.397E-2
28.162	-9.571E-4	4.386E-2
28.170	-8.325E-4	4.375E-2
28.179	-6.389E-4	4.373E-2
28.187	-4.128E-4	4.376E-2
28.195	-1.852E-4	4.383E-2
28.204	2.239E-5	4.392E-2
28.212	2.002E-4	4.408E-2
28.220	2.635E-4	4.425E-2
28.229	2.642E-4	4.442E-2
28.237	2.228E-4	4.459E-2
28.246	5.082E-5	4.471E-2
28.254	-1.445E-4	4.477E-2
28.262	-3.768E-4	4.478E-2
28.271	-6.127E-4	4.473E-2
28.279	-7.988E-4	4.460E-2
28.287	-9.398E-4	4.442E-2
28.296	-1.011E-3	4.427E-2
28.304	-1.082E-3	4.407E-2
28.313	-1.009E-3	4.388E-2
28.321	-9.261E-4	4.376E-2
28.329	-7.256E-4	4.369E-2
28.338	-5.010E-4	4.366E-2
28.346	-2.770E-4	4.371E-2
28.354	-8.285E-5	4.383E-2
28.363	4.125E-5	4.400E-2
28.371	1.757E-4	4.420E-2
28.380	2.315E-4	4.443E-2
28.388	2.352E-4	4.462E-2
28.396	8.272E-5	4.476E-2
28.405	-4.057E-5	4.482E-2
28.413	-2.168E-4	4.482E-2
28.421	-4.256E-4	4.477E-2
28.430	-6.312E-4	4.464E-2
28.438	-7.839E-4	4.445E-2
28.447	-9.002E-4	4.425E-2
28.455	-9.226E-4	4.406E-2
28.463	-9.070E-4	4.386E-2
28.472	-8.711E-4	4.369E-2
28.480	-7.083E-4	4.358E-2
28.488	-5.850E-4	4.359E-2
28.497	-4.162E-4	4.360E-2
28.505	-2.145E-4	4.377E-2
28.514	-2.956E-5	4.394E-2
28.522	6.284E-5	4.414E-2
28.530	1.183E-4	4.435E-2
28.539	1.068E-4	4.456E-2
28.547	7.344E-5	4.473E-2
28.555	-2.269E-5	4.483E-2
28.564	-1.896E-4	4.484E-2
28.572	-3.647E-4	4.479E-2
28.581	-4.975E-4	4.469E-2
28.589	-6.743E-4	4.452E-2
28.597	-7.813E-4	4.430E-2
28.606	-8.772E-4	4.407E-2
28.614	-9.076E-4	4.384E-2
28.622	-8.855E-4	4.366E-2
28.631	-7.896E-4	4.354E-2
28.639	-6.911E-4	4.350E-2
28.648	-5.084E-4	4.354E-2
28.656	-3.811E-4	4.369E-2
28.664	-2.135E-4	4.386E-2
28.673	-7.881E-5	4.409E-2
28.681	-1.777E-6	4.432E-2
28.690	2.871E-5	4.455E-2
28.698	3.159E-5	4.475E-2
28.706	1.857E-6	4.487E-2
28.715	-1.290E-4	4.492E-2
28.723	-2.371E-4	4.490E-2
28.731	-4.061E-4	4.480E-2
28.740	-5.095E-4	4.461E-2
28.748	-6.510E-4	4.436E-2
28.757	-7.063E-4	4.411E-2
28.765	-7.466E-4	4.386E-2
28.773	-7.736E-4	4.365E-2
28.782	-7.375E-4	4.352E-2
28.790	-6.618E-4	4.345E-2
28.798	-5.913E-4	4.344E-2
28.807	-4.499E-4	4.357E-2
28.815	-3.355E-4	4.375E-2
28.824	-2.140E-4	4.401E-2
28.832	-1.252E-4	4.427E-2
28.840	-2.849E-5	4.452E-2
28.849	1.373E-5	4.475E-2
28.857	1.882E-5	4.492E-2
28.865	6.881E-6	4.500E-2
28.874	-1.512E-4	4.499E-2
28.882	-2.341E-4	4.488E-2
28.891	-3.831E-4	4.469E-2
28.899	-4.781E-4	4.448E-2
28.907	-6.158E-4	4.423E-2
28.916	-6.688E-4	4.397E-2
28.924	-6.993E-4	4.378E-2
28.932	-6.972E-4	4.361E-2
28.941	-6.742E-4	4.354E-2
28.949	-6.373E-4	4.356E-2
28.958	-6.051E-4	4.364E-2
28.966	-4.423E-4	4.382E-2
28.974	-3.534E-4	4.405E-2
28.983	-2.336E-4	4.429E-2
28.991	-1.733E-4	4.454E-2
28.999	-1.049E-4	4.478E-2
29.008	-1.032E-4	4.496E-2
29.016	-1.232E-4	4.504E-2
29.025	-1.585E-4	4.503E-2
29.033	-2.235E-4	4.496E-2
29.041	-2.820E-4	4.478E-2
29.050	-4.090E-4	4.454E-2
29.058	-4.786E-4	4.429E-2
29.066	-6.040E-4	4.402E-2
29.075	-6.684E-4	4.381E-2
29.083	-7.030E-4	4.362E-2
29.092	-6.918E-4	4.352E-2
29.100	-6.798E-4	4.352E-2
29.108	-6.520E-4	4.360E-2
29.117	-6.254E-4	4.377E-2
29.125	-4.702E-4	4.400E-2
29.133	-4.001E-4	4.427E-2
29.142	-2.688E-4	4.453E-2
29.150	-1.938E-4	4.477E-2
29.159	-1.401E-4	4.496E-2
29.167	-1.408E-4	4.506E-2
29.175	-9.349E-5	4.505E-2
29.184	-1.473E-4	4.500E-2
29.192	-2.062E-4	4.483E-2
29.200	-2.516E-4	4.460E-2
29.209	-3.716E-4	4.433E-2
29.217	-4.453E-4	4.407E-2
29.226	-5.625E-4	4.382E-2
29.234	-6.715E-4	4.363E-2
29.242	-7.072E-4	4.351E-2
29.251	-7.047E-4	4.347E-2
29.259	-6.932E-4	4.351E-2
29.267	-6.804E-4	4.365E-2
29.276	-6.374E-4	4.386E-2
29.284	-5.079E-4	4.410E-2
29.293	-4.145E-4	4.435E-2
29.301	-3.129E-4	4.458E-2
29.309	-2.231E-4	4.478E-2
29.318	-1.618E-4	4.492E-2
29.326	-1.389E-4	4.496E-2
29.335	-6.751E-5	4.496E-2
29.343	-1.184E-4	4.482E-2
29.351	-1.770E-4	4.461E-2
29.360	-2.493E-4	4.436E-2
29.368	-3.535E-4	4.409E-2
29.376	-4.499E-4	4.384E-2
29.385	-5.716E-4	4.362E-2
29.393	-6.855E-4	4.349E-2
29.402	-7.211E-4	4.341E-2
29.410	-7.362E-4	4.342E-2
29.418	-7.245E-4	4.356E-2
29.427	-7.040E-4	4.376E-2
29.435	-6.544E-4	4.402E-2
29.443	-5.578E-4	4.428E-2
29.452	-4.483E-4	4.452E-2
29.460	-3.387E-4	4.475E-2
29.469	-2.242E-4	4.488E-2
29.477	-1.405E-4	4.497E-2
29.485	-5.303E-5	4.497E-2
29.494	6.525E-6	4.484E-2
29.502	8.854E-6	4.465E-2
29.510	-3.406E-5	4.446E-2
29.519	-1.530E-4	4.423E-2
29.527	-2.388E-4	4.400E-2
29.536	-3.926E-4	4.380E-2
29.544	-5.005E-4	4.364E-2
29.552	-6.316E-4	4.358E-2
29.561	-6.878E-4	4.359E-2
29.569	-7.422E-4	4.366E-2
29.577	-7.308E-4	4.384E-2
29.586	-7.126E-4	4.405E-2
29.594	-6.157E-4	4.429E-2
29.603	-5.167E-4	4.453E-2
29.611	-3.914E-4	4.474E-2
29.619	-2.226E-4	4.490E-2
29.628	-1.182E-4	4.499E-2
29.636	7.977E-6	4.499E-2
29.644	6.848E-5	4.489E-2
29.653	7.371E-5	4.476E-2
29.661	5.997E-5	4.454E-2
29.670	1.426E-5	4.431E-2
29.678	-1.335E-4	4.408E-2
29.686	-2.410E-4	4.387E-2
29.695	-4.199E-4	4.368E-2
29.703	-5.902E-4	4.361E-2
29.711	-6.907E-4	4.360E-2
29.720	-8.165E-4	4.365E-2
29.728	-8.810E-4	4.380E-2
29.737	-8.830E-4	4.401E-2
29.745	-8.384E-4	4.425E-2
29.753	-7.022E-4	4.449E-2
29.762	-6.057E-4	4.468E-2
29.770	-4.356E-4	4.483E-2
29.778	-2.433E-4	4.491E-2
29.787	-9.978E-5	4.493E-2
29.795	1.178E-5	4.487E-2
29.804	6.246E-5	4.474E-2
29.812	7.537E-5	4.454E-2
29.820	3.613E-5	4.433E-2
29.829	-1.790E-5	4.410E-2
29.837	-1.927E-4	4.390E-2
29.845	-3.599E-4	4.373E-2
29.854	-5.079E-4	4.366E-2
29.862	-6.737E-4	4.362E-2
29.871	-8.264E-4	4.366E-2
29.879	-9.100E-4	4.379E-2
29.887	-9.182E-4	4.396E-2
29.896	-9.083E-4	4.418E-2
29.904	-8.440E-4	4.436E-2
29.912	-6.892E-4	4.453E-2
29.921	-5.097E-4	4.469E-2
29.929	-3.370E-4	4.478E-2
29.938	-1.754E-4	4.478E-2
29.946	1.002E-5	4.478E-2
29.954	1.058E-4	4.466E-2
29.963	1.832E-4	4.452E-2
29.971	1.989E-4	4.434E-2
29.979	9.959E-5	4.414E-2
29.988	-4.893E-6	4.394E-2
29.996	-1.956E-4	4.378E-2
30.005	-4.038E-4	4.370E-2
30.013	-6.148E-4	4.364E-2
30.021	-7.720E-4	4.365E-2
30.030	-9.162E-4	4.377E-2
30.038	-9.530E-4	4.390E-2
30.047	-9.457E-4	4.408E-2
30.055	-9.037E-4	4.427E-2
30.063	-8.112E-4	4.444E-2
30.072	-6.572E-4	4.459E-2
30.080	-4.416E-4	4.468E-2
30.088	-2.226E-4	4.473E-2
30.097	-1.121E-5	4.474E-2
30.105	1.117E-4	4.463E-2
30.114	2.296E-4	4.449E-2
30.122	2.553E-4	4.434E-2
30.130	2.280E-4	4.416E-2
30.139	8.979E-5	4.400E-2
30.147	-6.810E-5	4.387E-2
30.155	-2.806E-4	4.378E-2
30.164	-4.888E-4	4.376E-2
30.172	-6.821E-4	4.380E-2
30.181	-8.690E-4	4.386E-2
30.189	-9.545E-4	4.397E-2
30.197	-1.028E-3	4.412E-2
30.206	-1.045E-3	4.428E-2
30.214	-9.110E-4	4.442E-2
30.222	-7.404E-4	4.455E-2
30.231	-5.445E-4	4.462E-2
30.239	-3.443E-4	4.466E-2
30.248	-1.445E-4	4.468E-2
30.256	3.891E-5	4.461E-2
30.264	2.102E-4	4.450E-2
30.273	2.626E-4	4.438E-2
30.281	2.604E-4	4.424E-2
30.289	2.064E-4	4.411E-2
30.298	3.259E-5	4.399E-2
30.306	-1.875E-4	4.392E-2
30.315	-4.190E-4	4.386E-2
30.323	-6.544E-4	4.386E-2
30.331	-8.644E-4	4.388E-2
30.340	-9.752E-4	4.400E-2
30.348	-1.094E-3	4.411E-2
30.356	-1.104E-3	4.423E-2
30.365	-1.024E-3	4.435E-2
30.373	-8.917E-4	4.446E-2
30.382	-6.829E-4	4.453E-2
30.390	-4.494E-4	4.456E-2
30.398	-2.087E-4	4.455E-2
30.407	2.513E-5	4.454E-2
30.415	2.165E-4	4.444E-2
30.423	2.958E-4	4.434E-2
30.432	3.075E-4	4.424E-2
30.440	2.561E-4	4.413E-2
30.449	1.237E-4	4.406E-2
30.457	-7.164E-5	4.402E-2
30.465	-3.422E-4	4.399E-2
30.474	-6.219E-4	4.399E-2
30.482	-8.542E-4	4.404E-2
30.490	-1.012E-3	4.409E-2
30.499	-1.174E-3	4.416E-2
30.507	-1.187E-3	4.423E-2
30.516	-1.163E-3	4.434E-2
30.524	-9.631E-4	4.439E-2
30.532	-7.939E-4	4.444E-2
30.541	-5.871E-4	4.448E-2
30.549	-3.552E-4	4.450E-2
30.557	-1.159E-4	4.450E-2
30.566	6.956E-5	4.445E-2
30.574	2.119E-4	4.435E-2
30.583	2.864E-4	4.428E-2
30.591	2.676E-4	4.422E-2
30.599	1.891E-4	4.415E-2
30.608	7.875E-6	4.410E-2
30.616	-2.204E-4	4.409E-2
30.624	-4.592E-4	4.408E-2
30.633	-6.920E-4	4.409E-2
30.641	-9.047E-4	4.410E-2
30.650	-1.088E-3	4.416E-2
30.658	-1.145E-3	4.421E-2
30.666	-1.140E-3	4.425E-2
30.675	-1.044E-3	4.434E-2
30.683	-8.905E-4	4.435E-2
30.691	-6.692E-4	4.435E-2
30.700	-4.281E-4	4.434E-2
30.708	-1.790E-4	4.432E-2
30.717	5.343E-5	4.432E-2
30.725	2.426E-4	4.424E-2
30.733	3.336E-4	4.421E-2
30.742	3.256E-4	4.418E-2
30.750	2.521E-4	4.413E-2
30.759	8.780E-5	4.411E-2
30.767	-1.462E-4	4.410E-2
30.775	-4.063E-4	4.410E-2
30.784	-6.667E-4	4.411E-2
30.792	-8.906E-4	4.412E-2
30.800	-1.072E-3	4.414E-2
30.809	-1.178E-3	4.415E-2
30.817	-1.176E-3	4.414E-2
30.826	-1.157E-3	4.413E-2
30.834	-9.378E-4	4.414E-2
30.842	-7.290E-4	4.413E-2
30.851	-4.787E-4	4.412E-2
30.859	-2.123E-4	4.410E-2
30.867	3.113E-5	4.409E-2
30.876	2.439E-4	4.409E-2
30.884	3.448E-4	4.406E-2
30.893	4.104E-4	4.407E-2
30.901	3.477E-4	4.407E-2
30.909	2.340E-4	4.408E-2
30.918	3.421E-5	4.409E-2
30.926	-2.066E-4	4.410E-2
30.934	-4.606E-4	4.413E-2
30.943	-6.964E-4	4.413E-2
30.951	-8.947E-4	4.413E-2
30.960	-1.083E-3	4.412E-2
30.968	-1.132E-3	4.412E-2
30.976	-1.126E-3	4.411E-2
30.985	-9.760E-4	4.407E-2
30.993	-8.006E-4	4.406E-2
31.001	-6.016E-4	4.405E-2
31.010	-3.652E-4	4.405E-2
31.018	-1.202E-4	4.405E-2
31.027	7.939E-5	4.406E-2
31.035	2.467E-4	4.407E-2
31.043	3.180E-4	4.410E-2
31.052	3.015E-4	4.411E-2
31.060	2.117E-4	4.414E-2
31.068	4.550E-5	4.418E-2
31.077	-1.860E-4	4.417E-2
31.085	-4.285E-4	4.418E-2
31.094	-6.765E-4	4.423E-2
31.102	-8.924E-4	4.425E-2
31.110	-1.059E-3	4.425E-2
31.119	-1.152E-3	4.420E-2
31.127	-1.151E-3	4.421E-2
31.135	-1.097E-3	4.413E-2
31.144	-9.165E-4	4.408E-2
31.152	-6.960E-4	4.404E-2
31.161	-4.535E-4	4.403E-2
31.169	-2.098E-4	4.403E-2
31.177	2.695E-5	4.404E-2
31.186	2.226E-4	4.406E-2
31.194	3.097E-4	4.412E-2
31.202	3.178E-4	4.418E-2
31.211	2.637E-4	4.423E-2
31.219	1.373E-4	4.432E-2
31.228	-5.354E-5	4.437E-2
31.236	-2.718E-4	4.436E-2
31.244	-5.027E-4	4.436E-2
31.253	-7.163E-4	4.435E-2
31.261	-8.877E-4	4.432E-2
31.269	-1.039E-3	4.427E-2
31.278	-1.108E-3	4.416E-2
31.286	-1.109E-3	4.408E-2
31.295	-9.187E-4	4.401E-2
31.303	-7.433E-4	4.394E-2
31.311	-5.095E-4	4.387E-2
31.320	-2.530E-4	4.387E-2
31.328	-1.072E-5	4.388E-2
31.336	1.889E-4	4.388E-2
31.345	3.059E-4	4.403E-2
31.353	3.584E-4	4.412E-2
31.362	3.099E-4	4.423E-2
31.370	2.235E-4	4.434E-2
31.378	5.739E-5	4.438E-2
31.387	-1.752E-4	4.439E-2
31.395	-4.103E-4	4.439E-2
31.403	-6.440E-4	4.438E-2
31.412	-8.470E-4	4.432E-2
31.420	-9.419E-4	4.427E-2
31.429	-1.062E-3	4.414E-2
31.437	-1.073E-3	4.403E-2
31.445	-9.463E-4	4.391E-2
31.454	-8.414E-4	4.383E-2
31.462	-6.591E-4	4.379E-2
31.471	-4.300E-4	4.380E-2
31.479	-2.033E-4	4.382E-2
31.487	6.143E-6	4.387E-2
31.496	1.686E-4	4.399E-2
31.504	2.365E-4	4.412E-2
31.512	2.454E-4	4.426E-2
31.521	2.119E-4	4.437E-2
31.529	5.850E-5	4.448E-2
31.538	-1.286E-4	4.456E-2
31.546	-3.397E-4	4.456E-2
31.554	-5.772E-4	4.456E-2
31.563	-7.436E-4	4.449E-2
31.571	-9.010E-4	4.438E-2
31.579	-9.583E-4	4.425E-2
31.588	-9.776E-4	4.411E-2
31.596	-9.190E-4	4.397E-2
31.605	-8.531E-4	4.387E-2
31.613	-6.739E-4	4.380E-2
31.621	-4.745E-4	4.377E-2
31.630	-2.596E-4	4.381E-2
31.638	-5.720E-5	4.387E-2
31.646	9.872E-5	4.399E-2
31.655	2.181E-4	4.414E-2
31.663	2.640E-4	4.430E-2
31.672	2.469E-4	4.445E-2
31.680	1.339E-4	4.458E-2
31.688	-1.470E-6	4.467E-2
31.697	-1.936E-4	4.470E-2
31.705	-4.066E-4	4.472E-2
31.713	-6.104E-4	4.466E-2
31.722	-7.421E-4	4.454E-2
31.730	-8.574E-4	4.438E-2
31.739	-9.027E-4	4.420E-2
31.747	-8.968E-4	4.406E-2
31.755	-8.616E-4	4.390E-2
31.764	-7.027E-4	4.380E-2
31.772	-5.746E-4	4.376E-2
31.780	-4.143E-4	4.378E-2
31.789	-2.111E-4	4.387E-2
31.797	-2.575E-5	4.398E-2
31.806	6.589E-5	4.415E-2
31.814	1.278E-4	4.431E-2
31.822	1.234E-4	4.449E-2
31.831	5.209E-5	4.464E-2
31.839	-1.552E-5	4.474E-2
31.847	-1.917E-4	4.478E-2
31.856	-3.638E-4	4.478E-2
31.864	-5.106E-4	4.472E-2
31.873	-6.709E-4	4.457E-2
31.881	-7.901E-4	4.440E-2
31.889	-8.937E-4	4.420E-2
31.898	-9.001E-4	4.404E-2
31.906	-8.901E-4	4.386E-2
31.914	-7.925E-4	4.374E-2
31.923	-6.842E-4	4.369E-2
31.931	-4.979E-4	4.366E-2
31.940	-3.599E-4	4.372E-2
31.948	-2.091E-4	4.384E-2
31.956	-4.701E-5	4.402E-2
31.965	3.355E-5	4.423E-2
31.973	5.713E-5	4.443E-2
31.981	4.503E-5	4.462E-2
31.990	9.028E-6	4.474E-2
31.998	-1.284E-4	4.481E-2
32.007	-2.435E-4	4.480E-2
32.015	-4.114E-4	4.477E-2
32.023	-5.472E-4	4.460E-2
32.032	-6.842E-4	4.441E-2
32.040	-7.485E-4	4.420E-2
32.048	-8.233E-4	4.403E-2
32.057	-8.436E-4	4.384E-2
32.065	-8.135E-4	4.367E-2
32.074	-7.038E-4	4.361E-2
32.082	-6.175E-4	4.359E-2
32.090	-4.602E-4	4.363E-2
32.099	-3.281E-4	4.378E-2
32.107	-2.236E-4	4.396E-2
32.116	-1.127E-4	4.420E-2
32.124	-3.682E-5	4.444E-2
32.132	-1.008E-8	4.463E-2
32.141	-6.386E-6	4.477E-2
32.149	-6.334E-5	4.485E-2
32.157	-2.118E-4	4.485E-2
32.166	-3.162E-4	4.480E-2
32.174	-4.571E-4	4.467E-2
32.183	-5.937E-4	4.450E-2
32.191	-6.889E-4	4.430E-2
32.199	-7.208E-4	4.408E-2
32.208	-7.390E-4	4.387E-2
32.216	-7.182E-4	4.368E-2
32.224	-6.805E-4	4.358E-2
32.233	-6.255E-4	4.356E-2
32.241	-4.988E-4	4.362E-2
32.250	-3.952E-4	4.372E-2
32.258	-2.578E-4	4.388E-2
32.266	-1.732E-4	4.410E-2
32.275	-1.335E-4	4.433E-2
32.283	-3.770E-5	4.454E-2
32.291	-8.316E-6	4.472E-2
32.300	-1.825E-5	4.482E-2
32.308	-7.824E-5	4.486E-2
32.317	-1.881E-4	4.483E-2
32.325	-2.643E-4	4.468E-2
32.333	-3.935E-4	4.452E-2
32.342	-4.784E-4	4.431E-2
32.350	-5.913E-4	4.408E-2
32.358	-6.484E-4	4.386E-2
32.367	-6.638E-4	4.367E-2
32.375	-6.641E-4	4.355E-2
32.384	-6.503E-4	4.351E-2
32.392	-6.039E-4	4.357E-2
32.400	-4.884E-4	4.367E-2
32.409	-4.142E-4	4.384E-2
32.417	-3.065E-4	4.406E-2
32.425	-2.510E-4	4.430E-2
32.434	-1.829E-4	4.452E-2
32.442	-1.354E-4	4.472E-2
32.451	-1.311E-4	4.484E-2
32.459	-1.594E-4	4.489E-2
32.467	-2.104E-4	4.490E-2
32.476	-2.451E-4	4.480E-2
32.484	-2.730E-4	4.462E-2
32.492	-4.123E-4	4.438E-2
32.501	-4.729E-4	4.413E-2
32.509	-5.872E-4	4.389E-2
32.518	-6.544E-4	4.369E-2
32.526	-6.704E-4	4.355E-2
32.534	-6.707E-4	4.350E-2
32.543	-6.628E-4	4.354E-2
32.551	-6.274E-4	4.364E-2
32.559	-5.265E-4	4.380E-2
32.568	-4.688E-4	4.402E-2
32.576	-4.015E-4	4.427E-2
32.585	-3.339E-4	4.451E-2
32.593	-2.362E-4	4.472E-2
32.601	-1.928E-4	4.485E-2
32.610	-1.716E-4	4.493E-2
32.618	-1.784E-4	4.494E-2
32.626	-2.063E-4	4.484E-2
32.635	-2.155E-4	4.467E-2
32.643	-2.878E-4	4.449E-2
32.652	-3.999E-4	4.427E-2
32.660	-4.570E-4	4.404E-2
32.668	-5.600E-4	4.384E-2
32.677	-6.503E-4	4.366E-2
32.685	-6.631E-4	4.359E-2
32.693	-6.715E-4	4.359E-2
32.702	-6.765E-4	4.364E-2
32.710	-6.569E-4	4.381E-2
32.719	-6.079E-4	4.400E-2
32.727	-4.816E-4	4.425E-2
32.735	-4.196E-4	4.450E-2
32.744	-3.572E-4	4.472E-2
32.752	-2.339E-4	4.485E-2
32.760	-1.833E-4	4.494E-2
32.769	-1.765E-4	4.497E-2
32.777	-1.429E-4	4.490E-2
32.786	-1.726E-4	4.478E-2
32.794	-1.974E-4	4.456E-2
32.802	-2.684E-4	4.432E-2
32.811	-3.827E-4	4.409E-2
32.819	-4.681E-4	4.387E-2
32.828	-5.439E-4	4.368E-2
32.836	-6.635E-4	4.359E-2
32.844	-6.734E-4	4.359E-2
32.853	-6.945E-4	4.363E-2
32.861	-6.931E-4	4.375E-2
32.869	-6.707E-4	4.394E-2
32.878	-6.297E-4	4.414E-2
32.886	-4.973E-4	4.437E-2
32.895	-4.174E-4	4.457E-2
32.903	-2.813E-4	4.474E-2
32.911	-1.889E-4	4.482E-2
32.920	-1.240E-4	4.484E-2
32.928	-5.572E-5	4.479E-2
32.936	-1.663E-5	4.467E-2
32.945	-1.006E-5	4.451E-2
32.953	-4.130E-5	4.430E-2
32.962	-1.702E-4	4.408E-2
32.970	-2.671E-4	4.387E-2
32.978	-3.879E-4	4.369E-2
32.987	-4.937E-4	4.358E-2
32.995	-6.018E-4	4.356E-2
33.003	-6.326E-4	4.361E-2
33.012	-6.885E-4	4.371E-2
33.020	-6.804E-4	4.386E-2
33.029	-6.476E-4	4.407E-2
33.037	-6.057E-4	4.429E-2
33.045	-4.748E-4	4.450E-2
33.054	-3.769E-4	4.467E-2
33.062	-2.389E-4	4.480E-2
33.070	-1.443E-4	4.483E-2
33.079	-3.904E-5	4.479E-2
33.087	3.200E-5	4.470E-2
33.096	3.532E-5	4.454E-2
33.104	3.356E-5	4.434E-2
33.112	-5.784E-5	4.412E-2
33.121	-1.686E-4	4.392E-2
33.129	-2.716E-4	4.374E-2
33.137	-4.130E-4	4.364E-2
33.146	-5.759E-4	4.362E-2
33.154	-6.681E-4	4.362E-2
33.163	-7.088E-4	4.367E-2
33.171	-7.741E-4	4.384E-2
33.179	-7.775E-4	4.404E-2
33.188	-7.106E-4	4.423E-2
33.196	-6.437E-4	4.445E-2
33.204	-4.749E-4	4.463E-2
33.213	-3.613E-4	4.473E-2
33.221	-2.129E-4	4.478E-2
33.230	-8.695E-5	4.478E-2
33.238	4.032E-6	4.470E-2
33.246	4.455E-5	4.457E-2
33.255	3.830E-5	4.438E-2
33.263	2.525E-5	4.417E-2
33.271	-1.099E-4	4.398E-2
33.280	-2.369E-4	4.383E-2
33.288	-4.112E-4	4.372E-2
33.297	-5.690E-4	4.364E-2
33.305	-6.975E-4	4.363E-2
33.313	-8.174E-4	4.369E-2
33.322	-8.961E-4	4.383E-2
33.330	-8.993E-4	4.401E-2
33.338	-8.717E-4	4.418E-2
33.347	-7.379E-4	4.434E-2
33.355	-6.411E-4	4.450E-2
33.364	-4.562E-4	4.461E-2
33.372	-2.665E-4	4.466E-2
33.380	-1.404E-4	4.470E-2
33.389	1.094E-5	4.465E-2
33.397	6.800E-5	4.452E-2
33.405	8.484E-5	4.437E-2
33.414	7.044E-5	4.417E-2
33.422	-5.754E-6	4.401E-2
33.431	-1.464E-4	4.386E-2
33.439	-2.864E-4	4.376E-2
33.447	-4.526E-4	4.371E-2
33.456	-6.369E-4	4.369E-2
33.464	-7.622E-4	4.368E-2
33.472	-9.029E-4	4.382E-2
33.481	-9.157E-4	4.395E-2
33.489	-9.052E-4	4.410E-2
33.498	-8.643E-4	4.427E-2
33.506	-7.068E-4	4.439E-2
33.514	-5.654E-4	4.452E-2
33.523	-4.106E-4	4.457E-2
33.531	-2.123E-4	4.457E-2
33.540	-1.573E-5	4.454E-2
33.548	7.670E-5	4.446E-2
33.556	1.544E-4	4.434E-2
33.565	1.205E-4	4.417E-2
33.573	7.725E-5	4.404E-2
33.581	-3.842E-5	4.390E-2
33.590	-2.164E-4	4.381E-2
33.598	-4.091E-4	4.376E-2
33.607	-6.014E-4	4.377E-2
33.615	-7.538E-4	4.380E-2
33.623	-9.310E-4	4.389E-2
33.632	-9.602E-4	4.401E-2
33.640	-9.537E-4	4.414E-2
33.648	-9.129E-4	4.428E-2
33.657	-8.348E-4	4.439E-2
33.665	-6.740E-4	4.449E-2
33.674	-4.631E-4	4.454E-2
33.682	-2.487E-4	4.456E-2
33.690	-4.857E-5	4.454E-2
33.699	8.825E-5	4.448E-2
33.707	2.125E-4	4.438E-2
33.715	2.557E-4	4.426E-2
33.724	2.547E-4	4.413E-2
33.732	8.811E-5	4.402E-2
33.741	-3.762E-5	4.392E-2
33.749	-2.221E-4	4.386E-2
33.757	-4.378E-4	4.385E-2
33.766	-6.484E-4	4.385E-2
33.774	-8.363E-4	4.391E-2
33.782	-9.157E-4	4.403E-2
33.791	-9.567E-4	4.412E-2
33.799	-9.242E-4	4.423E-2
33.808	-8.619E-4	4.434E-2
33.816	-6.998E-4	4.439E-2
33.824	-5.138E-4	4.438E-2
33.833	-2.811E-4	4.443E-2
33.841	-5.299E-5	4.443E-2
33.849	1.320E-4	4.440E-2
33.858	2.542E-4	4.433E-2
33.866	3.012E-4	4.423E-2
33.875	2.937E-4	4.413E-2
33.883	2.288E-4	4.407E-2
33.891	7.284E-5	4.400E-2
33.900	-1.431E-4	4.396E-2
33.908	-3.788E-4	4.398E-2
33.916	-6.128E-4	4.402E-2
33.925	-8.080E-4	4.404E-2
33.933	-9.278E-4	4.412E-2
33.942	-1.038E-3	4.418E-2
33.950	-1.073E-3	4.425E-2
33.958	-9.811E-4	4.433E-2
33.967	-8.713E-4	4.437E-2
33.975	-6.774E-4	4.437E-2
33.983	-4.499E-4	4.436E-2
33.992	-2.173E-4	4.436E-2
34.000	5.085E-6	4.433E-2
34.009	1.653E-4	4.429E-2
34.017	2.408E-4	4.422E-2
34.025	2.593E-4	4.417E-2
34.034	2.564E-4	4.409E-2
34.042	8.174E-5	4.406E-2
34.050	-8.665E-5	4.404E-2
34.059	-3.229E-4	4.404E-2
34.067	-5.803E-4	4.405E-2
34.076	-7.896E-4	4.408E-2
34.084	-9.609E-4	4.409E-2
34.092	-1.085E-3	4.415E-2
34.101	-1.138E-3	4.421E-2
34.109	-1.098E-3	4.425E-2
34.117	-9.546E-4	4.432E-2
34.126	-7.846E-4	4.433E-2
34.134	-6.138E-4	4.432E-2
34.143	-3.921E-4	4.432E-2
34.151	-1.745E-4	4.429E-2
34.159	1.742E-5	4.426E-2
34.168	1.884E-4	4.424E-2
34.176	2.429E-4	4.420E-2
34.184	2.478E-4	4.423E-2
34.193	1.427E-4	4.418E-2
34.201	-1.743E-5	4.414E-2
34.210	-2.269E-4	4.413E-2
34.218	-4.493E-4	4.413E-2
34.226	-6.728E-4	4.412E-2
34.235	-8.730E-4	4.412E-2
34.243	-9.726E-4	4.414E-2
34.252	-1.083E-3	4.418E-2
34.260	-1.092E-3	4.416E-2
34.268	-9.571E-4	4.415E-2
34.277	-8.495E-4	4.414E-2
34.285	-6.583E-4	4.413E-2
34.293	-4.283E-4	4.412E-2
34.302	-1.972E-4	4.408E-2
34.310	2.518E-5	4.408E-2
34.319	2.019E-4	4.407E-2
34.327	2.719E-4	4.407E-2
34.335	2.757E-4	4.408E-2
34.344	2.389E-4	4.408E-2
34.352	6.997E-5	4.409E-2
34.360	-1.259E-4	4.410E-2
34.369	-3.657E-4	4.411E-2
34.377	-6.115E-4	4.413E-2
34.386	-8.177E-4	4.412E-2
34.394	-9.534E-4	4.412E-2
34.402	-1.086E-3	4.412E-2
34.411	-1.118E-3	4.411E-2
34.419	-1.063E-3	4.410E-2
34.427	-9.310E-4	4.407E-2
34.436	-7.272E-4	4.406E-2
34.444	-4.977E-4	4.407E-2
34.453	-2.516E-4	4.404E-2
34.461	-1.731E-5	4.405E-2
34.469	1.384E-4	4.406E-2
34.478	2.455E-4	4.407E-2
34.486	2.754E-4	4.409E-2
34.494	2.687E-4	4.410E-2
34.503	1.299E-4	4.414E-2
34.511	-2.986E-5	4.420E-2
34.520	-2.363E-4	4.427E-2
34.528	-4.536E-4	4.429E-2
34.536	-6.688E-4	4.430E-2
34.545	-8.590E-4	4.430E-2
34.553	-9.574E-4	4.428E-2
34.561	-1.039E-3	4.423E-2
34.570	-1.037E-3	4.420E-2
34.578	-9.236E-4	4.416E-2
34.587	-7.835E-4	4.410E-2
34.595	-6.244E-4	4.409E-2
34.603	-4.078E-4	4.405E-2
34.612	-1.904E-4	4.406E-2
34.620	1.041E-5	4.407E-2
34.628	1.773E-4	4.410E-2
34.637	2.497E-4	4.414E-2
34.645	2.511E-4	4.417E-2
34.654	2.165E-4	4.421E-2
34.662	4.204E-5	4.433E-2
34.670	-1.668E-4	4.435E-2
34.679	-3.939E-4	4.436E-2
34.687	-6.215E-4	4.436E-2
34.695	-8.072E-4	4.434E-2
34.704	-9.290E-4	4.430E-2
34.712	-1.004E-3	4.423E-2
34.721	-1.060E-3	4.415E-2
34.729	-9.691E-4	4.408E-2
34.737	-8.731E-4	4.402E-2
34.746	-6.879E-4	4.397E-2
34.754	-4.637E-4	4.399E-2
34.762	-2.370E-4	4.397E-2
34.771	-2.472E-5	4.403E-2
34.779	1.011E-4	4.408E-2
34.788	2.215E-4	4.414E-2
34.796	2.467E-4	4.423E-2
34.804	2.399E-4	4.434E-2
34.813	7.278E-5	4.441E-2
34.821	-8.696E-5	4.445E-2
34.829	-2.775E-4	4.451E-2
34.838	-4.669E-4	4.451E-2
34.846	-6.676E-4	4.449E-2
34.855	-8.471E-4	4.447E-2
34.863	-9.134E-4	4.435E-2
34.871	-9.378E-4	4.425E-2
34.880	-9.035E-4	4.414E-2
34.888	-8.531E-4	4.405E-2
34.896	-6.855E-4	4.398E-2
34.905	-4.996E-4	4.400E-2
34.913	-2.962E-4	4.400E-2
34.922	-1.537E-4	4.402E-2
34.930	2.796E-5	4.408E-2
34.938	1.307E-4	4.416E-2
34.947	1.904E-4	4.427E-2
34.955	1.983E-4	4.438E-2
34.964	9.573E-5	4.448E-2
34.972	-1.350E-5	4.455E-2
34.980	-1.945E-4	4.459E-2
34.989	-4.037E-4	4.458E-2
34.997	-6.042E-4	4.454E-2
35.005	-7.269E-4	4.449E-2
35.014	-8.750E-4	4.438E-2
35.022	-8.931E-4	4.425E-2
35.031	-9.057E-4	4.412E-2
35.039	-8.713E-4	4.401E-2
35.047	-7.367E-4	4.390E-2
35.056	-6.090E-4	4.384E-2
35.064	-4.288E-4	4.384E-2
35.072	-2.254E-4	4.386E-2
35.081	-4.859E-5	4.392E-2
35.089	6.408E-5	4.405E-2
35.098	1.284E-4	4.416E-2
35.106	1.214E-4	4.431E-2
35.114	7.639E-5	4.442E-2
35.123	-9.310E-6	4.456E-2
35.131	-1.813E-4	4.460E-2
35.139	-3.479E-4	4.461E-2
35.148	-5.041E-4	4.456E-2
35.156	-6.719E-4	4.449E-2
35.165	-7.871E-4	4.437E-2
35.173	-8.949E-4	4.421E-2
35.181	-9.008E-4	4.409E-2
35.190	-8.944E-4	4.394E-2
35.198	-8.075E-4	4.382E-2
35.206	-6.880E-4	4.376E-2
35.215	-5.037E-4	4.378E-2
35.223	-3.489E-4	4.379E-2
35.232	-2.102E-4	4.388E-2
35.240	-3.701E-5	4.400E-2
35.248	3.737E-5	4.415E-2
35.257	5.971E-5	4.431E-2
35.265	4.704E-5	4.446E-2
35.273	1.673E-5	4.459E-2
35.282	-1.218E-4	4.468E-2
35.290	-2.453E-4	4.472E-2
35.299	-4.171E-4	4.473E-2
35.307	-5.751E-4	4.462E-2
35.315	-6.900E-4	4.449E-2
35.324	-7.858E-4	4.432E-2
35.332	-8.629E-4	4.414E-2
35.340	-8.765E-4	4.397E-2
35.349	-8.313E-4	4.386E-2
35.357	-7.190E-4	4.376E-2
35.366	-6.133E-4	4.375E-2
35.374	-4.681E-4	4.377E-2
35.382	-3.017E-4	4.387E-2
35.391	-2.147E-4	4.399E-2
35.399	-9.052E-5	4.416E-2
35.407	-2.874E-5	4.431E-2
35.416	-3.355E-6	4.450E-2
35.424	-4.424E-6	4.464E-2
35.433	-9.345E-5	4.473E-2
35.441	-2.237E-4	4.477E-2
35.449	-3.496E-4	4.476E-2
35.458	-4.683E-4	4.469E-2
35.466	-6.215E-4	4.455E-2
35.474	-6.984E-4	4.438E-2
35.483	-7.208E-4	4.418E-2
35.491	-7.411E-4	4.399E-2
35.500	-7.186E-4	4.384E-2
35.508	-6.675E-4	4.373E-2
35.516	-6.172E-4	4.368E-2
35.525	-4.762E-4	4.367E-2
35.533	-3.777E-4	4.375E-2
35.541	-2.337E-4	4.389E-2
35.550	-1.564E-4	4.407E-2
35.558	-6.295E-5	4.426E-2
35.567	-2.908E-5	4.445E-2
35.575	-1.296E-5	4.462E-2
35.583	-7.548E-6	4.474E-2
35.592	-1.198E-4	4.479E-2
35.600	-2.214E-4	4.478E-2
35.609	-3.537E-4	4.473E-2
35.617	-4.544E-4	4.459E-2
35.625	-5.801E-4	4.440E-2
35.634	-6.407E-4	4.418E-2
35.642	-6.738E-4	4.398E-2
35.650	-6.988E-4	4.383E-2
35.659	-6.796E-4	4.369E-2
35.667	-6.487E-4	4.361E-2
35.676	-5.894E-4	4.361E-2
35.684	-4.696E-4	4.365E-2
35.692	-3.931E-4	4.380E-2
35.701	-2.598E-4	4.398E-2
35.709	-1.951E-4	4.418E-2
35.717	-1.487E-4	4.436E-2
35.726	-1.139E-4	4.454E-2
35.734	-1.327E-4	4.468E-2
35.743	-1.578E-4	4.477E-2
35.751	-2.115E-4	4.478E-2
35.759	-2.998E-4	4.474E-2
35.768	-4.332E-4	4.461E-2
35.776	-4.892E-4	4.442E-2
35.784	-5.990E-4	4.425E-2
35.793	-6.306E-4	4.406E-2
35.801	-6.845E-4	4.386E-2
35.810	-6.973E-4	4.371E-2
35.818	-6.820E-4	4.361E-2
35.826	-6.444E-4	4.360E-2
35.835	-5.956E-4	4.363E-2
35.843	-4.886E-4	4.377E-2
35.851	-4.194E-4	4.395E-2
35.860	-3.135E-4	4.413E-2
35.868	-2.655E-4	4.433E-2
35.877	-2.073E-4	4.452E-2
35.885	-1.819E-4	4.470E-2
35.893	-1.844E-4	4.479E-2
35.902	-1.881E-4	4.480E-2
35.910	-2.287E-4	4.476E-2
35.918	-2.690E-4	4.464E-2
35.927	-3.804E-4	4.446E-2
35.935	-4.458E-4	4.428E-2
35.944	-4.746E-4	4.407E-2
35.952	-5.945E-4	4.387E-2
35.960	-6.458E-4	4.370E-2
35.969	-6.611E-4	4.359E-2
35.977	-6.584E-4	4.358E-2
35.985	-6.404E-4	4.362E-2
35.994	-6.344E-4	4.372E-2
36.002	-4.939E-4	4.387E-2
36.011	-4.268E-4	4.407E-2
36.019	-3.592E-4	4.428E-2
36.027	-2.943E-4	4.448E-2
36.036	-2.407E-4	4.466E-2
36.044	-2.251E-4	4.479E-2
36.052	-2.099E-4	4.481E-2
36.061	-1.990E-4	4.478E-2
36.069	-2.130E-4	4.469E-2
36.078	-2.419E-4	4.454E-2
36.086	-3.408E-4	4.434E-2
36.094	-4.268E-4	4.412E-2
36.103	-4.574E-4	4.391E-2
36.111	-5.627E-4	4.373E-2
36.119	-6.457E-4	4.363E-2
36.128	-6.680E-4	4.359E-2
36.136	-6.695E-4	4.361E-2
36.145	-6.576E-4	4.371E-2
36.153	-6.486E-4	4.386E-2
36.161	-5.170E-4	4.406E-2
36.170	-4.409E-4	4.426E-2
36.178	-3.811E-4	4.446E-2
36.186	-2.742E-4	4.464E-2
36.195	-2.071E-4	4.475E-2
36.203	-1.763E-4	4.477E-2
36.212	-1.759E-4	4.478E-2
36.220	-1.692E-4	4.472E-2
36.228	-1.919E-4	4.457E-2
36.237	-2.252E-4	4.438E-2
36.245	-2.751E-4	4.414E-2
36.253	-3.302E-4	4.393E-2
36.262	-4.542E-4	4.376E-2
36.270	-5.489E-4	4.364E-2
36.279	-6.448E-4	4.359E-2
36.287	-6.755E-4	4.360E-2
36.295	-6.777E-4	4.366E-2
36.304	-6.733E-4	4.382E-2
36.312	-6.646E-4	4.401E-2
36.321	-5.398E-4	4.421E-2
36.329	-4.700E-4	4.442E-2
36.337	-4.047E-4	4.457E-2
36.346	-2.731E-4	4.470E-2
36.354	-2.041E-4	4.477E-2
36.362	-1.592E-4	4.477E-2
36.371	-1.267E-4	4.472E-2
36.379	-1.393E-4	4.459E-2
36.388	-1.638E-4	4.440E-2
36.396	-2.290E-4	4.420E-2
36.404	-2.779E-4	4.403E-2
36.413	-3.378E-4	4.385E-2
36.421	-4.790E-4	4.373E-2
36.429	-6.030E-4	4.367E-2
36.438	-6.721E-4	4.364E-2
36.446	-6.968E-4	4.369E-2
36.455	-6.949E-4	4.381E-2
36.463	-6.857E-4	4.399E-2
36.471	-6.447E-4	4.417E-2
36.480	-5.856E-4	4.435E-2
36.488	-4.682E-4	4.452E-2
36.496	-3.759E-4	4.464E-2
36.505	-2.423E-4	4.472E-2
36.513	-1.787E-4	4.474E-2
36.522	-1.109E-4	4.471E-2
36.530	-4.934E-5	4.460E-2
36.538	-3.071E-5	4.443E-2
36.547	-7.194E-5	4.428E-2
36.555	-1.951E-4	4.410E-2
36.563	-2.566E-4	4.390E-2
36.572	-3.934E-4	4.378E-2
36.580	-4.894E-4	4.369E-2
36.589	-6.253E-4	4.366E-2
36.597	-6.816E-4	4.369E-2
36.605	-7.163E-4	4.380E-2
36.614	-7.051E-4	4.393E-2
36.622	-6.919E-4	4.410E-2
36.630	-6.347E-4	4.429E-2
36.639	-5.337E-4	4.445E-2
36.647	-4.352E-4	4.459E-2
36.656	-2.996E-4	4.468E-2
36.664	-2.080E-4	4.471E-2
36.672	-1.015E-4	4.471E-2
36.681	-2.654E-5	4.461E-2
36.689	9.659E-6	4.447E-2
36.697	1.241E-5	4.431E-2
36.706	-4.286E-5	4.413E-2
36.714	-1.716E-4	4.396E-2
36.723	-2.562E-4	4.382E-2
36.731	-4.112E-4	4.375E-2
36.739	-5.693E-4	4.372E-2
36.748	-6.741E-4	4.374E-2
36.756	-7.344E-4	4.384E-2
36.764	-7.908E-4	4.395E-2
36.773	-8.231E-4	4.410E-2
36.781	-7.593E-4	4.427E-2
36.790	-6.877E-4	4.442E-2
36.798	-5.687E-4	4.452E-2
36.806	-4.440E-4	4.460E-2
36.815	-2.585E-4	4.461E-2
36.823	-1.471E-4	4.459E-2
36.831	-1.614E-5	4.451E-2
36.840	3.279E-5	4.439E-2
36.848	3.912E-5	4.425E-2
36.857	1.083E-5	4.410E-2
36.865	-5.721E-5	4.395E-2
36.873	-1.916E-4	4.382E-2
36.882	-3.628E-4	4.376E-2
36.890	-4.911E-4	4.372E-2
36.898	-6.542E-4	4.370E-2
36.907	-7.415E-4	4.377E-2
36.915	-8.428E-4	4.389E-2
36.924	-8.578E-4	4.403E-2
36.932	-8.656E-4	4.417E-2
36.940	-7.344E-4	4.431E-2
36.949	-6.372E-4	4.440E-2
36.957	-4.592E-4	4.449E-2
36.965	-2.925E-4	4.454E-2
36.974	-1.854E-4	4.454E-2
36.982	-2.556E-5	4.449E-2
36.991	5.506E-5	4.438E-2
36.999	8.516E-5	4.428E-2
37.007	6.713E-5	4.413E-2
37.016	8.829E-6	4.403E-2
37.024	-1.364E-4	4.390E-2
37.033	-2.668E-4	4.383E-2
37.041	-4.402E-4	4.379E-2
37.049	-6.306E-4	4.382E-2
37.058	-7.319E-4	4.386E-2
37.066	-8.662E-4	4.393E-2
37.074	-9.009E-4	4.405E-2
37.083	-8.988E-4	4.416E-2
37.091	-8.582E-4	4.428E-2
37.100	-7.032E-4	4.437E-2
37.108	-5.846E-4	4.443E-2
37.116	-4.178E-4	4.452E-2
37.125	-2.212E-4	4.452E-2
37.133	-2.996E-5	4.452E-2
37.141	5.880E-5	4.440E-2
37.150	1.164E-4	4.429E-2
37.158	1.251E-4	4.417E-2
37.167	4.516E-5	4.407E-2
37.175	-3.694E-5	4.397E-2
37.183	-2.020E-4	4.393E-2
37.192	-3.876E-4	4.387E-2
37.200	-5.750E-4	4.386E-2
37.208	-7.208E-4	4.389E-2
37.217	-8.759E-4	4.394E-2
37.225	-9.213E-4	4.404E-2
37.234	-9.160E-4	4.413E-2
37.242	-9.079E-4	4.424E-2
37.250	-8.132E-4	4.432E-2
37.259	-6.747E-4	4.436E-2
37.267	-4.703E-4	4.438E-2
37.275	-2.739E-4	4.437E-2
37.284	-9.857E-5	4.435E-2
37.292	3.391E-5	4.429E-2
37.301	1.377E-4	4.423E-2
37.309	1.819E-4	4.414E-2
37.317	1.647E-4	4.407E-2
37.326	2.768E-5	4.402E-2
37.334	-1.060E-4	4.400E-2
37.342	-2.846E-4	4.399E-2
37.351	-4.644E-4	4.396E-2
37.359	-6.667E-4	4.403E-2
37.368	-8.222E-4	4.408E-2
37.376	-9.172E-4	4.412E-2
37.384	-9.430E-4	4.417E-2
37.393	-9.267E-4	4.422E-2
37.401	-8.765E-4	4.433E-2
37.409	-7.030E-4	4.436E-2
37.418	-5.442E-4	4.435E-2
37.426	-3.894E-4	4.435E-2
37.435	-1.927E-4	4.434E-2
37.443	4.200E-6	4.432E-2
37.451	1.092E-4	4.425E-2
37.460	1.960E-4	4.418E-2
37.468	2.114E-4	4.410E-2
37.476	1.270E-4	4.407E-2
37.485	3.843E-6	4.404E-2
37.493	-1.888E-4	4.405E-2
37.502	-3.974E-4	4.405E-2
37.510	-6.152E-4	4.407E-2
37.518	-7.621E-4	4.410E-2
37.527	-9.223E-4	4.412E-2
37.535	-9.587E-4	4.416E-2
37.543	-9.450E-4	4.414E-2
37.552	-9.178E-4	4.423E-2
37.560	-8.137E-4	4.428E-2
37.569	-6.594E-4	4.429E-2
37.577	-4.430E-4	4.430E-2
37.585	-2.284E-4	4.429E-2
37.594	-2.537E-5	4.429E-2
37.602	9.315E-5	4.424E-2
37.610	2.137E-4	4.420E-2
37.619	2.426E-4	4.419E-2
37.627	2.125E-4	4.414E-2
37.636	7.502E-5	4.411E-2
37.644	-8.538E-5	4.411E-2
37.652	-2.819E-4	4.410E-2
37.661	-4.711E-4	4.410E-2
37.669	-6.623E-4	4.411E-2
37.677	-8.422E-4	4.413E-2
37.686	-9.150E-4	4.415E-2
37.694	-9.440E-4	4.414E-2
37.703	-9.264E-4	4.413E-2
37.711	-8.428E-4	4.414E-2
37.719	-6.740E-4	4.413E-2
37.728	-4.843E-4	4.412E-2
37.736	-2.760E-4	4.410E-2
37.745	-7.786E-5	4.409E-2
37.753	5.995E-5	4.408E-2
37.761	1.985E-4	4.406E-2
37.770	2.610E-4	4.407E-2
37.778	2.477E-4	4.407E-2
37.786	1.463E-4	4.408E-2
37.795	5.746E-6	4.409E-2
37.803	-1.907E-4	4.409E-2
37.812	-4.151E-4	4.413E-2
37.820	-6.278E-4	4.412E-2
37.828	-7.950E-4	4.413E-2
37.837	-9.129E-4	4.413E-2
37.845	-9.478E-4	4.412E-2
37.853	-9.347E-4	4.411E-2
37.862	-8.803E-4	4.408E-2
37.870	-7.485E-4	4.407E-2
37.879	-5.771E-4	4.406E-2
37.887	-4.034E-4	4.406E-2
37.895	-1.955E-4	4.406E-2
37.904	3.191E-6	4.407E-2
37.912	1.131E-4	4.407E-2
37.920	2.155E-4	4.408E-2
37.929	2.345E-4	4.410E-2
37.937	1.827E-4	4.413E-2
37.946	5.935E-5	4.414E-2
37.954	-1.363E-4	4.414E-2
37.962	-3.375E-4	4.415E-2
37.971	-5.416E-4	4.419E-2
37.979	-7.212E-4	4.424E-2
37.987	-8.818E-4	4.426E-2
37.996	-9.268E-4	4.422E-2
38.004	-9.351E-4	4.424E-2
38.013	-9.150E-4	4.418E-2
38.021	-8.264E-4	4.410E-2
38.029	-6.649E-4	4.407E-2
38.038	-4.631E-4	4.407E-2
38.046	-2.597E-4	4.404E-2
38.054	-6.891E-5	4.405E-2
38.063	4.784E-5	4.406E-2
38.071	1.713E-4	4.410E-2
38.080	1.921E-4	4.414E-2
38.088	1.681E-4	4.419E-2
38.096	3.205E-5	4.424E-2
38.105	-1.098E-4	4.431E-2
38.113	-2.812E-4	4.431E-2
38.121	-4.625E-4	4.435E-2
38.130	-6.644E-4	4.434E-2
38.138	-8.119E-4	4.431E-2
38.147	-9.126E-4	4.427E-2
38.155	-9.317E-4	4.422E-2
38.163	-9.195E-4	4.417E-2
38.172	-8.690E-4	4.408E-2
38.180	-7.004E-4	4.404E-2
38.188	-5.474E-4	4.399E-2
38.197	-3.976E-4	4.400E-2
38.205	-2.092E-4	4.402E-2
38.214	-1.034E-5	4.403E-2
38.222	7.689E-5	4.411E-2
38.230	1.327E-4	4.416E-2
38.239	1.112E-4	4.425E-2
38.247	3.568E-5	4.433E-2
38.255	-4.245E-5	4.438E-2
38.264	-2.174E-4	4.438E-2
38.272	-4.074E-4	4.438E-2
38.281	-5.930E-4	4.438E-2
38.289	-7.235E-4	4.433E-2
38.297	-8.677E-4	4.429E-2
38.306	-9.135E-4	4.420E-2
38.314	-9.084E-4	4.412E-2
38.322	-9.009E-4	4.404E-2
38.331	-7.470E-4	4.397E-2
38.339	-6.279E-4	4.392E-2
38.348	-4.422E-4	4.390E-2
38.356	-2.477E-4	4.388E-2
38.364	-9.395E-5	4.391E-2
38.373	2.309E-5	4.396E-2
38.381	8.169E-5	4.409E-2
38.389	9.247E-5	4.420E-2
38.398	5.097E-5	4.433E-2
38.406	-2.885E-6	4.439E-2
38.415	-1.725E-4	4.445E-2
38.423	-3.314E-4	4.448E-2
38.431	-4.863E-4	4.451E-2
38.440	-6.644E-4	4.448E-2
38.448	-7.607E-4	4.441E-2
38.457	-8.957E-4	4.430E-2
38.465	-9.135E-4	4.417E-2
38.473	-9.037E-4	4.405E-2
38.482	-8.139E-4	4.394E-2
38.490	-6.939E-4	4.386E-2
38.498	-5.278E-4	4.383E-2
38.507	-4.119E-4	4.384E-2
38.515	-2.381E-4	4.388E-2
38.524	-9.631E-5	4.395E-2
38.532	-2.463E-6	4.406E-2
38.540	3.256E-5	4.418E-2
38.549	3.066E-5	4.430E-2
38.557	-3.922E-6	4.439E-2
38.565	-1.348E-4	4.446E-2
38.574	-2.549E-4	4.451E-2
38.582	-4.239E-4	4.452E-2
38.591	-5.673E-4	4.450E-2
38.599	-6.947E-4	4.441E-2
38.607	-7.923E-4	4.429E-2
38.616	-8.797E-4	4.415E-2
38.624	-8.808E-4	4.403E-2
38.632	-8.433E-4	4.390E-2
38.641	-7.233E-4	4.381E-2
38.649	-6.288E-4	4.378E-2
38.658	-4.632E-4	4.380E-2
38.666	-3.052E-4	4.384E-2
38.674	-2.132E-4	4.391E-2
38.683	-8.124E-5	4.404E-2
38.691	-3.070E-5	4.417E-2
38.699	9.787E-7	4.432E-2
38.708	-6.435E-6	4.444E-2
38.716	-8.219E-5	4.455E-2
38.725	-2.241E-4	4.460E-2
38.733	-3.564E-4	4.459E-2
38.741	-4.741E-4	4.455E-2
38.750	-6.278E-4	4.446E-2
38.758	-7.002E-4	4.435E-2
38.766	-7.461E-4	4.417E-2
38.775	-7.807E-4	4.404E-2
38.783	-8.104E-4	4.390E-2
38.792	-7.204E-4	4.379E-2
38.800	-6.517E-4	4.374E-2
38.808	-4.944E-4	4.375E-2
38.817	-3.897E-4	4.382E-2
38.825	-2.473E-4	4.389E-2
38.833	-1.621E-4	4.401E-2
38.842	-9.915E-5	4.418E-2
38.850	-3.091E-5	4.432E-2
38.859	-1.124E-5	4.445E-2
38.867	-4.793E-5	4.458E-2
38.875	-1.449E-4	4.467E-2
38.884	-2.339E-4	4.470E-2
38.892	-3.579E-4	4.471E-2
38.900	-4.686E-4	4.458E-2
38.909	-6.044E-4	4.446E-2
38.917	-6.698E-4	4.431E-2
38.926	-6.987E-4	4.413E-2
38.934	-6.916E-4	4.396E-2
38.942	-6.804E-4	4.386E-2
38.951	-6.310E-4	4.379E-2
38.959	-5.302E-4	4.377E-2
38.967	-4.463E-4	4.379E-2
38.976	-3.573E-4	4.389E-2
38.984	-2.372E-4	4.402E-2
38.993	-1.838E-4	4.420E-2
39.001	-1.221E-4	4.438E-2
39.009	-1.121E-4	4.452E-2
39.018	-1.432E-4	4.465E-2
39.026	-1.987E-4	4.477E-2
39.034	-2.437E-4	4.478E-2
39.043	-3.377E-4	4.477E-2
39.051	-4.223E-4	4.466E-2
39.060	-5.216E-4	4.455E-2
39.068	-6.677E-4	4.437E-2
39.076	-7.003E-4	4.418E-2
39.085	-7.032E-4	4.399E-2
39.093	-6.932E-4	4.386E-2
39.102	-6.845E-4	4.377E-2
39.110	-6.339E-4	4.373E-2
39.118	-5.091E-4	4.378E-2
39.127	-4.354E-4	4.386E-2
39.135	-3.529E-4	4.397E-2
39.143	-2.450E-4	4.416E-2
39.152	-2.106E-4	4.432E-2
39.160	-1.657E-4	4.450E-2
39.169	-1.611E-4	4.464E-2
39.177	-1.766E-4	4.474E-2
39.185	-2.211E-4	4.478E-2
39.194	-2.438E-4	4.478E-2
39.202	-2.528E-4	4.469E-2
39.210	-4.094E-4	4.456E-2
39.219	-4.612E-4	4.438E-2
39.227	-5.088E-4	4.419E-2
39.236	-5.992E-4	4.404E-2
39.244	-6.344E-4	4.388E-2
39.252	-6.436E-4	4.377E-2
39.261	-6.338E-4	4.371E-2
39.269	-5.906E-4	4.369E-2
39.277	-4.951E-4	4.376E-2
39.286	-4.339E-4	4.389E-2
39.294	-3.736E-4	4.406E-2
39.303	-3.534E-4	4.424E-2
39.311	-2.409E-4	4.444E-2
39.319	-2.113E-4	4.460E-2
39.328	-1.975E-4	4.472E-2
39.336	-1.996E-4	4.478E-2
39.344	-2.112E-4	4.478E-2
39.353	-2.268E-4	4.473E-2
39.361	-2.594E-4	4.459E-2
39.370	-3.919E-4	4.441E-2
39.378	-4.445E-4	4.422E-2
39.386	-4.830E-4	4.405E-2
39.395	-5.594E-4	4.387E-2
39.403	-6.031E-4	4.376E-2
39.411	-6.258E-4	4.370E-2
39.420	-6.347E-4	4.367E-2
39.428	-6.013E-4	4.371E-2
39.437	-5.953E-4	4.382E-2
39.445	-4.788E-4	4.399E-2
39.453	-4.252E-4	4.418E-2
39.462	-4.000E-4	4.435E-2
39.470	-2.684E-4	4.452E-2
39.478	-2.221E-4	4.464E-2
39.487	-2.060E-4	4.471E-2
39.495	-2.015E-4	4.474E-2
39.504	-2.068E-4	4.474E-2
39.512	-2.077E-4	4.457E-2
39.520	-2.791E-4	4.442E-2
39.529	-3.495E-4	4.422E-2
39.537	-4.284E-4	4.406E-2
39.545	-4.676E-4	4.387E-2
39.554	-5.302E-4	4.375E-2
39.562	-5.767E-4	4.367E-2
39.571	-6.212E-4	4.365E-2
39.579	-6.565E-4	4.368E-2
39.587	-6.381E-4	4.379E-2
39.596	-5.846E-4	4.393E-2
39.604	-5.158E-4	4.410E-2
39.612	-4.535E-4	4.430E-2
39.621	-3.943E-4	4.447E-2
39.629	-2.787E-4	4.461E-2
39.638	-2.165E-4	4.469E-2
39.646	-1.993E-4	4.474E-2
39.654	-1.913E-4	4.472E-2
39.663	-1.920E-4	4.461E-2
39.671	-1.991E-4	4.446E-2
39.679	-2.504E-4	4.429E-2
39.688	-3.025E-4	4.411E-2
39.696	-4.299E-4	4.392E-2
39.705	-4.711E-4	4.378E-2
39.713	-5.396E-4	4.368E-2
39.721	-6.126E-4	4.365E-2
39.730	-6.679E-4	4.367E-2
39.738	-6.674E-4	4.377E-2
39.746	-6.637E-4	4.390E-2
39.755	-6.149E-4	4.407E-2
39.763	-5.105E-4	4.427E-2
39.772	-4.436E-4	4.444E-2
39.780	-3.716E-4	4.459E-2
39.788	-2.599E-4	4.469E-2
39.797	-2.055E-4	4.475E-2
39.805	-1.741E-4	4.474E-2
39.814	-1.671E-4	4.464E-2
39.822	-1.736E-4	4.449E-2
39.830	-1.982E-4	4.434E-2
39.839	-2.399E-4	4.414E-2
39.847	-3.314E-4	4.396E-2
39.855	-4.386E-4	4.385E-2
39.864	-4.915E-4	4.374E-2
39.872	-5.981E-4	4.375E-2
39.881	-6.513E-4	4.377E-2
39.889	-6.801E-4	4.384E-2
39.897	-6.782E-4	4.394E-2
39.906	-6.652E-4	4.410E-2
39.914	-6.244E-4	4.427E-2
39.922	-5.113E-4	4.444E-2
39.931	-4.298E-4	4.458E-2
39.939	-3.267E-4	4.470E-2
39.948	-2.360E-4	4.472E-2
39.956	-1.824E-4	4.475E-2
39.964	-1.350E-4	4.469E-2
39.973	-1.447E-4	4.456E-2
39.981	-1.547E-4	4.441E-2
39.989	-2.044E-4	4.422E-2
39.998	-2.470E-4	4.407E-2
40.006	-3.643E-4	4.392E-2
40.015	-4.635E-4	4.382E-2
40.023	-5.726E-4	4.380E-2
40.031	-6.701E-4	4.380E-2
40.040	-7.026E-4	4.385E-2
40.048	-7.110E-4	4.394E-2
40.056	-6.978E-4	4.408E-2
40.065	-6.686E-4	4.424E-2
40.073	-6.228E-4	4.440E-2
40.082	-4.867E-4	4.451E-2
40.090	-4.031E-4	4.462E-2
40.098	-2.558E-4	4.465E-2
40.107	-1.712E-4	4.469E-2
40.115	-9.309E-5	4.464E-2
40.123	-3.960E-5	4.452E-2
40.132	-1.765E-5	4.439E-2
40.140	-8.513E-6	4.421E-2
40.149	-1.262E-4	4.409E-2
40.157	-2.103E-4	4.394E-2
40.165	-3.478E-4	4.383E-2
40.174	-4.617E-4	4.381E-2
40.182	-6.133E-4	4.381E-2
40.190	-6.806E-4	4.384E-2
40.199	-7.169E-4	4.390E-2
40.207	-7.281E-4	4.404E-2
40.216	-6.929E-4	4.418E-2
40.224	-6.474E-4	4.431E-2
40.232	-5.867E-4	4.442E-2
40.241	-4.487E-4	4.456E-2
40.249	-3.332E-4	4.460E-2
40.257	-2.120E-4	4.459E-2
40.266	-1.024E-4	4.456E-2
40.274	-2.265E-5	4.448E-2
40.283	1.818E-6	4.436E-2
40.291	1.124E-5	4.421E-2
40.299	-1.607E-5	4.410E-2
40.308	-1.433E-4	
40.316	-2.402E-4	
40.324	-4.042E-4	
40.333	-5.179E-4	
40.341	-6.431E-4	
40.350	-7.028E-4	
40.358	-7.547E-4	
40.366	-8.063E-4	
40.375	-7.480E-4	
40.383	-6.623E-4	
40.391	-5.481E-4	
40.400	-4.317E-4	
40.408	-2.510E-4	
40.417	-1.494E-4	
40.425	-9.218E-6	
40.433	4.050E-5	
40.442	4.172E-5	
40.450	3.191E-5	
40.458	-4.532E-5	
40.467	-1.804E-4	
40.475	-3.389E-4	
40.484	-4.756E-4	
40.492	-6.443E-4	
40.500	-7.217E-4	
40.509	-8.322E-4	
40.517	-8.671E-4	
40.526	-8.563E-4	
40.534	-7.419E-4	
40.542	-6.473E-4	
40.551	-4.680E-4	
40.559	-3.309E-4	
40.567	-1.972E-4	
40.576	-3.412E-5	
40.584	4.350E-5	
40.593	6.718E-5	
40.601	5.857E-5	
40.609	1.408E-5	
40.618	-1.213E-4	
40.626	-2.521E-4	
40.634	-4.302E-4	
40.643	-6.121E-4	
40.651	-7.119E-4	
40.660	-8.467E-4	
40.668	-8.956E-4	
40.676	-8.947E-4	
40.685	-8.531E-4	
40.693	-7.091E-4	
40.701	-5.974E-4	
40.710	-4.291E-4	
40.718	-2.354E-4	
40.727	-8.511E-5	
40.735	1.228E-5	
40.743	6.407E-5	
40.752	5.867E-5	
40.760	2.741E-5	
40.768	-3.351E-5	
40.777	-1.997E-4	
40.785	-3.789E-4	
40.794	-5.454E-4	
40.802	-7.087E-4	
40.810	-8.488E-4	
40.819	-9.057E-4	
40.827	-9.207E-4	
40.835	-8.976E-4	
40.844	-8.017E-4	
40.852	-6.783E-4	
40.861	-4.796E-4	
40.869	-3.022E-4	
40.877	-1.777E-4	
40.886	-8.876E-6	
40.894	6.198E-5	
40.902	8.042E-5	
40.911	7.036E-5	
40.919	1.028E-6	
40.928	-1.521E-4	
40.936	-3.030E-4	
40.944	-4.956E-4	
40.953	-6.751E-4	
40.961	-8.118E-4	
40.969	-9.159E-4	
40.978	-9.328E-4	
40.986	-9.169E-4	
40.995	-8.708E-4	
41.003	-7.116E-4	
41.011	-5.688E-4	
41.020	-4.078E-4	
41.028	-2.196E-4	
41.036	-2.935E-5	
41.045	5.974E-5	
41.053	1.171E-4	
